email_id,vendor_id,subject,body,date
MAIL00001,V00064,Investment out poor baby look.,Seven somebody avoid some author. Nature test end appear team require. Media example without arrive. vendor,2026-03-05
MAIL00002,V00252,Standard phone major star guess number.,Sort once Republican remain school thousand financial. Really book western election. Old power model thought see. bank details,2024-07-23
MAIL00003,V00212,List charge hold head always describe.,Fish figure yes cut society leg prevent behind. Look bring recent. bank details,2025-06-12
MAIL00004,V00195,Clear stop yes follow rest.,Industry go appear reduce until. Individual early produce customer difference vote sort industry. Q4,2024-09-16
MAIL00005,V00078,Network enter talk thought list hundred writer.,Professor bad give then tell less reflect. Know color smile thus. Write answer point must. vendor,2025-06-27
MAIL00006,V00080,Maybe center several reveal likely several under.,Job doctor during up cut. Before data learn later item administration. Success rock discussion ok class organization. bank details,2026-05-24
MAIL00007,V00118,Exist experience soon wrong difference when.,Guy international knowledge. approval,2025-07-04
MAIL00008,V00169,Size that quite remain cover class.,Have somebody line reality. Continue without down any seek. urgent payment,2025-06-15
MAIL00009,V00035,American radio international tax final place production standard.,Produce his song these. Care reason specific group notice positive news. Person something thus image big film. Seven low age thought. consulting,2026-01-10
MAIL00010,V00004,Find although contain range fast.,Trial material then form. Buy now head image detail keep fact. Wife Democrat worker American sing. approval,2025-07-27
MAIL00011,V00058,Money push religious staff respond audience.,Order fire should student American. vendor,2025-03-12
MAIL00012,V00090,Religious require party instead piece.,Mother leg child down character. Candidate avoid role final action military. Q4,2025-12-19
MAIL00013,V00241,Possible never development middle American sister.,Traditional soon growth red be movement. Career note quality design wish woman support community. Factor everybody piece among themselves rather. Q4,2024-08-08
MAIL00014,V00070,Still kind create discussion.,Finally something bank result question Mr say. Shoulder where black economy fact sport behavior fall. urgent payment,2025-02-15
MAIL00015,V00333,Suggest idea type history start probably white.,Policy field medical friend friend heart TV main. Example company southern just little rate. urgent payment,2025-03-28
MAIL00016,V00232,Of card force board go sport suffer.,Relationship it role network. Audience water public table. Choose medical teacher well fill paper. consulting,2026-06-21
MAIL00017,V00153,Live until offer those article.,Authority five among big service follow. Sound push debate form yeah color. War data resource nice dark. vendor,2025-04-03
MAIL00018,V00333,Serve voice nor do about.,Rock focus chance doctor. Once policy heavy north course wait. Word personal culture beat degree establish institution. invoice,2026-01-01
MAIL00019,V00329,Letter network low another second activity discussion.,West agreement film space billion participant. Song avoid answer cup wind agree executive with. Thus sit performance. invoice,2025-06-04
MAIL00020,V00048,Up cover good impact great kid.,Affect somebody question old determine create hear. Great rate for. Price white hold try. approval,2025-03-11
MAIL00021,V00153,Toward brother door right ahead.,Against century financial himself follow good modern. consulting,2024-07-15
MAIL00022,V00079,Return but indicate keep.,Much language probably class point. Party view film exactly each involve thought. Shoulder senior sure accept financial. consulting,2025-10-27
MAIL00023,V00226,While learn easy interview week or.,Partner feeling Democrat make grow answer indicate. Hotel situation speech play. urgent payment,2026-03-09
MAIL00024,V00211,Own buy follow spring.,Teach parent there thing enough board fast. Wish edge film such Congress Democrat. Dream knowledge table doctor energy. urgent payment,2025-11-09
MAIL00025,V00060,Phone speak after sing.,Like job laugh great mother ten. Suddenly effort fill wrong system probably statement. vendor,2026-06-17
MAIL00026,V00277,Early compare wide step by including yes.,Stage attack another wonder bad happen yourself. Several others five lead. consulting,2024-11-04
MAIL00027,V00153,Senior industry agreement many fear collection entire.,Focus task hour yeah indeed. His team owner develop law stay. vendor,2024-10-15
MAIL00028,V00161,Military even statement south allow.,Myself issue whole participant improve chance skin you. Firm card nice left describe. Rise cell involve wait chair can nor. approval,2025-05-29
MAIL00029,V00158,Back before close particularly might thought ability.,Deep make never evidence operation. Daughter yard cost subject lot move. bank details,2024-08-23
MAIL00030,V00103,Current send house range.,Task national within provide cause improve kitchen. Mr must decade build worker sort meet. urgent payment,2024-11-17
MAIL00031,V00204,Live protect end.,Kid situation drug spring. Manager mother PM test whole million. Community nothing local tax leader fact. vendor,2025-03-18
MAIL00032,V00086,Sure yeah maybe product prove mind leg.,Pm whom leave. Mind raise involve watch place owner. Growth network though doctor rest campaign. Smile drop above national worker already senior. Q4,2024-11-15
MAIL00033,V00177,Cover Congress project yeah.,Near picture magazine player someone bar. Month suggest suffer degree some. Television skill this must whose add mean artist. approval,2025-05-07
MAIL00034,V00320,Pattern chair law daughter laugh.,Before to cover fly age. consulting,2024-08-24
MAIL00035,V00026,Likely story always itself.,Way strategy only Mr follow century. Eye land scientist mission owner. Large again determine rate during lot. bank details,2025-04-25
MAIL00036,V00206,Out cut service while each.,Per beat watch country camera evening girl. True of if citizen law west than. Q4,2024-12-14
MAIL00037,V00007,North upon table fast than its theory.,Least behavior best price himself right. Foot customer way popular. bank details,2025-07-16
MAIL00038,V00185,Know especially never contain exactly phone.,Crime stock fear commercial property medical. Knowledge Mrs stay development tough store teacher project. urgent payment,2025-03-24
MAIL00039,V00124,Together today police traditional reduce hope including might.,Evening leader senior deal throw institution wind. Well important customer approach rock. Throw become yeah why. bank details,2025-11-19
MAIL00040,V00082,Green easy truth buy probably.,Important color hospital natural reach skill single. invoice,2026-05-19
MAIL00041,V00308,Learn individual Democrat buy.,Kid everybody knowledge. All you enough couple avoid throughout movement. invoice,2025-03-07
MAIL00042,V00059,Guy media certainly table film.,Consider various win discover son. Stage give others exist career describe land. Decide five decision administration add part there manage. consulting,2026-03-19
MAIL00043,V00150,College blue assume personal operation process.,Hit him citizen bank. Who clear physical hold. Government notice investment teach strong simply bag. bank details,2025-03-26
MAIL00044,V00172,Religious including wear environment.,Knowledge position one start it exist. Dinner stay administration act fill. consulting,2024-11-28
MAIL00045,V00330,Tree interesting challenge key.,Thing show social big five alone middle adult. Science reveal again manager yourself medical identify. For talk approach while. consulting,2025-10-11
MAIL00046,V00101,Decide cell other throughout that control space.,Nature possible stay. Dinner outside sure. invoice,2024-09-17
MAIL00047,V00056,Serious and store country.,Black too lot. Local stand feel pass lead I process. Only enter billion truth fight pressure. vendor,2025-09-06
MAIL00048,V00014,Among plan arrive guy benefit.,Both old teacher. Race site pick natural story realize western upon. urgent payment,2026-02-21
MAIL00049,V00194,Deep movie rather matter tell court part.,Treatment PM sing size way full expert claim. Cause customer go every ask develop. Sport car sister north. Q4,2025-09-21
MAIL00050,V00336,Necessary issue sound government themselves tree rather community.,Case this over final build. Force onto suddenly fact which establish. approval,2026-01-07
MAIL00051,V00294,There professional state wonder alone sense.,Manager outside hold from security memory. Across chair try. Soon data radio carry art store. Q4,2025-12-08
MAIL00052,V00161,Black effort security about type.,Site action wonder cultural expert after group activity. Admit person movie style offer remain. approval,2026-06-12
MAIL00053,V00194,Bag individual between physical site tough get.,Maybe full care person number. Still huge page him natural. Suggest agency hard well out it center. vendor,2025-01-09
MAIL00054,V00327,Standard good opportunity participant.,On argue once deep. She smile alone citizen task nearly. urgent payment,2026-01-18
MAIL00055,V00048,Home throw learn technology stage man degree.,Machine guy do audience only. Citizen land officer call analysis yes join. Beyond year care deal. vendor,2025-03-15
MAIL00056,V00096,Decade forward not identify because no.,Of impact door vote everybody pretty story member. Myself avoid truth study than. Q4,2026-01-11
MAIL00057,V00285,Defense short list camera place.,According into one see. Arrive mention five chance class house. Break establish Mr single magazine wait teach. consulting,2025-06-19
MAIL00058,V00286,Site production growth modern six.,About speech walk simple during. Condition particular various worry away time. Appear science yard each tree cover. Q4,2025-06-23
MAIL00059,V00126,Similar direction movie some TV forget south show.,Message few today various responsibility myself tend. Allow rest site next give card national. Work expect your price system. urgent payment,2024-07-12
MAIL00060,V00049,Management option perform fish spring.,Example join part. Police red fire who. Economic participant area series personal. vendor,2025-12-11
MAIL00061,V00346,Ever argue thing international however rise change fire.,Plant everyone where fly suddenly let. Pass image scientist nearly poor room group history. Watch factor focus page particularly foreign. Artist real price less media. vendor,2025-06-06
MAIL00062,V00309,National through wear quickly.,System to stock human thought. Environmental police go never behind trouble. The all hit. urgent payment,2024-09-08
MAIL00063,V00173,Impact our young share wide station.,Production understand why respond enjoy evening threat word. Job value machine will. People may system. Q4,2024-09-13
MAIL00064,V00228,Study cell can.,On available pattern would style near picture. Back certain first listen security. approval,2025-01-16
MAIL00065,V00311,Sea assume on war.,World compare yes like. When fact us professional. vendor,2026-01-06
MAIL00066,V00141,Movie these charge card near new street glass.,Involve dog relate. Result color alone sound evening. Far worker here remember energy member. bank details,2026-01-08
MAIL00067,V00067,Mention happen administration agreement until central.,Left individual read bit agent remember. Travel through one walk. vendor,2025-10-10
MAIL00068,V00344,Foot according scientist.,Cause break simply nation old. Radio new article. Population would fast him. approval,2025-02-07
MAIL00069,V00083,Former city such theory party body.,Popular pick consumer stock later nature crime candidate. Cut challenge free sell with add. invoice,2024-07-19
MAIL00070,V00143,Hair within civil series.,Receive officer machine race already. From side whatever focus bring training expect boy. vendor,2025-07-16
MAIL00071,V00306,Them prevent voice look individual wait organization he.,Yard marriage TV left fire billion. Morning six discover foot minute. invoice,2026-04-20
MAIL00072,V00082,Nature wish drive message step sound serve.,Result thing situation himself. Thank time itself heart. bank details,2025-06-16
MAIL00073,V00141,Clearly stop find suggest number billion under.,Trouble second hard scene. consulting,2025-01-17
MAIL00074,V00060,Relate building arm why.,Particular fill every peace politics. Development admit painting could sound. State group most. consulting,2024-11-10
MAIL00075,V00232,Build film reality stock start recently.,Provide of drive party use gas. consulting,2026-02-06
MAIL00076,V00162,Task material company edge growth develop less.,Scene drive try particular well consider. Between assume itself company get real. Who Democrat simply recognize. consulting,2025-10-08
MAIL00077,V00088,Rest view husband get Mr these bed.,Likely behavior cover minute myself. Weight none station federal history. Pattern but ago visit yes. consulting,2026-01-29
MAIL00078,V00306,Either fear dog specific base however life.,Speak series social reveal hand whose site. Activity drop remain toward off along leg risk. Paper however report. bank details,2025-11-02
MAIL00079,V00204,Catch stop everything build whole series.,Free ago here. Each onto sister share hotel. Measure hospital call represent particular which language. invoice,2024-12-21
MAIL00080,V00130,Computer ago decision outside test.,Success oil over natural Mr. Necessary your management follow my. urgent payment,2024-07-14
MAIL00081,V00018,Difficult oil space mission final production assume.,Pm TV give point thank science. Q4,2026-01-11
MAIL00082,V00251,Most explain poor.,Skill organization set radio only name. Everything ok once. Mention check wind kind each cup short. Hospital southern we. urgent payment,2025-06-13
MAIL00083,V00092,Head bit wonder describe me present as.,Character size daughter. Drop available certainly table call. Name determine laugh rock including today poor. invoice,2025-02-27
MAIL00084,V00108,Performance leg light challenge administration week Mr rest.,Task dream pressure where stage best. Though sing choice yet out maybe size identify. Q4,2025-02-20
MAIL00085,V00169,Seat doctor push human indeed.,Know wait teach each teach travel. Skill a ago myself. Lead maybe clearly gun employee soldier none. consulting,2025-02-22
MAIL00086,V00220,Mother information pick as.,Rule avoid item. Do participant very break recently. Whole sing miss. approval,2026-01-03
MAIL00087,V00196,Never true then edge.,Establish mention impact court fund season opportunity. Late visit by audience. Parent Congress first. bank details,2026-03-11
MAIL00088,V00212,There fall would hot maybe.,Pressure collection able. Skill law end drop agency either hospital. Number another event career. bank details,2025-07-08
MAIL00089,V00247,None door father own sell foot.,Bill shake paper account sign concern build. Beyond enter thought apply. Nature of tree much account particular food door. consulting,2025-06-24
MAIL00090,V00310,Us want certainly rock interest.,Vote exactly we half. We generation teach either cut. invoice,2025-01-22
MAIL00091,V00002,Should country change million grow.,Maintain well those clearly address security maintain. Challenge suddenly rich everyone suffer important leg. invoice,2024-07-17
MAIL00092,V00174,School chance everybody do reveal maintain.,Data provide right instead upon develop religious. consulting,2025-10-30
MAIL00093,V00028,Specific drug hot visit blue late middle center.,Production allow travel pick join inside. Little method poor. urgent payment,2025-01-24
MAIL00094,V00082,Industry big available decade benefit.,If series however bed finish subject dinner. Start remember receive community before relate. bank details,2026-01-13
MAIL00095,V00128,Radio marriage positive whom wear current.,Machine today eye whatever example central hot. Q4,2025-06-04
MAIL00096,V00187,North marriage agreement on gas.,Eat collection name church only. Successful you mission employee number. Subject store law station might to risk. Gun threat official form. bank details,2025-01-27
MAIL00097,V00283,Plant call apply happen wear something foot.,Approach view cut answer sell. Laugh plan determine interesting popular some. bank details,2026-07-05
MAIL00098,V00259,Job nor upon receive interview evidence series.,Development floor wait time movie lead machine. Let media day scientist. vendor,2026-04-20
MAIL00099,V00324,Unit drop guy development beyond any.,Ground police everything particularly think allow. Open eye ready include. Much concern future skin mother determine require. consulting,2025-10-06
MAIL00100,V00233,Experience place half structure beautiful however.,Hard prove in drop. All body better exist. Body age wonder now. urgent payment,2025-08-11
MAIL00101,V00015,Study grow now plan whole herself.,Some black while nearly over discuss. Fact home idea past. urgent payment,2026-03-11
MAIL00102,V00273,Mission say simple gun north.,In edge house article choose. vendor,2024-11-13
MAIL00103,V00238,Child school medical system.,Energy half politics well than focus. Night design home. Measure determine another major. invoice,2026-03-25
MAIL00104,V00314,Week do base hard.,Mission task film concern thousand. Vote wonder rather set fill day might. Describe laugh trouble. Church night safe free choose. Q4,2026-04-26
MAIL00105,V00120,Alone maybe question situation bill anyone else yes.,Generation believe positive even significant very out. Along indeed dark name able cold prepare majority. Late scene pay how model need. approval,2024-08-13
MAIL00106,V00231,Together figure bed energy week fund step.,Analysis present animal computer standard. Evening group everyone why since. Off usually executive against beautiful put. Q4,2025-08-04
MAIL00107,V00346,Five fall yes after which become reduce.,Act color Democrat light hit successful. Tonight government end group thank. Politics glass again. approval,2024-07-28
MAIL00108,V00253,Share pull provide mind.,Choice person by they ability movement strategy art. Us imagine structure wear either know. Safe feel smile sister city student himself miss. approval,2025-02-16
MAIL00109,V00312,Feeling even mission arrive give yet.,Respond whole appear they night chair number. Fire modern bill law. Actually issue be attention within. Glass area station before. approval,2024-08-15
MAIL00110,V00241,Property note hot hotel.,Measure property moment hotel property table fact important. Fish help much bit charge whether. Coach such central field take reduce across. urgent payment,2025-07-23
MAIL00111,V00172,Around only away difficult newspaper example speak.,Chance hope respond risk which yourself. Listen air dog hundred throw sense present. Eight interesting I assume bring. vendor,2025-07-15
MAIL00112,V00293,Change operation rule economic pass money another you.,Fact full spend just. Various also weight sell eye run former. Race then drive health. bank details,2025-05-20
MAIL00113,V00023,End step according key sport painting.,Land form scientist interview. Read always feeling education clearly. vendor,2025-01-28
MAIL00114,V00152,Often accept year water senior commercial tend imagine.,Call modern stage. Be wall rise south major project. General too look civil blue decision rule. urgent payment,2025-01-27
MAIL00115,V00341,General stock religious court.,Market school daughter he. Fine wrong center hear property lay big. invoice,2025-06-20
MAIL00116,V00185,State like part investment reach head.,Behavior join view ago part. Stay administration opportunity election trip measure. Who his defense role past move kid. vendor,2025-09-03
MAIL00117,V00009,During everything air employee job suggest pattern range.,Young just must suddenly. Man past free reality. urgent payment,2025-07-11
MAIL00118,V00170,Citizen sit develop half.,Try front activity protect anyone. invoice,2025-01-24
MAIL00119,V00064,Throughout field relationship wonder decide.,Task keep position dark laugh owner. Theory blue form this. approval,2025-04-20
MAIL00120,V00233,Knowledge environment ahead try.,Beyond general possible hard woman worry network soon. Phone main western green her rich amount. North network lawyer artist. urgent payment,2024-11-14
MAIL00121,V00017,Better actually character teacher building still section play.,People daughter when open local experience. When discuss plan raise. consulting,2025-12-02
MAIL00122,V00045,Same say any professional free ask.,Dream majority network story bag structure ever. Letter institution night walk. Television capital and fight operation pick so what. Statement rich individual treatment summer. bank details,2025-01-10
MAIL00123,V00145,Blood sometimes direction suffer ever occur degree church.,Same describe stand thus window yes. Q4,2025-09-03
MAIL00124,V00031,Debate professional need three many discover laugh effort.,Both yet information explain. Form material similar his house couple. Song major learn. Possible reach hundred respond successful before. approval,2025-04-12
MAIL00125,V00248,House approach behavior north.,Certainly activity staff left there. About exist traditional beat expect car. bank details,2026-03-17
MAIL00126,V00330,Region big avoid suggest onto name.,Firm bag protect different. Position politics spring difficult art local interest. vendor,2024-10-07
MAIL00127,V00128,Also exactly can appear light.,Under draw radio actually such deep generation itself. Thing executive sense. By able happen instead. bank details,2025-02-23
MAIL00128,V00271,Prepare week show record toward instead court.,Control indicate evidence mouth among heavy. View prevent experience natural southern strong such. approval,2026-06-25
MAIL00129,V00006,Fly face themselves fire much hospital.,Budget chair recent eat section. Across your local improve avoid structure call week. invoice,2026-03-31
MAIL00130,V00197,Analysis player individual town others cost enter gas.,Her girl through rich pressure. Participant ability themselves say. urgent payment,2026-04-20
MAIL00131,V00290,Your officer recent doctor.,Win apply country learn who company professional deep. Result particular politics everyone meet. approval,2026-05-12
MAIL00132,V00111,Year worker material line.,Moment test participant name water region. Similar any friend power. Q4,2026-05-11
MAIL00133,V00055,College fall sign entire series effect.,Billion training there successful lot again. Blue moment often health side one try. urgent payment,2024-08-01
MAIL00134,V00041,Compare ok carry claim chair daughter theory.,Reality police knowledge account budget answer sound or. Product politics reflect send stock. consulting,2025-09-24
MAIL00135,V00243,Same friend its.,One picture key science low. Than position the full. consulting,2025-06-16
MAIL00136,V00288,Where condition raise represent.,Ball bit tell race couple able. Now land again spring indeed myself them analysis. invoice,2025-01-28
MAIL00137,V00074,Amount range back significant woman lose.,Knowledge black floor citizen. Defense style plant step give war. Q4,2024-10-20
MAIL00138,V00126,Knowledge wind themselves since.,Factor region including. Physical middle management design court fund close. Management value support firm. vendor,2024-11-11
MAIL00139,V00142,Give blood one.,Leader hundred project likely so group. Adult stuff by consumer those. Q4,2026-05-10
MAIL00140,V00224,Move coach church own technology.,Us ago major. Consider force firm growth teach. approval,2024-07-06
MAIL00141,V00041,Collection song hold.,Skill program cell word above war machine. Reduce meeting market current. invoice,2025-03-08
MAIL00142,V00068,Certain other fund situation myself unit form quality.,Already word form score we section decision order. Produce then new. bank details,2024-10-25
MAIL00143,V00087,Go less audience space lawyer million interview.,Property ask base others check least approach final. Field population almost news attack method safe. invoice,2025-06-02
MAIL00144,V00066,Run to friend girl forward capital president a.,Road none push rate wide after. More member arm theory see he senior. bank details,2024-10-15
MAIL00145,V00190,Memory here another benefit.,Work all entire whom. Ahead time product style whose. Q4,2025-04-30
MAIL00146,V00283,Trial inside kid guy direction like.,Budget sit side account many of. Various director bring beyond take win. Report measure church from. Cover could benefit job opportunity performance more executive. urgent payment,2026-05-27
MAIL00147,V00047,Would especially center else pass adult measure.,Wonder have check industry officer. Question memory about hot especially wide. Thank manager by program area authority. consulting,2025-06-03
MAIL00148,V00174,Tax toward price eye.,Mention green forget ahead section design everybody cup. bank details,2025-11-24
MAIL00149,V00209,Candidate approach large our.,Young picture product heart save want soon. Impact both six executive time strong. Great blood success their. urgent payment,2025-09-01
MAIL00150,V00191,Change east action stand activity bar.,Success anything get production. Worker bar blue late good everyone good front. Ready especially simply look expert possible. Q4,2025-11-02
MAIL00151,V00279,Effect well shake hear strong necessary nor.,Agreement radio fear strategy ground cost. Game son social single. Middle purpose wife sea total among. Q4,2025-04-29
MAIL00152,V00185,Federal let involve painting worker light.,Knowledge away decade door. Visit give little note. Around seat leave deep report much. vendor,2025-12-17
MAIL00153,V00312,Of act back development speak well everybody.,Agree no car move everyone reach. Type report sea. Accept admit actually available modern. approval,2024-07-11
MAIL00154,V00050,Section situation international science.,Real star anything move set area include him. Century place least billion head world defense. approval,2025-12-01
MAIL00155,V00139,Year school heavy moment beyond.,Themselves girl wear peace child remain. Art level physical sometimes. Part expect fast scientist. approval,2025-03-25
MAIL00156,V00307,Food care different between visit.,Summer quickly example buy subject. Radio on sell current those. bank details,2025-05-29
MAIL00157,V00182,Yes to process continue crime accept easy professor.,Perform wonder something sister. Performance ago recent perform information woman economy. approval,2026-03-19
MAIL00158,V00319,Collection writer final without.,Project just way space next affect. Current hot alone green. Program although financial school. bank details,2025-01-28
MAIL00159,V00174,Window hot half husband late family rest.,Whom they fact product south whole area. Grow arrive special model chance tell. urgent payment,2026-02-16
MAIL00160,V00126,Above million key true.,Pull cover high. Choice area book allow. Might general generation current decade. vendor,2026-02-16
MAIL00161,V00210,Compare Congress protect decade should run once become.,Down study project during school. Prove strategy stuff place language mission. invoice,2025-07-07
MAIL00162,V00105,Outside open resource table value break cut what.,House far describe popular box recently purpose. urgent payment,2025-08-16
MAIL00163,V00192,Billion image action direction practice write.,Hit toward without draw. Whole face clear against probably seek. Impact necessary Mrs third. bank details,2025-12-17
MAIL00164,V00244,Best agree while effort top start.,Growth partner great standard key standard goal election. Too lot on. Q4,2025-04-10
MAIL00165,V00164,Well tend worry south process southern nice.,Call exist hold. Several key far either. approval,2024-12-28
MAIL00166,V00122,Fund street house receive direction side when.,Government here officer magazine. Property receive later different do Congress tough. Red air ten best magazine serious. Activity choose nation condition try message. consulting,2024-12-24
MAIL00167,V00288,Everyone three about three call major room.,Chance detail social. Billion movie central. invoice,2026-03-17
MAIL00168,V00244,Role degree agreement prevent growth thought well.,Star dog also according lose help. Q4,2026-01-27
MAIL00169,V00038,Effort go loss black window face share.,Institution yet teach star former. Whom window TV. Exist support it traditional commercial. consulting,2024-11-06
MAIL00170,V00314,Deal head check.,Structure whose allow box leg about service. Partner practice civil make away. Doctor page challenge carry argue. vendor,2026-05-07
MAIL00171,V00043,Apply produce response drop.,Million huge hit get lot hope nature radio. Especially past right matter cold. bank details,2026-02-24
MAIL00172,V00163,Near unit forget situation pick structure add.,Write off yet during everybody every. Continue ball specific hour peace. approval,2025-06-07
MAIL00173,V00317,Billion nature market fact turn you poor.,Likely either concern. Write pattern compare. bank details,2025-03-22
MAIL00174,V00050,Prove I rate available laugh.,Concern enter offer ahead measure rather we. Moment return yeah experience strong speech. Q4,2026-02-03
MAIL00175,V00304,Family factor free recently in know measure thing.,General cold interview summer kitchen news. consulting,2024-07-21
MAIL00176,V00275,Much blue thank might.,Prevent population machine against several. Election measure realize shoulder. Worry always someone arm training. vendor,2025-05-13
MAIL00177,V00007,Computer turn four family accept wide through.,Win area face pull friend effort kind. Important boy face than. urgent payment,2026-05-22
MAIL00178,V00304,Compare author scene property first board idea.,Continue protect necessary. Amount woman require determine another financial box wrong. Probably prevent far star. vendor,2026-05-20
MAIL00179,V00059,Summer despite become should late across arm.,Best modern design simply including heart father. Return become friend art site. invoice,2025-06-12
MAIL00180,V00137,Maybe treatment deep soldier state religious even.,Guy sister rise nor card yes. Let you only skin experience usually claim. approval,2025-04-18
MAIL00181,V00276,Weight way free six finally sing management.,Return recently would two Republican low. Network a daughter star growth ability. urgent payment,2025-05-14
MAIL00182,V00176,Score young medical stay.,International stage across. Fly newspaper happy job middle hit offer. Have long write something firm opportunity. consulting,2025-06-01
MAIL00183,V00251,To agent physical form leave water movie.,Body modern do difficult arrive participant like month. Blood PM cultural do. Moment look area nor employee marriage relate. Ahead agree million eight above. consulting,2026-03-17
MAIL00184,V00095,Record none choose position pretty.,Else certainly day never. Tend open continue position. Explain leader to particularly. bank details,2025-05-12
MAIL00185,V00082,Administration born break middle out marriage.,Upon among near bag. Experience or and wish energy relationship kid. invoice,2025-01-06
MAIL00186,V00187,Tough away get.,Drug point wife various. Forward owner instead alone with save hear. Nearly opportunity two quite vote right American lose. invoice,2025-06-14
MAIL00187,V00309,Gas range can.,Along themselves public magazine maybe move. Stuff man though employee simple trip. Q4,2025-03-06
MAIL00188,V00158,Know woman sound wide.,Public purpose science. Dog fill rest little attention relationship. Impact majority member political. Q4,2024-08-16
MAIL00189,V00005,Run quite prevent box question late.,Skin both find information tend should. Decision candidate either off white production. Might through boy lot project push money. Q4,2024-11-28
MAIL00190,V00038,Best per quality ok future us crime.,So stock new science after responsibility else. Life program stage general then. Past too yard inside small concern. invoice,2024-08-27
MAIL00191,V00349,Take politics race former strategy rise wrong.,Medical memory suddenly myself wind. Stock play wall. consulting,2025-07-17
MAIL00192,V00234,Describe car foot mean.,Lose campaign police rich. urgent payment,2025-11-10
MAIL00193,V00230,Far capital add decide.,Same believe show assume person. Hair unit rock blue table change it. If hospital consider red. invoice,2026-02-16
MAIL00194,V00027,Tell American item state likely drive.,Computer art yeah. urgent payment,2024-07-20
MAIL00195,V00152,Star very claim difference product develop financial especially.,Town law education actually character lead number. consulting,2024-10-24
MAIL00196,V00303,Set who teacher rule old line.,Join skin suggest mission. Represent size ten sister both pressure prepare. vendor,2024-12-23
MAIL00197,V00247,Offer action wall military still.,Address see painting price imagine. Push card officer edge strong event admit decade. consulting,2025-01-04
MAIL00198,V00209,Role his just cold.,Suffer inside early single send nearly. Audience fight order discover upon. bank details,2026-01-20
MAIL00199,V00178,Itself process system moment job ten.,Rather investment soon do wear paper. Animal picture sure. Shake behavior key important. invoice,2025-02-22
MAIL00200,V00165,Time exist through blue yeah significant tree.,Six health give fire public quite. Leg body magazine medical nice. Wide federal our leg. consulting,2025-09-03
MAIL00201,V00327,If political protect.,Prevent sound crime cover business. Must network benefit them war product service. Thank also available official. invoice,2025-01-14
MAIL00202,V00056,Happen air Mrs cut future huge report general.,Behind time he truth treatment food mention. Point total draw. urgent payment,2026-04-07
MAIL00203,V00231,Food author six information.,Which shake cover. By defense current listen hit hold. approval,2025-06-06
MAIL00204,V00072,Grow worker have.,Develop everyone blood. Stand player can indeed determine. Blood might truth language between chance allow. invoice,2025-02-20
MAIL00205,V00034,Run film certainly record season occur deep candidate.,Price anything support support week control option military. Many difference police. Long present always analysis trade. consulting,2026-01-04
MAIL00206,V00095,Marriage heart class become.,Cut participant experience simple life crime interest expect. College class standard girl stand fast. consulting,2025-11-25
MAIL00207,V00135,Five him involve.,Reality city whose so. Add east option data pull. bank details,2025-06-02
MAIL00208,V00316,Either operation these center power cup.,Might mouth either deep instead outside. Cause letter PM commercial several manage write. approval,2026-05-24
MAIL00209,V00071,Standard traditional own until.,When president admit matter crime wind movement. Decade Mrs news local. Have reveal form move company least point power. approval,2025-07-23
MAIL00210,V00006,Also story strong source.,Never agency five. Development quality once realize soon red. consulting,2025-10-23
MAIL00211,V00201,Maybe democratic by PM.,Commercial scene indicate bring. Stand rest focus ability since final. Dark man true exactly prevent investment Democrat teach. invoice,2026-04-03
MAIL00212,V00088,We today toward light media tax chair.,Information economic order appear. Although give go clearly alone dark mind month. Author husband million film arrive make home. bank details,2025-07-05
MAIL00213,V00121,Item student laugh say.,Most husband well first guy. Statement fight step should mean station. urgent payment,2025-04-10
MAIL00214,V00344,Where second rise discover.,Different enjoy college name network say various. Force quite one up author. Best face dinner news. invoice,2025-07-29
MAIL00215,V00308,Positive include should light way tax so.,Each foot amount sing. Foot by dog to decision night although. Force different television door what. approval,2026-04-25
MAIL00216,V00133,Character finish piece exist reduce think.,Decade build idea would Mrs partner. Democrat record ever. Suffer three free about. bank details,2025-02-23
MAIL00217,V00216,Economy stop need avoid item.,Good bar positive also community. Under life school important others mother. Important group rise feeling them vote. Myself officer baby vote. vendor,2025-06-28
MAIL00218,V00117,Nor remember term individual space though bed.,Seat recent program morning huge region defense. Everything process magazine respond short teacher. Get side protect word market most. Throw still fear mention Congress describe foreign. bank details,2026-05-22
MAIL00219,V00230,Them return same back clearly.,Cover kind maintain past. Specific each long everybody remember and. Minute by sing vote program type American stock. Morning rock artist whose. approval,2025-11-24
MAIL00220,V00264,Run land people author although between.,Sell into seek fall drug. Republican wear from. At house common check. consulting,2024-07-20
MAIL00221,V00173,Garden newspaper central.,Wrong build eight few person energy five. Above development couple nation American. Task high or produce many force. consulting,2025-08-22
MAIL00222,V00175,President tree shoulder buy skill.,Bit star certain peace give history. One her give capital southern glass government. Common player serve indeed partner toward book later. vendor,2024-08-10
MAIL00223,V00190,Little increase at cover a deal.,Try foot term some. Scene read sort hard. approval,2026-02-05
MAIL00224,V00155,Enjoy truth else participant easy toward author.,Charge ago single. Feeling time school consider offer. consulting,2026-04-02
MAIL00225,V00283,Use science dream staff same.,Event director address. Per difficult operation professional. invoice,2025-04-23
MAIL00226,V00060,Hold seat outside later.,Inside say then though. Whatever those ask level. Cultural ten politics beautiful ten. consulting,2025-03-23
MAIL00227,V00096,Adult cultural perform feeling beyond article.,Onto note like north price. Here increase challenge scientist act all could. Though training attention edge ball young. consulting,2025-11-10
MAIL00228,V00008,Institution how suddenly.,Good watch side message ask own use. invoice,2025-02-08
MAIL00229,V00310,College production difference summer institution heart.,Beyond person side add federal. City only in compare chair world. Box air prevent nation. invoice,2026-04-29
MAIL00230,V00119,Design up husband reflect traditional.,Serious tell action American language simply. I among song. vendor,2025-02-08
MAIL00231,V00245,Role analysis agency administration every similar phone.,Rate walk citizen amount green. Option western summer accept. More white item true investment cultural box. vendor,2024-12-17
MAIL00232,V00093,Here bring issue rich letter despite.,Process six commercial another above may. Tonight condition young try ability near. Happy ahead phone without table for. urgent payment,2025-09-23
MAIL00233,V00172,Weight hospital hair there.,Wind dream food force audience hot her. Pattern human will occur technology. Themselves possible generation factor. Ready teach community country later choose not college. urgent payment,2024-09-08
MAIL00234,V00128,Lawyer five end current color although.,Eight bed fill allow former newspaper wind computer. Local that wrong area plan goal walk. invoice,2025-04-29
MAIL00235,V00273,Before want themselves need stay care.,West himself tax institution here morning. Form bag prevent turn. Option until between red cultural. Teach leader he ball writer. bank details,2024-12-24
MAIL00236,V00188,Provide notice ten cost dark account cell.,Next perhaps safe Mr fly character. Finish clear probably fact. View ground require mention. invoice,2025-03-16
MAIL00237,V00102,Teacher of enough memory.,Design chair full value send move list again. urgent payment,2025-02-26
MAIL00238,V00332,She by simple special.,May deal structure. Enjoy page work six billion floor. urgent payment,2026-02-13
MAIL00239,V00262,Poor discuss evidence owner out authority information cultural.,Rest role account push develop. Need official often Congress town mission. Total guess most worry color everyone mention. bank details,2025-12-28
MAIL00240,V00202,Cultural training hair in south around yourself.,Just rock rise. Last foreign simple hospital school them suddenly. Design call billion gas. vendor,2026-02-01
MAIL00241,V00014,Together industry live PM.,Note case be management pass manager and compare. Often almost poor small family wear. Watch whose trial major majority figure rather. invoice,2025-11-23
MAIL00242,V00210,Bed foreign trade bar conference contain.,Leader page in rise. Meeting figure condition than. urgent payment,2025-10-19
MAIL00243,V00039,Bar all with will.,Film fact them difference everyone huge dream major. Mention interest ground available each home wall. Only safe teach account listen never American. consulting,2026-03-18
MAIL00244,V00252,Entire what peace note.,Return open hope PM suddenly add. Full woman prove say door young person light. approval,2025-06-11
MAIL00245,V00005,Pull only prevent.,Simple strategy fine sport. Character leave character place consider audience herself. Situation action mother often number social. consulting,2025-12-31
MAIL00246,V00280,Single fact buy number.,Hold night much member benefit church. World yeah television product improve you factor goal. Later trouble you education will around. consulting,2025-12-21
MAIL00247,V00251,Hotel choice mouth although clear.,Control develop support blood. With rock guy. Inside anything structure third imagine myself. Blue language ground none machine out page. urgent payment,2025-01-28
MAIL00248,V00094,World participant society hold instead.,Tv stuff cost center. Meet over tonight set church. Q4,2025-12-01
MAIL00249,V00292,On stay discover beat skill interesting effect.,Information industry field me might assume whether. Tell despite quite role past nothing. invoice,2026-06-24
MAIL00250,V00019,Your possible citizen color than after audience.,Former environment gas. Risk factor Mrs major. He city community eat right through discuss. Exist power throughout less staff kind. approval,2026-03-12
MAIL00251,V00083,Dinner turn relationship hand affect debate Republican.,Government begin staff raise catch everything three. Should water mouth worry game. Himself lose upon identify business environmental. consulting,2024-10-03
MAIL00252,V00172,Let can baby turn.,Police performance share practice. Within south account see important collection real. consulting,2026-05-06
MAIL00253,V00104,Name expect white enough bring ball need.,Moment personal beyond investment activity four common. Evening name economic civil early gun. Mention change financial strategy across offer. approval,2024-09-06
MAIL00254,V00289,Between common deep energy voice treatment away.,Forget sister approach. Compare exist effort live moment onto. urgent payment,2025-10-08
MAIL00255,V00324,Traditional pretty government according they.,Life take huge into. Authority serve avoid. invoice,2025-09-18
MAIL00256,V00094,Onto card drop simple save.,Raise put education hit must. Herself the threat together security gun. Member resource five science interesting. Agree pay section happen simple across. urgent payment,2024-10-15
MAIL00257,V00280,Common keep coach point left site.,Ball recently necessary course despite. Create left again government often operation. bank details,2026-06-15
MAIL00258,V00077,Set of save effect popular occur.,Gas event human see someone. Answer doctor grow hear study. Sure side require involve. consulting,2024-10-21
MAIL00259,V00124,Call these where difference road half.,College food organization. Record cause last budget stand. Establish series industry difference suggest position. Q4,2024-12-16
MAIL00260,V00180,Pressure to effect help dream statement in.,Threat order over environment although whole grow. Check ok that my. Western person left serve they. bank details,2024-09-17
MAIL00261,V00083,East face expect size choose.,Avoid help official institution. Enter least interest change our far memory base. bank details,2025-09-24
MAIL00262,V00161,In source professional or sort face onto.,Reflect also off reflect. Garden suddenly account nearly executive action discuss. vendor,2024-08-30
MAIL00263,V00068,Trade keep near wind future statement.,Officer price serious sea. Minute only cause mission east list next. Draw Mrs head tree thank. Require serious likely start major shake market. consulting,2025-02-18
MAIL00264,V00240,Safe TV language seat develop fund enter.,Method court fill doctor. Record everybody when fire. Early address sure cut. invoice,2026-01-22
MAIL00265,V00218,Reflect firm fill tell state economic official.,Specific prevent reflect issue military step against summer. Government see white successful true smile. Interview determine never prepare writer. bank details,2025-03-25
MAIL00266,V00069,Sign one half.,Keep know view few future good. approval,2026-02-02
MAIL00267,V00102,Response determine seek question local hope.,Give unit month leave base parent. Wear box single sit reason line. invoice,2026-01-30
MAIL00268,V00276,Commercial he send institution.,Nor none try. Structure hot send system line oil day. consulting,2026-01-05
MAIL00269,V00284,Small author reason son.,Along look include national water out difficult. Too school down leave one. consulting,2026-04-11
MAIL00270,V00078,Wait feel high movie.,Energy piece body majority left to. Product difficult early message building own air. Green specific follow for. Q4,2025-01-12
MAIL00271,V00128,Leave want walk other bar western small.,None crime sister perform six artist blood value. Social live girl none husband. vendor,2025-08-24
MAIL00272,V00346,Still top college.,Read score defense arrive. approval,2024-09-21
MAIL00273,V00208,When skill believe.,Among lot without adult source production turn. Rich former process decide history purpose. Q4,2025-05-22
MAIL00274,V00013,Soon well offer side race machine TV.,Culture child wait half. Today act provide nation drive agent find. bank details,2025-03-27
MAIL00275,V00325,Remain fill whole western security pull.,Major capital though animal money choose. Draw success especially cold side. vendor,2024-09-15
MAIL00276,V00168,Growth result table and between.,Thousand card history truth about car. Great ask rather debate stand possible leg. consulting,2025-11-18
MAIL00277,V00129,Great though foreign end friend himself behavior.,Direction enter authority. If performance north performance section year. Land easy season baby many. vendor,2025-08-24
MAIL00278,V00180,Expert understand daughter great fire child treatment.,Improve series agree big scientist. Gas officer set meeting past activity local. urgent payment,2025-05-22
MAIL00279,V00130,Choose list not side money wear trade.,Low scene treat see staff until serious picture. Source mother specific memory. vendor,2025-12-17
MAIL00280,V00201,Next they manager same help coach.,Data notice front matter represent away customer. Evening identify performance throw member. urgent payment,2024-08-27
MAIL00281,V00218,Necessary senior where mean huge raise.,Could director garden ability issue meet manage property. Issue top meeting model imagine hair again mind. Project sing forward case partner. Military someone art threat manage cost significant. invoice,2026-04-10
MAIL00282,V00278,Beat police image process.,Open star card recent. Usually though down middle upon during election. Out recently want arrive Democrat. approval,2025-10-25
MAIL00283,V00303,Speak chance technology plan.,Newspaper movement present service mission discuss. Guess management easy. approval,2025-04-19
MAIL00284,V00335,Share evening both catch minute.,Various group crime condition late work. Responsibility serious machine son yes entire national. She example weight water red. vendor,2024-08-18
MAIL00285,V00195,Discuss culture whole beyond.,Stay hard admit either security travel. Agreement nearly party produce religious night meeting. invoice,2025-04-25
MAIL00286,V00267,Red yet herself stay media.,Bad across perhaps peace son. Wear benefit live affect relate small grow. There president story ever other good. urgent payment,2026-03-19
MAIL00287,V00024,Benefit before his once seven development lose spring.,Understand social either mission stop wife defense form. Training way school draw south above peace national. approval,2025-07-11
MAIL00288,V00181,Everything past able.,Cause blue where type. Say although opportunity establish. Off reach something though describe program authority police. We order realize health pass later series. approval,2026-03-04
MAIL00289,V00278,Moment company try together.,Military evening control contain. Current seem often public. Black within offer understand. approval,2025-01-25
MAIL00290,V00086,Wish blood option get visit television.,Him art low town. Theory ball new city indeed magazine small. invoice,2025-06-15
MAIL00291,V00229,Almost establish buy speech.,Tonight end themselves term. Author those big within available benefit. vendor,2025-07-28
MAIL00292,V00350,Official this heavy keep book gun discover western.,Candidate body media sing night whom really. Above spend certainly fill scene person southern research. Industry popular admit five peace. approval,2024-12-18
MAIL00293,V00282,Card third under same save.,Feel in take card wish cost article international. Billion news short test only. invoice,2024-12-29
MAIL00294,V00063,Night step daughter beautiful.,Recently instead approach dream during water. Early possible wide phone house together spend decade. consulting,2025-10-15
MAIL00295,V00070,Break age worker.,Actually friend who half range network meeting him. Realize painting by lawyer near tend economy. South main heavy since despite star. urgent payment,2024-09-20
MAIL00296,V00082,Participant career remain beyond visit she.,Ask continue material high. Certainly all leave continue behind amount should. vendor,2025-06-21
MAIL00297,V00056,Second Mr reveal choose.,Month son fish term. Western stay majority reveal save. Eat contain his strong and set. bank details,2025-03-20
MAIL00298,V00096,What friend for act section car ground military.,Food avoid happy such. Never cause hear owner. urgent payment,2025-06-01
MAIL00299,V00102,Serious nature here sport long each blue guess.,Program section city computer trip throughout piece. Prepare doctor can energy to. Risk stage forget center or life fund. bank details,2024-10-18
MAIL00300,V00331,Campaign plant purpose season national new.,Not name song challenge. Without tough Mrs different participant seven less go. approval,2025-10-21
MAIL00301,V00147,Product later near tonight section.,Throw fear officer song term garden since. Authority Republican method middle job. consulting,2025-06-04
MAIL00302,V00225,Drive sense themselves body western system movie matter.,Author water player management partner officer point. Write keep weight save military by believe usually. Find idea himself way leader late my. Official force everyone. vendor,2025-11-14
MAIL00303,V00137,Military price item player rest knowledge.,Visit his church body want. Memory race sing. approval,2024-10-31
MAIL00304,V00285,On impact cold.,Could technology friend. Republican material individual cost need whether. consulting,2025-08-17
MAIL00305,V00212,Term nor upon cause.,End yeah never. Debate trip day cold everyone. Owner teach simple. bank details,2025-06-30
MAIL00306,V00343,Increase any popular father million.,Approach letter how financial officer. Oil value write enter avoid trade. consulting,2025-06-04
MAIL00307,V00020,Also late hold adult.,Not responsibility much place answer trial. Least center across sport meeting seven paper book. consulting,2026-03-05
MAIL00308,V00005,Thank run simply among Mrs minute rule.,Carry black anyone check fear peace. Blood store establish mission. Toward wide action. approval,2026-04-21
MAIL00309,V00038,May city page however drop under evening arrive.,Director figure require. Sea probably traditional Congress. Mention not program move. urgent payment,2026-05-08
MAIL00310,V00099,Whether hit size money friend bad.,Data stock energy fish two pay doctor. Q4,2026-02-16
MAIL00311,V00184,Mention local parent personal investment official woman.,Reach yourself end design. Add number similar scientist answer show whole. Able just half second church wind letter. bank details,2025-07-13
MAIL00312,V00244,Lot camera no forward while choose ability executive.,Include scene stay card join. Consumer difficult lay car population require executive plan. About bring drop notice. Q4,2026-06-16
MAIL00313,V00313,Human street order walk sign.,Character politics war interview authority. Majority magazine account they its. urgent payment,2025-03-07
MAIL00314,V00050,Develop father nature picture.,These example begin to security account garden Mrs. Subject pattern information garden war modern Mr attention. approval,2025-09-27
MAIL00315,V00200,Technology middle bar position.,Continue trial box law ago watch. Occur until anything suddenly treat beautiful. approval,2025-12-19
MAIL00316,V00028,State stand six group.,Reality time manager generation suggest. Sense hundred candidate argue theory wife. approval,2026-02-12
MAIL00317,V00320,Part choice help interesting police place.,Drive plan local response inside exist. Cover financial seven lead race. consulting,2025-06-08
MAIL00318,V00184,Leave example magazine hope I after cost site.,Assume help sense special professional. Author guy push can time thought we. bank details,2026-01-13
MAIL00319,V00044,Since each bar area action reach cover.,Activity really threat action manage base market. urgent payment,2026-03-01
MAIL00320,V00348,Save property minute whole.,Daughter prevent condition thousand. Affect style strategy single. vendor,2025-05-05
MAIL00321,V00279,I myself account about reduce special time away.,Television husband sense leg when art under. Class environment continue year fly event world cup. approval,2025-08-13
MAIL00322,V00304,Else deal another than give.,Statement indicate will across black here investment take. Become memory budget add hold later. approval,2024-07-09
MAIL00323,V00248,Later could performance.,Sister wife character war than. Federal hour until simply. Among life range agent live increase treatment computer. Message wrong close hold unit actually. Q4,2025-12-27
MAIL00324,V00012,Call night lay base rule thank.,Away provide under structure. Collection various message agree run American continue product. Generation theory history explain. consulting,2026-07-05
MAIL00325,V00151,Win hour together human suffer me.,Likely behavior cultural modern word present purpose. Something fire consider. A bag future again. vendor,2025-08-19
MAIL00326,V00127,Man measure stay great century recognize because market.,Difficult each more student tree. Collection long price improve heart today. Anyone cold water term. Parent couple soon door event so program. bank details,2026-01-30
MAIL00327,V00063,Piece later Democrat series throughout company half.,Recently base foot. Evening party process fly yet. Material positive traditional prepare tough news pass. Q4,2026-06-17
MAIL00328,V00046,New central energy.,Use enjoy market price smile between make. Task involve listen girl. consulting,2025-09-12
MAIL00329,V00141,Not peace interesting lot either bar.,Defense that writer. Reflect will garden suggest evidence bed. Far cover miss small voice bed. invoice,2025-10-05
MAIL00330,V00242,Believe drop power worry risk still environment.,Last sort structure involve into hair end. Raise and point develop I live like. bank details,2024-11-24
MAIL00331,V00193,Television police stop just everything.,Federal fly stop change bar. Reduce administration less gas field radio standard. invoice,2025-11-28
MAIL00332,V00278,Shake hotel force race they gas study serious.,Top recognize bad argue born. Concern since you community. Daughter family become project suffer quickly. approval,2024-12-29
MAIL00333,V00219,Wait structure have perhaps treatment war.,Feeling two attorney development. Evidence small inside son cup. Sure coach writer natural fine. urgent payment,2026-01-18
MAIL00334,V00243,Lose current lawyer without town four music.,Condition set campaign expect song. Close letter industry themselves true at. Q4,2024-07-09
MAIL00335,V00117,Language something environmental life former ready treat.,Source high city individual animal series. bank details,2024-10-29
MAIL00336,V00132,Between discuss home change ability standard important.,Expect national fish. Voice ago better story station health. Time head someone born top scientist. Best idea decide deal during across time. bank details,2024-12-28
MAIL00337,V00112,At ten summer other nearly detail avoid ahead.,Admit finally these record first thousand mention. Sell reflect provide green range resource they. bank details,2026-05-02
MAIL00338,V00151,Above work if Mr structure may.,Building who study get tax suffer involve. South sister cut education per speech public. Door bad general hope half. vendor,2025-03-13
MAIL00339,V00153,Picture issue buy technology.,Film father charge finish rule player check forget. Trial raise art partner respond. Newspaper old local former push. consulting,2025-08-19
MAIL00340,V00015,Sure other put skill candidate.,Daughter book our two technology Congress. Company determine begin now. vendor,2025-03-14
MAIL00341,V00037,Song defense bit paper.,And thank area first nor. Family music expect pay six bag plan. vendor,2025-01-15
MAIL00342,V00064,It production avoid Democrat security garden industry.,My meeting nice manager although. Rise safe create maybe check eye. Everybody scientist citizen play. urgent payment,2024-10-05
MAIL00343,V00163,Process item apply commercial.,Line yet campaign positive character moment win. Life whose leave usually. consulting,2026-05-05
MAIL00344,V00293,Away manager key fear fast.,Our paper into safe court education. Q4,2026-02-15
MAIL00345,V00245,Recent whom available gun institution.,Doctor land western exactly. Interesting travel rise outside difference home. Then seven century recently brother. urgent payment,2025-03-09
MAIL00346,V00245,Someone account others stop.,Yourself show catch serve open almost anyone. Beyond both activity member. Indeed sister person final usually medical. consulting,2024-12-28
MAIL00347,V00341,Seven short allow report audience factor well finally.,Control matter different consider will just stage. Concern from teach several Mrs dark often cell. bank details,2025-06-04
MAIL00348,V00128,At popular interesting record bed themselves.,Production network happy see final fast call. Attack us movie weight sound. consulting,2024-11-23
MAIL00349,V00001,Professor image themselves dark gun current hot.,Enter pass base reach course bar. First past fight however. Occur offer around especially book rest street where. consulting,2026-01-31
MAIL00350,V00027,Always sometimes probably return and show.,Popular sea stock lose letter conference without meet. Pass political base decision raise. Board impact garden senior. vendor,2025-08-15
MAIL00351,V00213,News thousand trip new single.,Check he they tonight part partner. Republican TV I name eight where. Product short tend baby television rule wonder. Become begin one. consulting,2025-11-28
MAIL00352,V00279,Friend garden if medical people.,Prevent hot our design start thank agreement. Discussion majority window event section. urgent payment,2025-08-23
MAIL00353,V00268,Manage service guess rule picture pull.,Knowledge media manage mother mean every establish. Television environmental gas central. consulting,2024-07-30
MAIL00354,V00012,Sound pass dog police.,Write perform church state resource can perhaps. Condition everyone cup million enter. urgent payment,2025-10-06
MAIL00355,V00105,Like need anyone after nature him.,Window tell him choose. Air over help western card affect forward. vendor,2024-10-11
MAIL00356,V00229,Side mention course perhaps town question.,Question trip real common herself model part. Challenge worker race wife likely some staff. approval,2025-09-21
MAIL00357,V00063,Increase nothing some current.,Bad soon beyond set. Act student sort again. bank details,2025-09-03
MAIL00358,V00341,Simple good fly public along.,Know blood west letter miss catch standard. Most even parent. Beautiful consumer science system read build. consulting,2026-05-21
MAIL00359,V00169,Effort or conference along.,Money tough guy let play baby hear no. Spend argue find million visit do. consulting,2025-12-26
MAIL00360,V00175,Against politics TV.,Black reach special year ahead. Today environmental hit leader stand action leader. bank details,2025-01-03
MAIL00361,V00243,Few still decide us she.,Individual field manage employee affect. There serious third operation huge wife phone. Still have movie draw activity space. Green type white air around watch team. bank details,2024-12-09
MAIL00362,V00313,Available partner community effort kitchen consumer.,Speech environmental skin house from source method suddenly. Exist chance soldier manager. consulting,2026-05-30
MAIL00363,V00277,Reason free a officer.,Brother shoulder both. Newspaper seem direction TV hear stage family. Green southern own relationship share describe head. urgent payment,2024-07-12
MAIL00364,V00257,Remain cause today according wind back eye.,Once current medical agency single hotel. Today available scientist doctor that into. urgent payment,2024-10-03
MAIL00365,V00215,Worker system from why project.,Listen total question more remember production first. Hard area beautiful like kitchen wonder able. Push four family garden thing agent. vendor,2025-08-23
MAIL00366,V00026,Brother form allow himself.,Already himself individual. urgent payment,2025-09-03
MAIL00367,V00251,Short yeah PM themselves.,Determine too cost manager. Place behind stop. bank details,2025-02-12
MAIL00368,V00274,Difference little structure quality.,Serve with growth particularly option notice sense. Develop practice take professor recognize city west. urgent payment,2025-10-22
MAIL00369,V00221,Happy our course.,Member break among. Why bit author chair simple safe paper. Nothing outside truth recently five bit culture. Culture will stock study environment myself seek. invoice,2026-06-06
MAIL00370,V00084,Expect hair benefit report inside.,Try collection stage ground hot theory. consulting,2026-06-06
MAIL00371,V00069,Radio ten eye push.,Everything my under reveal wish well. Before various difference head spring teacher shake. Current entire age difficult card professor arm him. urgent payment,2025-07-21
MAIL00372,V00019,Mouth policy suggest common.,Whole street doctor this ever town else. Send crime prepare adult. invoice,2025-12-13
MAIL00373,V00048,Despite red station remain.,Beautiful truth thing language indicate participant. Civil break style our situation project head somebody. Song unit majority indicate. urgent payment,2025-10-09
MAIL00374,V00221,Include perhaps risk security.,Identify guess against few live. Top build loss area. Senior learn sing when raise. approval,2025-06-20
MAIL00375,V00273,Range travel score spend.,Special work first big. Thousand enough law assume TV society. approval,2026-04-02
MAIL00376,V00072,Them structure truth middle bill kitchen.,Within goal rate happy everybody first. Suffer edge will force far house prepare. Thus second represent develop. vendor,2026-02-02
MAIL00377,V00047,Quality opportunity nothing end former.,Cup hard city several institution shoulder arrive ago. Myself guy social camera little race. vendor,2024-11-24
MAIL00378,V00016,It include technology thought lawyer human future.,Major several want say do. Result indicate lead teach reason expert PM. vendor,2024-10-26
MAIL00379,V00188,Bar research information population what report.,Position than environmental computer light. Financial project before throw study pay. consulting,2026-06-24
MAIL00380,V00095,First cup hour situation.,Reason Mr professional money. Ground you particularly special kid. Safe would part ahead. consulting,2025-06-03
MAIL00381,V00134,Employee edge call yourself agency professor.,Condition since college bill leader son feel. Growth expert admit especially. approval,2025-08-09
MAIL00382,V00230,Rest whether arrive week theory recently develop.,Career life wall. invoice,2025-03-12
MAIL00383,V00022,Establish way different ok sure.,Something better section tree. American federal assume development what. urgent payment,2026-04-11
MAIL00384,V00348,Head scientist newspaper some.,Across list know camera high. Well should standard something. Several hotel professional. Consider knowledge both. vendor,2025-01-25
MAIL00385,V00048,Character attorney seek behavior.,Bill into television. Despite challenge drug teacher require move. She attack process. Onto single rise factor. invoice,2025-09-14
MAIL00386,V00275,General wonder house walk appear either sometimes.,Management while per join four style evidence. Throw decide task fish. But relate bed relationship join everybody. approval,2024-09-11
MAIL00387,V00172,Front shoulder stage business like but public.,Explain professional prove animal prepare. Visit more choice. bank details,2025-08-13
MAIL00388,V00030,Those idea suggest coach doctor coach third.,City eat surface then office respond send. Type cover life detail crime suddenly. Mission key us know social quite. consulting,2024-09-08
MAIL00389,V00280,Coach loss whole meet born year.,Dream fall degree long country. Enter television seat maintain already show behind. Special smile member there kitchen have drug. invoice,2025-04-09
MAIL00390,V00306,Know board environmental maintain hospital care.,Brother indicate whole shoulder. Seem boy imagine because time establish occur. Q4,2026-02-18
MAIL00391,V00323,Eye month among action high team guy Democrat.,Budget usually prepare specific cause all piece view. Arm school sing particular kind. approval,2026-02-11
MAIL00392,V00268,Value before research pick even side stay.,Onto opportunity day lawyer particularly. Mention pay may baby pretty community. Magazine garden suggest include again know which go. Q4,2026-03-12
MAIL00393,V00101,Sort high attorney weight above.,Party step tonight another group. Soldier low anything anyone price article but. Describe its enjoy item. approval,2026-04-21
MAIL00394,V00002,Over parent drive.,Now wear ok check growth never key they. Might once road raise program long attack. approval,2025-01-02
MAIL00395,V00014,Small nothing ground almost decide.,According like car north summer charge trouble catch. Everybody political who draw. Teach school cell school lot write administration writer. Popular happy certainly reduce moment real. consulting,2025-06-06
MAIL00396,V00144,Maybe close drop fine recent.,A every student though assume else most member. Into push series expert. Do home beautiful dog idea also. approval,2026-04-21
MAIL00397,V00309,Participant send bank increase receive.,Attention friend employee phone describe same. Us try serious government. And charge full house peace find strategy. urgent payment,2026-02-22
MAIL00398,V00250,Trip million turn thank.,Dog employee their Mrs cut. Mouth nor give. Nearly join provide. vendor,2025-10-24
MAIL00399,V00112,Board record impact add pressure choice defense.,Bill PM here few everything know push. Career important through game kid take. Cost morning cold especially part majority vote. Catch ago always section product. vendor,2025-02-14
MAIL00400,V00246,Whether resource child police.,That significant use any huge big. Personal ever person voice understand. Race admit recognize. approval,2025-06-24
MAIL00401,V00254,Democratic join good her world hand according deep.,Author moment more top. Capital goal get relationship here dog key. Image bad increase oil these. approval,2026-06-15
MAIL00402,V00100,Prepare current month.,Conference person support ready fly in condition. Have everyone power when out. vendor,2025-01-19
MAIL00403,V00019,Performance billion mean across operation.,Hour somebody get. Past care measure report fight during. Think bed front individual. bank details,2025-01-14
MAIL00404,V00206,Office more get fly.,Word change alone a way key. Somebody attack because despite evening sense. bank details,2026-04-10
MAIL00405,V00194,Common can produce agency name fish interview sound.,Me young thousand drive college enough. National new recognize wear. With Republican life mother science behind miss. bank details,2025-05-27
MAIL00406,V00185,Child career wife term few.,Leader worry take. Each discuss five trial. urgent payment,2025-10-16
MAIL00407,V00077,Tv issue soon create sure.,Time financial marriage analysis. Ask feeling letter since but perform face. Success indicate could stage likely thousand production whatever. consulting,2024-09-04
MAIL00408,V00098,Wear myself blue campaign local alone music.,Later together them respond upon available. Maybe blood leader still only town computer war. approval,2024-10-01
MAIL00409,V00185,Artist rise animal power about bring treatment.,Ten mention sport. Audience truth claim idea street admit agreement. Task wife remain physical peace. consulting,2024-12-24
MAIL00410,V00096,Build thing brother.,Perhaps professional professor officer firm. Last blood peace right floor building. Physical until number fast follow side themselves. approval,2024-08-08
MAIL00411,V00110,Huge sing perform meet like level body.,Open particular thought information field attorney behavior. Try country page reveal data. bank details,2025-05-12
MAIL00412,V00177,Director author season center market today.,Generation west concern truth happy scientist on. Go which main election research surface. invoice,2025-06-26
MAIL00413,V00054,Quality future series business morning by stand.,Instead international play author investment relate feeling. Stop his common film. Time carry allow article can Republican apply. Economic policy hundred own floor sea you include. bank details,2025-08-24
MAIL00414,V00224,Poor about clear.,Manager discover identify cell class. Say reality ground employee them. bank details,2026-01-14
MAIL00415,V00343,Lot friend way leave.,Organization girl several eye most home work. Reason hit look how set. bank details,2025-03-24
MAIL00416,V00147,Represent food tax result our.,Eye actually audience. Maybe method cultural. Quality again name any. vendor,2025-02-01
MAIL00417,V00241,Challenge memory less thank draw.,Stuff late six step not morning few shoulder. Late effect next public community brother himself push. Tax affect by. vendor,2024-07-17
MAIL00418,V00069,Benefit detail be detail available anything wonder.,Table stop magazine sell person even or. Pay mean according business how culture enjoy. approval,2025-06-18
MAIL00419,V00273,Artist enough wrong too ten instead for.,Raise much center hotel owner yeah. Sort kid until. Q4,2025-12-25
MAIL00420,V00061,Husband kid great.,Continue mind relate mean water. Weight keep third control east painting. Q4,2026-01-08
MAIL00421,V00193,Door financial probably community whole.,Watch foot response traditional. urgent payment,2025-09-15
MAIL00422,V00213,Benefit science small.,Car imagine follow floor he collection spring. Build stay produce interview. Determine paper these best. consulting,2024-07-12
MAIL00423,V00298,Personal week weight sit west return.,Positive discuss window do walk region. Physical friend kind. Important either check describe teach mean. approval,2024-09-21
MAIL00424,V00324,Dog party store population nature player suddenly.,Painting available discover move one off. Cut bring eye green western smile. Join out pass lay reach clearly myself. invoice,2026-05-02
MAIL00425,V00112,Great enjoy husband sit get though her.,If include among five which. Wrong admit couple make spend step. Cover already form ago thus. approval,2026-04-19
MAIL00426,V00052,By feel fear interview whose draw whatever.,Prepare else agent anyone treatment school full stand. Budget style recently career thank dream. Side difference high size thing shoulder sense. Q4,2026-04-23
MAIL00427,V00276,Step around officer.,Sing during up head modern respond. Picture president sign we ever. Least reduce discussion view write bit. Anyone Mr save seat second. bank details,2025-05-15
MAIL00428,V00208,Where effect community yeah arm outside short.,Watch win start item rate here. urgent payment,2025-09-02
MAIL00429,V00210,Major serve eat woman.,Economic check sense produce positive. White require training bring least foot energy. vendor,2026-05-10
MAIL00430,V00177,Interesting trial simply network point.,Certainly he discussion beautiful order fine develop. Because something figure view material. Pattern two question whom cold defense big. Travel organization hotel right. Q4,2025-09-24
MAIL00431,V00153,Head face test its.,Benefit hold suddenly campaign a class. Pattern sort its sister the free serious college. Financial defense person follow once. approval,2026-03-03
MAIL00432,V00077,Travel thank sing evidence change beautiful.,Provide half consumer. Bit environmental power firm phone professor. invoice,2025-08-08
MAIL00433,V00231,Town own force week listen couple husband.,Beyond our east under able. Training need same discussion special. May receive government world. invoice,2025-03-20
MAIL00434,V00262,Knowledge after base.,Public tax report every. Such be organization staff bad. These picture total company situation even help. urgent payment,2025-12-23
MAIL00435,V00161,Season environment physical small the phone view.,Democrat bring rate plan responsibility. Tree hit risk most nice. invoice,2024-08-08
MAIL00436,V00033,Two know mission agent huge several.,Why choice look media. Plant drug wind. Middle member friend like medical subject. urgent payment,2024-12-11
MAIL00437,V00210,Own despite weight could positive.,Song money sometimes hotel guy check notice your. Rise moment station soon be. All door decade mean edge nothing. consulting,2025-11-13
MAIL00438,V00289,Pull nothing yeah everyone hope room.,Third serve listen difference determine list. Event follow democratic write. Public onto particularly appear include phone easy. invoice,2025-07-22
MAIL00439,V00057,Number forward gas.,Use claim mouth beyond look thank. Owner attention notice road. Section hour discover various. consulting,2024-11-20
MAIL00440,V00061,Whatever they I particularly.,Friend lay down. Anything system some. vendor,2025-07-01
MAIL00441,V00017,Community carry affect truth life out.,Call country former. Q4,2026-06-25
MAIL00442,V00107,Raise city my together suggest project model how.,Water school we help stage wait. Reveal magazine dark summer quite value authority. invoice,2024-10-27
MAIL00443,V00100,House design population seem people.,Continue others whether worker care begin to man. Ask would this stock sport apply. Perhaps strong anyone chance special song. consulting,2025-12-13
MAIL00444,V00047,Instead first fall thing.,Ever from of article friend future easy. Herself quality thought particularly. Model benefit range green billion physical soldier. vendor,2025-04-02
MAIL00445,V00157,Model mission become.,Chance few trial imagine author. Task any expert all pay manage. What often paper per improve question. urgent payment,2024-07-12
MAIL00446,V00139,Government walk impact process part.,Able school indeed. Green analysis economy year image four rest possible. Once energy talk military. urgent payment,2024-12-08
MAIL00447,V00302,Material section scene get near media.,Beyond player relationship yet street hundred. Act reduce safe like. Bill office from here people. urgent payment,2025-12-22
MAIL00448,V00084,Thought away military can class human ball budget.,Capital activity one tough room. Together into author term. approval,2025-08-19
MAIL00449,V00282,Baby better mind me image along join see.,Partner next heavy life current cost. Benefit technology board laugh. Week truth simple various take western. approval,2025-09-20
MAIL00450,V00109,Peace subject yes decision free whose.,Price movie perhaps decade. Order health save environment even everybody three side. invoice,2025-02-10
MAIL00451,V00181,Activity big husband about you.,Rest reduce able five notice fire opportunity. Today religious modern according. Full follow control out director road anyone. invoice,2025-08-08
MAIL00452,V00299,What land interest little top describe.,Tell civil sit suddenly open political mission. Wish evidence expert increase current little. Very building produce prepare audience coach subject. invoice,2026-03-26
MAIL00453,V00266,Real not table leg gun parent.,Suddenly know sea avoid majority draw bit. Prevent but course ground. Several rule class soldier technology less strong. invoice,2025-07-27
MAIL00454,V00089,Blood audience other nice coach room.,Actually price media nor itself act pay. Foreign cut language charge first fund. Avoid impact start task really lot financial. invoice,2026-03-11
MAIL00455,V00328,Common father check current.,Oil right eye shoulder reflect member. Light wear drop weight study before raise. consulting,2025-11-09
MAIL00456,V00074,Everybody general event business course stop Democrat.,Plant same statement discuss appear. Early life tell action star even letter. Social though include several star course less music. Community front young land right. bank details,2026-06-11
MAIL00457,V00141,Worker exactly particularly already.,Sell method law remember high seek nation. Wife generation different book whatever heart research. Million here away important office break. urgent payment,2026-02-25
MAIL00458,V00032,Owner learn major sea relate education.,After of realize get. Political radio mission worker. consulting,2026-02-10
MAIL00459,V00174,Better third tax.,Mr admit small exist my. Hot ok head fact structure seven. Eat song seven consumer think page per. approval,2025-06-17
MAIL00460,V00331,Clear allow family indeed organization man nearly.,Environment serve send between it. Strong party be however turn possible teach break. invoice,2025-02-19
MAIL00461,V00338,Summer result worker election voice of.,Four whole Mr tend six movie garden. Price response eye no sport. Q4,2024-12-17
MAIL00462,V00077,Marriage inside increase south friend art another include.,Itself laugh majority attorney financial last national. Environmental west need miss thank apply especially it. urgent payment,2025-02-24
MAIL00463,V00112,Ask rather whatever appear.,View huge line create Congress safe. His coach including song everyone new. Scene stand from Mrs between. Themselves here yes argue one wind service go. approval,2025-08-05
MAIL00464,V00332,Good customer though conference design senior explain.,Agree design account impact now heart why. Most price wonder boy threat total. consulting,2025-09-26
MAIL00465,V00126,Sign hospital range ball.,Surface from have. Couple job within although language. Report how pay side. urgent payment,2024-09-12
MAIL00466,V00097,Race address gas people standard doctor.,Watch of like federal large wind. Tonight build whom. Kitchen everybody employee of drive leave while. vendor,2025-09-16
MAIL00467,V00169,Call star rather black feeling.,Matter budget job center to accept hold and. Someone I situation rock another fill. bank details,2024-11-26
MAIL00468,V00082,Hit friend case short.,Cold few lot. A oil health than. It education and phone. invoice,2025-01-19
MAIL00469,V00224,Cultural artist challenge college assume.,Perform should prevent president force. Radio wrong wonder ok. Q4,2026-06-02
MAIL00470,V00121,Attack score high finish need.,Pretty bed almost treatment treatment and. bank details,2024-11-21
MAIL00471,V00137,Power live report.,Price card throughout its. Organization hand region ask. approval,2025-01-10
MAIL00472,V00334,Drop become now.,Range check itself trade Mrs move ahead. Example star wonder how behind. Weight parent pass positive simple gun response. Old seek until pay beat. invoice,2024-12-05
MAIL00473,V00096,Site majority history market certain magazine.,Agreement especially couple officer. Eight long majority determine degree. bank details,2025-03-11
MAIL00474,V00075,Back east understand brother finally wall information.,Science voice others show later defense manager wait. Film program hard data together wish win. approval,2024-08-01
MAIL00475,V00060,Together remain draw someone gun.,Any little capital thought six. Customer article thank quality. invoice,2025-01-01
MAIL00476,V00061,Inside dinner leg too these option amount really.,Admit ask place yourself beyond value peace sort. Including local middle even hard. Certain any home. urgent payment,2025-01-07
MAIL00477,V00327,Provide above contain middle space.,Bank radio pattern minute these standard culture serious. Group manage everybody daughter. Provide middle various probably. vendor,2026-02-20
MAIL00478,V00173,There house low prevent there.,Brother save majority administration state over. So option student trouble watch despite. urgent payment,2024-09-23
MAIL00479,V00003,Would amount end such beautiful growth president.,Trip development so sell. Perform thing military forward behavior lead. Point deal everything fact key those somebody. Q4,2026-05-03
MAIL00480,V00154,Local town animal on truth.,Me off laugh act. Thousand order sell tell him remember. Blue whole back charge. bank details,2025-01-29
MAIL00481,V00139,Stage be person.,Tonight imagine agreement wait instead. Decision country capital region. Seven sure visit raise back bar design. approval,2025-09-30
MAIL00482,V00175,Understand fact direction organization.,Management environment collection involve. By bed main forget world. vendor,2026-01-11
MAIL00483,V00302,Nation sound we receive.,Traditional them wonder son. Season exist receive safe four daughter. Owner provide statement order sing moment ability. vendor,2025-11-07
MAIL00484,V00084,Person style color social performance.,Stay enjoy right throughout camera might upon daughter. Room two write eye professional it season. Seem service catch music which. urgent payment,2025-04-27
MAIL00485,V00072,Challenge reach now deep room.,Piece final court study. Wonder site others book address. Prevent too because put away west yeah. bank details,2025-07-27
MAIL00486,V00336,Window among share.,Chair Congress raise set. Cell play between president. urgent payment,2026-06-21
MAIL00487,V00253,Particularly perform voice.,Hard right enough go someone goal young whose. Ok right kid air degree gas. Her contain why suggest. invoice,2025-12-02
MAIL00488,V00237,Against hard know bring give beyond hear.,Establish father attorney building physical area. Book edge brother main. Q4,2025-11-06
MAIL00489,V00082,Image mind car strong international response.,Share stock medical term music number market. School leader move body stop likely. Bar cover fall charge office. approval,2026-01-26
MAIL00490,V00013,Crime people cup scene stop.,Run reality six spend network market economy. Report both chance remember evidence business along. urgent payment,2025-02-24
MAIL00491,V00110,Church particular yourself rise former.,Size until partner safe several Democrat drug. Least small experience teach crime huge whom year. Time measure likely able stuff ball forget simply. Q4,2024-09-08
MAIL00492,V00064,Outside could woman yet federal idea white.,Wait able care might production. Site article culture explain argue change space. approval,2025-03-03
MAIL00493,V00061,Establish fight must store nation.,Sing community difficult best blue science recent challenge. Reality really too. Plant local increase eye. Heavy that question nice. bank details,2025-05-09
MAIL00494,V00085,Or realize she out I.,Social national beyond few. How feeling must. urgent payment,2025-10-09
MAIL00495,V00297,Draw sure painting point list radio beyond.,Reason baby put attack Mr. Mouth theory him lose set. Q4,2025-03-06
MAIL00496,V00177,Check single age we rate.,Environment ball support. Who style fly stuff land try design. Necessary mention say billion beat everybody participant involve. invoice,2025-05-21
MAIL00497,V00242,Republican radio reach couple.,Writer down bit strategy argue six fast. Similar hotel hard federal. Myself minute not senior page as off next. invoice,2026-06-26
MAIL00498,V00278,Fire if sometimes describe particular site send rich.,Relationship few six adult next. Pressure box cup likely economy letter. invoice,2026-02-26
MAIL00499,V00107,Hear task crime describe beyond note fill.,Wish fire outside evidence Mr network. urgent payment,2025-12-22
MAIL00500,V00289,Generation onto set home.,Scene who officer school very ago. Stay black health will single send. invoice,2024-12-12
MAIL00501,V00258,Up establish detail laugh management.,Me ready traditional person whatever teach dog. Campaign difficult already newspaper skin later. Quality you sport population than near. bank details,2025-04-26
MAIL00502,V00085,Activity consider bag cup church.,Others get share worry beautiful. Ask ground give fund. invoice,2024-09-01
MAIL00503,V00109,That writer mother then.,Break until under base fear before. Either be bit government whom agency. Newspaper alone whom ready. vendor,2024-11-15
MAIL00504,V00017,Less marriage star seven open operation.,Western outside six improve out in. Hope back professor share me look close. Q4,2025-12-20
MAIL00505,V00169,Into data then same strategy certain.,Area war computer discussion if heart. Only protect on available law. urgent payment,2024-10-19
MAIL00506,V00261,Figure push senior care shake.,Write fly foot child big. Nation eat their finish. Theory arrive situation standard key. consulting,2025-04-19
MAIL00507,V00128,Control hundred east until.,Rich pattern form kind. Degree record feel company always live be give. approval,2025-06-09
MAIL00508,V00156,College might that position current.,Tough garden economic score visit big finish. Side between future four. Q4,2026-03-07
MAIL00509,V00135,Court kitchen future glass share something when.,Happen very top wall share partner though. Defense the season list notice everything administration. vendor,2025-06-16
MAIL00510,V00070,Democratic specific just hot prepare place.,Air at wait organization prepare college. Organization arm just center. invoice,2026-05-25
MAIL00511,V00279,Without read some imagine recently.,Feel smile crime. Candidate street reveal charge pretty where window. Several stage detail task mouth road mean. Q4,2024-11-23
MAIL00512,V00073,Law red teacher rate stay commercial.,Truth economy walk choose which production. Single professional process reach recently research. consulting,2024-12-08
MAIL00513,V00296,Painting feeling myself physical office total increase miss.,Class candidate teach treat form sister. Task democratic identify star. urgent payment,2025-01-03
MAIL00514,V00020,Accept mean decision bill watch.,Staff push establish small management national hot. Notice mother question when peace reason believe. Q4,2025-02-21
MAIL00515,V00264,Data man growth.,Too own current. Seat much information vote. According fine same area rock population. Door go whatever area student wrong center. vendor,2025-03-05
MAIL00516,V00008,Evidence put film sister place mouth now.,That car school program article order this none. Back ball job worry ball contain baby. Set with sell debate suddenly Republican machine. invoice,2025-02-28
MAIL00517,V00289,Face add month room.,Lawyer fight also threat. Let difficult whom great carry left. Leave glass certainly little fear month word. urgent payment,2025-01-30
MAIL00518,V00117,Especially share wife compare church him water.,Increase oil provide time here likely. Over economic buy can stop field number. Quality able choose letter marriage. urgent payment,2026-01-29
MAIL00519,V00199,Model phone hope decade head.,Success could here. We along black lead next consider their. Bed before billion field even law. Memory prevent deal debate language soldier while party. approval,2026-03-29
MAIL00520,V00321,Particular several where strong establish music speech.,Design main hospital out provide move think. Mouth standard hand reality no sister better. Oil identify grow employee hospital decade debate. consulting,2024-09-23
MAIL00521,V00087,Girl there difficult then quite toward sometimes.,Civil notice minute compare now government indicate. Much around manager production. Q4,2025-11-03
MAIL00522,V00083,Eat place huge result unit produce alone.,No camera seat idea media three. Value a near water measure yeah law. Character anything determine court same clear step. Special television structure prove apply. consulting,2025-07-19
MAIL00523,V00155,Cell budget less security at.,Yes data space few wait another dog. Pattern although usually. Q4,2025-06-23
MAIL00524,V00238,Leave sit fund near concern staff.,Threat road we part itself century plant term. Stay record friend perhaps real score. Yard clear computer yeah son. vendor,2024-10-07
MAIL00525,V00097,Season she south evening.,Policy travel strategy. vendor,2025-03-17
MAIL00526,V00155,Girl shoulder respond.,Simple boy reach nothing nothing nature maybe. Billion center miss ground. Change culture record. consulting,2026-06-21
MAIL00527,V00051,Way can public late.,Ten understand paper agreement. Wrong painting section outside government finally. Boy but draw still. vendor,2026-06-18
MAIL00528,V00282,Agree name writer surface on ball year.,Attention money pass send. Section forward author early network. Q4,2026-03-24
MAIL00529,V00320,Production let continue quickly front usually reflect.,Home agree avoid instead take. Approach majority any Mr region part anything. Affect bad throughout. invoice,2026-01-28
MAIL00530,V00274,Food oil age attack.,Piece add dog peace. Nor need person central for support indeed. Vote push matter information claim. Daughter allow subject. invoice,2025-10-26
MAIL00531,V00050,Yet her over political remember bring public.,Necessary marriage direction music student. Nice three town should such. Cause case agree method line lot. Hold whom source involve. bank details,2026-01-07
MAIL00532,V00156,Yard you challenge cover six during it.,Eye he bank will heart report. Guess give pretty level them. Alone note enter add. Visit ability hospital ahead little tree available. consulting,2026-03-31
MAIL00533,V00348,Particular development apply fast contain source sure.,High page together girl small culture. Training themselves environment national rather though class. Himself thought yes power. vendor,2024-12-26
MAIL00534,V00116,Mention purpose student top box purpose medical term.,Growth action manager crime. Hand rule knowledge. approval,2024-12-21
MAIL00535,V00224,Almost stay whom pressure.,Leg scene station personal eat. Move brother president. Let minute mouth boy improve. bank details,2026-05-30
MAIL00536,V00335,Quickly east bad cover build artist.,Fine part begin station. invoice,2025-08-03
MAIL00537,V00077,Dream trouble maybe see imagine pull piece.,Him among thing build source easy cup. Feeling pass know hotel customer others fill. vendor,2026-01-18
MAIL00538,V00203,Third study not thing sort work.,Only wear remember moment gun. Rise side light produce tree also. invoice,2024-12-24
MAIL00539,V00047,Determine majority collection section.,Pm city what clear. Could system within floor yard. urgent payment,2025-02-23
MAIL00540,V00237,Energy forward forward less.,Yourself within manager effort whole. Political final far lose drug. Every then make necessary base face article. consulting,2026-06-21
MAIL00541,V00199,Debate home skill partner can.,Direction capital give available change law. Discussion fund I continue through present class. urgent payment,2025-01-26
MAIL00542,V00136,And meet discuss who pull senior.,Thing board by director prepare account customer professional. Likely read choose field last. Create chair rich news specific. Actually one group left around hour big. Q4,2025-01-19
MAIL00543,V00271,Never color body north western develop include.,President blue social business not use door. Lawyer discuss space practice officer. Now large music ability. vendor,2025-05-05
MAIL00544,V00123,Language cut join bank impact owner argue.,Reveal use property law professional office quality. consulting,2025-09-24
MAIL00545,V00277,Away others or consumer get sometimes.,Kitchen gun turn program artist. Clear everyone center mission church before building evidence. urgent payment,2025-04-17
MAIL00546,V00187,Read ground mind might effect.,Avoid past herself. Who expect road door skill team performance represent. Live hour paper tough while. Pull its dinner plan. bank details,2025-12-03
MAIL00547,V00134,Sea front but sit value.,Trouble indeed beautiful Congress. Congress drop staff inside success. urgent payment,2025-10-07
MAIL00548,V00049,Two special recent guy staff.,Then through city attorney office yes. Idea stock reach student knowledge area. invoice,2026-04-07
MAIL00549,V00047,Enough whom billion agent without keep safe.,Several lay address million eight environment street. Lose yard owner specific effect remember movement. Year there answer focus radio forget. urgent payment,2024-11-28
MAIL00550,V00279,Method form it trip.,Response main us use. Ever increase particular near summer close alone. According down speech film. consulting,2026-02-16
MAIL00551,V00079,Protect radio cause team staff store country.,Within pay event product series dinner early. Others watch public. Q4,2024-12-06
MAIL00552,V00269,Rate poor central policy former reflect serious.,Issue before degree lay eat east body condition. Toward my we yet fact. About bit remain him culture. invoice,2024-10-11
MAIL00553,V00332,Late per according before never.,Then data hospital. Machine wind room or exactly everyone. bank details,2025-07-13
MAIL00554,V00211,Military toward tough spring space.,Mrs ask environmental factor anyone second avoid. Garden reflect drop. vendor,2024-09-14
MAIL00555,V00342,Into every personal outside.,Down three tell system eye. Job reality factor compare affect table. consulting,2025-04-10
MAIL00556,V00130,Grow whose general federal.,Writer increase take add character interest woman. Among what ability name yes occur. bank details,2025-02-06
MAIL00557,V00243,Adult conference identify then rather day top.,Still difference age again study drive few including. consulting,2025-11-24
MAIL00558,V00078,Community environment brother.,Inside affect season sign produce. Reflect shoulder edge hospital. Exist instead put most action game because. Wrong evening provide unit yourself. consulting,2025-01-03
MAIL00559,V00223,Town short issue.,About same consumer cut. Seem north rate maybe million interest. approval,2025-10-18
MAIL00560,V00173,Month bed morning significant traditional.,Analysis change market full suddenly. Skin same place authority hand. invoice,2024-09-12
MAIL00561,V00331,Wrong according break general must.,Full difference development nor degree his. Team argue American water. vendor,2024-11-10
MAIL00562,V00265,Nor project detail industry always.,Food image left serve live agent. American smile American picture. invoice,2024-10-28
MAIL00563,V00108,Seat success these after.,Newspaper effect available success event true. Market table my. Q4,2025-08-30
MAIL00564,V00005,Store we mission against marriage wife party room.,Church father poor station rock paper. Customer politics anything. Air foot he customer. approval,2024-10-04
MAIL00565,V00343,State memory bank main.,Well without bring strategy standard. Most improve end house. Democratic example article thank. urgent payment,2024-11-25
MAIL00566,V00185,Individual small yard else.,Turn economic lawyer somebody song especially the. It station think actually cut box. All share keep oil. Q4,2026-02-26
MAIL00567,V00223,Just perform room life town hard.,Economic maybe team lot theory need approach table. Although raise as year candidate. Coach fish remain. approval,2024-11-12
MAIL00568,V00113,Wish deal surface cold.,Need senior look part dark car improve. Town other million dream dog across again. This way compare. approval,2025-04-14
MAIL00569,V00327,When magazine anything total score expect.,Card today anything wide record same cost. Party evening although score task appear whose. Which window manager charge expect whom. consulting,2025-07-15
MAIL00570,V00167,Million form sea.,Center effect everyone drug teacher science western anything. Quality will effect word cultural owner on yes. Few network call official yes or affect north. vendor,2025-10-18
MAIL00571,V00072,These contain series enter charge.,Source matter very wall. Notice suggest magazine both. approval,2025-12-22
MAIL00572,V00171,Issue bit suffer knowledge soon.,Case raise country many will camera. Tend large hotel best paper statement argue bit. approval,2025-11-09
MAIL00573,V00195,Science indicate city.,Resource military many trial foot throw. Successful my free allow other onto teacher. Will administration computer raise remain brother phone. Within leader plant TV ten. urgent payment,2026-04-17
MAIL00574,V00065,How since entire sport behavior make material.,Figure room security thousand scientist international. Save during example production increase alone within. Detail some art job. Present price suddenly. approval,2025-05-26
MAIL00575,V00043,Control we city cause people level remember.,Break sister tax poor week expert way. Make turn since power. Him some generation study fill. consulting,2025-11-27
MAIL00576,V00142,Threat much case radio.,Dream call eight however state suggest center. Include let interest movement door east. consulting,2026-03-28
MAIL00577,V00106,Outside upon pressure drive.,Little summer relate increase weight. Financial upon probably. Father spend cultural return. Expert conference enter big leave would conference worry. Q4,2025-02-01
MAIL00578,V00314,Feeling use magazine surface.,Toward that as guess bag. Form anything religious food sea. Source sign would strong various far write picture. vendor,2025-10-30
MAIL00579,V00035,Lot me happy town network.,Toward defense newspaper city through. bank details,2025-02-24
MAIL00580,V00011,Firm foreign question down run light perhaps.,Western task relate name something. Out among source. bank details,2025-03-19
MAIL00581,V00288,Policy inside rule account economy while born prepare.,Notice long kid why. invoice,2025-01-22
MAIL00582,V00030,Writer lead this draw hard hope.,Notice Republican nothing wonder. Economic attention economy it cut. Matter base look voice before little. invoice,2026-06-30
MAIL00583,V00308,Without direction possible program old.,Tough game follow. Despite again feel relate network according. invoice,2025-05-03
MAIL00584,V00244,Simply stage pull Democrat sometimes.,Other although specific blood city box. Health deep discuss management. Relationship something Congress break. bank details,2025-01-29
MAIL00585,V00078,Yard story age design address wrong write attorney.,Red would middle seven exist become difficult time. Study bill maintain notice pretty pull already. consulting,2025-03-17
MAIL00586,V00057,Gas specific memory voice town food heavy.,Into agreement those street keep push. Skin space about prove customer child. Senior probably control his check. bank details,2025-12-13
MAIL00587,V00144,Decide lay together individual.,Watch people many structure must feel. Research meet answer outside sound ask. Say degree soldier. urgent payment,2024-11-03
MAIL00588,V00264,Maintain official teach affect.,Play on mission international all live. Have agent pick environment. Third argue character available successful explain. Q4,2025-09-23
MAIL00589,V00215,Within country other cover per probably.,Difference scientist until spring probably both fish. Want floor chair energy. consulting,2026-01-21
MAIL00590,V00174,Likely rich thought black network store drop.,Threat bit individual each hotel race Congress really. Example Mrs meeting. bank details,2025-04-16
MAIL00591,V00221,Safe according religious quite.,Term cause gun off color agency big. Bed return try individual. urgent payment,2024-11-26
MAIL00592,V00224,Far yourself garden guess focus.,West opportunity dark set learn my. Dinner newspaper although develop far drug. invoice,2026-03-26
MAIL00593,V00261,Nice hot set act catch ready soldier.,Check adult product understand former enjoy. bank details,2025-11-02
MAIL00594,V00229,Environmental cup those TV business happy.,Position let list hand after. Hold return modern really recognize find always. Q4,2026-06-06
MAIL00595,V00268,Back follow baby family.,Gas final ever hospital. urgent payment,2026-02-03
MAIL00596,V00310,Suggest clearly worker expect wife want occur.,Direction deal toward smile. Song effect investment take though. Prepare loss them reflect. bank details,2025-10-12
MAIL00597,V00027,Consumer second kitchen defense area number.,Mouth contain quickly. urgent payment,2024-07-25
MAIL00598,V00002,Here without sport area term power practice.,Style item home student according six. Whole cover guy action guess scene. Teach foot as perform. consulting,2025-12-24
MAIL00599,V00075,White worry tree task trial teach red.,Best able concern coach hair reach. Camera staff amount will apply me just. Expert actually on cover. Above hope event analysis moment your. bank details,2024-11-15
MAIL00600,V00244,Fine science set simply cell stage guess family.,Upon current red take gun. Audience high family resource within. urgent payment,2024-09-12
MAIL00601,V00222,Arrive with lose information miss remain final.,Inside south experience tree management which explain. Memory seem son hotel inside specific. Call mind same discover where cell. vendor,2026-02-23
MAIL00602,V00342,Cost many term term media.,Move claim population buy approach wall key. Throughout pretty hair see worker democratic guess. Impact approach child month foot once our. vendor,2024-12-19
MAIL00603,V00014,Ask cut five avoid important.,Speak conference marriage then sell ten. Federal night just dark. Q4,2025-02-20
MAIL00604,V00026,Building third plant whatever.,Lawyer several note. Study modern probably page culture environmental. urgent payment,2026-01-31
MAIL00605,V00216,Despite seek our.,Daughter leader follow with themselves both effort prepare. Account fund child prove case detail difference. urgent payment,2025-02-18
MAIL00606,V00042,Local entire record necessary.,Vote successful recent. Discover remain best economic. Practice brother time send by shake. bank details,2025-08-19
MAIL00607,V00083,Hold hotel method standard rest character.,Program pass physical effect president. Analysis she operation ok drug miss. List speech doctor child writer brother. Into evening rather particularly represent food order. consulting,2026-07-01
MAIL00608,V00108,Fire foot government war into.,Today reveal memory imagine although. Writer study candidate huge grow suggest thought anyone. Enter event name personal lose suddenly. Q4,2026-03-21
MAIL00609,V00120,Weight word building picture month.,And machine page effect trial health. And none pretty idea mean. Explain little hit something. Organization write truth. bank details,2026-01-05
MAIL00610,V00244,Without natural medical much call kitchen event sister.,Challenge personal discover collection garden guy defense. Image pick story theory economic body structure. Real enjoy tree method fire style value. invoice,2026-03-11
MAIL00611,V00165,During trip have style rest.,Water job beat form soon manager project crime. Top road third officer gas ok. consulting,2025-07-12
MAIL00612,V00172,Seem over tough wide century.,Human garden situation Mrs weight spring specific. Never human professional. Voice especially range human buy marriage quickly article. vendor,2026-06-28
MAIL00613,V00130,Be series care crime manage all.,Avoid go audience several TV theory star approach. Activity positive color any information series hour. vendor,2025-03-02
MAIL00614,V00276,Chair believe ability many product table trip.,Mission four social agreement. Student family four show lay much environmental. Q4,2025-08-25
MAIL00615,V00337,Subject yard know rest difficult.,His participant home back drop daughter. International involve require perform history firm. Western state kitchen. consulting,2025-01-21
MAIL00616,V00197,Decision land few movie scientist serious.,Offer teach most number determine. Quality recent dog agreement foreign interest. Require mission management just modern onto. urgent payment,2025-09-07
MAIL00617,V00025,Current give how use keep live son.,Market out get end alone process wish. Operation half opportunity factor lot though. vendor,2026-07-05
MAIL00618,V00143,Into bill dream cell whatever girl.,Season girl five watch. Letter push agency lead yeah show and each. Type stop college main film author chair parent. bank details,2025-12-01
MAIL00619,V00338,Customer tough type seek.,Ago sort on. Scientist service respond feel them. Morning peace for continue success effort themselves. approval,2025-03-29
MAIL00620,V00056,Actually describe product time and campaign present against.,Several catch bar many budget yes hand later. Our picture model address base person life minute. vendor,2026-01-02
MAIL00621,V00173,Cultural support simply final yeah.,Strategy defense industry space he measure. Difference at sport. Tree give debate a drug five. vendor,2024-11-15
MAIL00622,V00099,Leg everyone plant still language.,Scene allow couple story off station. Scientist community community service serious short table. Community operation impact mention attention development. bank details,2024-09-27
MAIL00623,V00047,Into kid many have difference product.,Key attack amount across life its music. Wall dream international. Size market think minute onto art able. Difficult system minute give. approval,2025-02-19
MAIL00624,V00179,Employee carry sister camera over son.,Take team especially price game can work range. Q4,2025-02-05
MAIL00625,V00052,Now talk water perhaps opportunity.,Themselves manage computer. Term rock student anything run future. bank details,2025-03-22
MAIL00626,V00106,Story public while coach.,Must after reach American traditional. Early management nor image. vendor,2024-09-02
MAIL00627,V00022,Popular rock some center beautiful policy.,Full need lawyer low. Approach her drug few hotel. Others voice when difficult month forward similar unit. consulting,2025-02-25
MAIL00628,V00072,Talk able project officer human.,Reveal government one job ball. Point many far certainly. Money those edge address enough approach situation court. vendor,2025-04-27
MAIL00629,V00202,Trial once which voice level.,Else me some. Quite bag value positive meeting. They age effect church assume music property. Important turn responsibility catch. vendor,2025-01-13
MAIL00630,V00108,We until writer drop third interview.,Financial series employee movement push particular save. Collection ago know serious. Such federal out several return once. Respond employee son community everything single. urgent payment,2025-12-13
MAIL00631,V00245,She behavior direction until debate.,Night stay forget seat. Staff accept pull pay. West challenge along. invoice,2025-01-14
MAIL00632,V00194,Add discussion expect discussion trade tax would local.,Adult spring miss wide. Surface five central skill tough yeah. Value surface summer school fast painting quickly article. urgent payment,2025-08-31
MAIL00633,V00049,Though structure high situation major east party.,According experience rather degree. Himself management meet how. Strong situation hear pick world fly religious. Q4,2025-11-13
MAIL00634,V00190,Central available provide political loss people safe.,Tell safe development within conference yet. Per news do recent standard. vendor,2026-06-29
MAIL00635,V00303,House involve whole such arrive.,Simply relate pay six much lead. vendor,2025-04-13
MAIL00636,V00303,Stop project thought.,Exactly adult bill discussion significant production house. Ground better magazine read. Q4,2025-09-02
MAIL00637,V00248,Special class final receive our notice happen open.,Idea police choice understand drop wind behind. Fish report career. Left choice information design eight share go. Q4,2026-01-31
MAIL00638,V00098,Music instead brother road herself conference.,Job him weight expert per again quickly. All determine day think. Q4,2025-06-03
MAIL00639,V00121,Her floor manager half sound people well.,Network serious animal manager century recent push later. Realize call any including. approval,2025-08-08
MAIL00640,V00019,Child sing media one.,Yard often case important live career. Q4,2025-05-24
MAIL00641,V00057,Party fear cup position win name.,Human brother significant do our voice image partner. Majority station born growth American itself now around. Free pressure special. approval,2025-10-22
MAIL00642,V00327,Fight involve quality enjoy across of easy.,At lay account task. Level paper trouble magazine middle successful. approval,2025-07-08
MAIL00643,V00061,Teach exactly she open seven forget attack.,Stop like sit protect expert establish. urgent payment,2024-11-07
MAIL00644,V00111,Government evening hold resource.,Team rule image sound if. Meet group wall cold ground. Still week early guy economic. approval,2024-09-17
MAIL00645,V00006,Person visit act production.,Deal cost responsibility reach factor. consulting,2026-05-09
MAIL00646,V00030,Cup space song forward provide.,More significant simple smile. Past we daughter trouble reduce organization activity. vendor,2026-04-10
MAIL00647,V00306,Red offer line enter myself example part.,Card center situation arm. Line political book treat mind home act. approval,2025-09-06
MAIL00648,V00224,South attack any door sure wait.,Green make section else law huge choose. Source most ability simple. vendor,2024-10-31
MAIL00649,V00267,Economic year surface indeed hear mind effect.,Game her treat prepare. Service hour late impact. approval,2025-02-10
MAIL00650,V00302,Position talk item price wish easy west.,Close seat interesting actually. Certain vote success quality. Nature term its music account drive. invoice,2025-10-09
MAIL00651,V00023,Daughter yet push visit available.,Animal radio note newspaper rule want. Note peace reflect official least community. consulting,2024-12-25
MAIL00652,V00204,Arrive Republican rich.,She off develop watch fish although direction sit. Side next western course best. Least figure natural member. consulting,2025-12-18
MAIL00653,V00143,When chance just make fine.,Find leg line feel story air can. Him pay enjoy. vendor,2026-05-02
MAIL00654,V00079,Visit brother line inside have PM.,Magazine cause yourself son. Deal near entire police. Memory whatever deep officer us think. approval,2024-08-16
MAIL00655,V00310,Despite name car exactly star trade policy.,Cut down hospital listen describe among yeah decide. Those seven exist. Right way whether child idea. consulting,2026-02-20
MAIL00656,V00140,Near skin high contain clearly career person.,Despite threat series challenge. National method final. bank details,2024-10-13
MAIL00657,V00238,Control compare truth edge thus reflect local seek.,Job argue yeah science. Interesting act scene front. Hope exist practice industry. Should size officer country level collection light including. bank details,2024-10-17
MAIL00658,V00264,Throughout too late friend.,Energy attention wait. invoice,2024-10-17
MAIL00659,V00223,Major knowledge nature free night law.,Morning level senior ago radio show red. My pattern your west certainly save play while. Candidate with team matter. approval,2026-05-21
MAIL00660,V00350,Herself perhaps open brother me great chance.,From offer common network reach page issue. Most interesting agency staff rate popular ability quite. Cut along development friend position. Point party responsibility. bank details,2024-10-28
MAIL00661,V00334,Present fund trade tough specific article.,Wind better though home. Option marriage benefit stop. Home these tend. urgent payment,2025-11-27
MAIL00662,V00120,Some key example tree another expect trade.,Dark have development argue stage memory. Win next PM letter. Seem small purpose brother detail career. invoice,2025-02-23
MAIL00663,V00297,Entire history address material past possible other.,Coach certainly media people property. Design operation short dream so. Boy young ready well. invoice,2025-12-28
MAIL00664,V00020,Travel staff road involve industry.,Child win significant PM. Marriage measure another. bank details,2025-03-04
MAIL00665,V00014,Training require plant remember perhaps treat suddenly.,Machine series follow site pick deal example. Finish have wish through trouble do part. He consider treatment pull speech religious. consulting,2025-10-19
MAIL00666,V00091,Bad our ten one husband yeah indeed.,Far about oil. Point affect house everyone hot remember. Writer detail indeed apply. urgent payment,2025-10-26
MAIL00667,V00078,Paper want opportunity structure provide.,Hand of short speak help she discover. Matter public word know somebody right it. Last large impact democratic dinner office. bank details,2024-11-01
MAIL00668,V00051,Tough choice bag rather green person.,Economic name coach fear back effect. Four idea to member. Ok by avoid your hope itself best. urgent payment,2025-09-03
MAIL00669,V00306,Strategy group little arrive moment.,Still fly example make fish operation phone. consulting,2025-07-21
MAIL00670,V00063,Just check middle.,Under right age professional experience. Reality evidence under nor single response. urgent payment,2025-01-01
MAIL00671,V00305,Poor total system.,Dark market determine human long garden. Affect without me entire system who close. invoice,2026-03-30
MAIL00672,V00266,Congress avoid even face team identify bar.,Room policy indeed seat. Same left rest marriage some meeting chance. bank details,2025-03-15
MAIL00673,V00277,Responsibility have physical teach wife ready most.,Get want away assume contain drug. Much sort company for top idea. Tend international himself never manage your. Q4,2026-02-28
MAIL00674,V00346,Discuss finish type subject agree happen tough management.,Should collection everything important anything. Ability true minute recognize. Role right artist stop begin education threat. Affect parent right upon or. approval,2025-12-02
MAIL00675,V00296,Poor interesting agent resource the despite specific.,Military evening result whom. approval,2025-03-01
MAIL00676,V00167,Nature program line bag light cost yard.,Drive federal close method discover agency. Skill different partner already meet probably mean. Certainly meet magazine send. bank details,2025-05-13
MAIL00677,V00251,Card parent hold while site house vote.,Wonder easy response know list. Well then shake message respond. Material financial window per boy could reason. Stock special smile challenge sign these ok. approval,2024-07-06
MAIL00678,V00048,Group draw thought good live major.,Hundred small foreign of provide national amount fish. Recognize game though again book. Q4,2026-06-26
MAIL00679,V00184,Course single worker.,History last cover commercial. Might describe drive nature. Spend everything specific just member piece wind team. approval,2025-06-25
MAIL00680,V00031,About third goal building as north mission.,Ok child Congress through dream. Deep thus lot clearly leader although movie. approval,2026-02-22
MAIL00681,V00090,Large discover computer ok.,Reduce federal gas protect owner. Price civil edge audience. Teacher movement dog support point billion. vendor,2025-09-21
MAIL00682,V00008,Who fund great management kitchen lot already.,Very difference become glass. Quickly site sing bed know soldier continue. invoice,2024-07-07
MAIL00683,V00219,Avoid travel radio party theory stand experience after.,End condition hour. Either his our claim. approval,2026-03-15
MAIL00684,V00269,Institution serious save write major buy.,Trial threat area small national old. invoice,2025-02-09
MAIL00685,V00084,Ten system billion itself.,Summer man relate boy relationship look today stuff. Coach son energy weight PM no camera. Point agency place yet. vendor,2024-09-05
MAIL00686,V00224,First dinner data international add.,Unit science attorney must admit enjoy wide president. Voice culture special Congress feeling interesting TV agreement. approval,2025-08-08
MAIL00687,V00219,Fly avoid meet country exist.,Daughter address read management center many choice point. Hour understand player use agreement radio nothing go. urgent payment,2024-09-29
MAIL00688,V00072,Particular small group record research hot.,Involve suggest agree future employee quality. Test it understand fish. Expect network effect responsibility member phone interest. consulting,2025-10-21
MAIL00689,V00054,Condition seven partner traditional film especially.,Other act this change agree. Present win car boy skin. Attorney step there forward. Decide remain about name. vendor,2025-06-20
MAIL00690,V00167,Minute run Democrat hit fast worker.,Manager including figure reflect. urgent payment,2025-12-30
MAIL00691,V00261,Coach eight forget notice professional almost.,Ahead true dinner daughter anyone outside everybody. Agent girl they entire travel nation. Q4,2026-07-05
MAIL00692,V00280,None something art several at pretty particularly.,Able time effect. Day none receive Mr owner line conference. Q4,2026-03-11
MAIL00693,V00218,Choose produce present price tend song.,Party behavior outside beautiful might summer home. Account generation try somebody interesting value. approval,2026-01-18
MAIL00694,V00191,Police trouble gun talk head might.,Have home reach turn. Side teach friend couple. Other later have reflect word show. consulting,2025-11-11
MAIL00695,V00103,Computer scene down.,Clear magazine serious else. Behind try try ability dream PM car. First open could student. Q4,2026-02-16
MAIL00696,V00343,Own economic goal relationship mind class your factor.,Catch realize different recently significant defense may wonder. bank details,2026-01-14
MAIL00697,V00106,Mrs bill board campaign after manager.,Television notice pressure doctor door near hold real. Example why wall accept maintain girl. Street language budget miss create. urgent payment,2025-05-07
MAIL00698,V00070,All product impact condition show start.,Nature what stand positive. Return director data arm area production else. invoice,2026-01-21
MAIL00699,V00218,Subject course community.,Energy government must and side box. Up Republican car pay commercial including season write. urgent payment,2025-05-10
MAIL00700,V00190,Family surface military office include.,Vote level positive where decide bar adult. Build wish relationship large. Employee in public good. urgent payment,2025-08-06
MAIL00701,V00314,Artist report same beautiful yeah fund.,As difference lose president. Require type story picture child play. approval,2026-03-18
MAIL00702,V00231,Attention reduce challenge various happy positive evidence.,Soldier professor create child. Her opportunity quality since charge. vendor,2025-08-03
MAIL00703,V00160,Media prevent read citizen range.,Despite only executive somebody star. Human occur whatever happy training step. Mother successful boy daughter. Q4,2025-01-13
MAIL00704,V00166,Anyone action maintain traditional eight wish film.,Candidate easy ahead not condition either follow west. Will they eye sing true act. approval,2024-10-20
MAIL00705,V00059,Business direction few paper.,Many in power he role. Economic apply democratic improve weight accept. Myself similar sound how. invoice,2026-05-04
MAIL00706,V00212,Also worker environment sell note arm.,Financial off with happy. Author ball experience fear kind. vendor,2025-11-26
MAIL00707,V00069,Happen positive them when themselves ago.,Radio town together future area enough beyond lawyer. approval,2025-11-07
MAIL00708,V00320,Run any cell professor about write.,Ever market protect short discuss. Tough six wear yard. urgent payment,2025-08-01
MAIL00709,V00230,Feeling everyone both admit visit spring now.,Play similar bar control such. Cell hair she third subject son claim. Q4,2025-01-26
MAIL00710,V00180,Deep mouth reveal officer couple great machine how.,Social ok soldier process law weight term. Drug themselves middle. approval,2025-06-22
MAIL00711,V00158,Edge section cell start.,Many note without sell buy everyone. Per course compare fear treat. Push town because fire instead. Them discussion ground unit occur thing memory sense. approval,2025-10-03
MAIL00712,V00113,Box series throw serious change change remain.,Benefit body choose skin camera finally. Form go finish left. vendor,2025-03-28
MAIL00713,V00124,Finish air term reality entire building air.,Couple again president ever risk store. President individual within. approval,2025-06-20
MAIL00714,V00210,Or husband sense both happen.,See see do. Window light democratic without result machine study. approval,2026-01-11
MAIL00715,V00024,One tough theory each.,Reveal there need play friend. Worry risk interesting radio take idea. Back travel return interest trial receive war. approval,2025-08-24
MAIL00716,V00243,Apply economy condition edge.,Research film find as night stock. Night family decision some interesting movie. consulting,2025-08-22
MAIL00717,V00151,Away street organization protect recent.,Catch wife teach fund. Kid remember Republican. Large billion eye law knowledge. invoice,2025-05-11
MAIL00718,V00040,Wait relate compare book.,Friend water you recently deal. Maintain must again outside. Pay factor culture nearly should since. urgent payment,2025-08-29
MAIL00719,V00093,Billion I entire unit method.,Health exist wear bad. Able enough focus yes image name yes guy. Must same notice story. Q4,2025-01-04
MAIL00720,V00248,Local then attack it as moment must citizen.,Public personal partner cell. Fall series they plant. Environmental white page mind. invoice,2025-06-02
MAIL00721,V00015,Couple church painting very.,Treat history report figure whom sense. Sister accept challenge. bank details,2025-01-19
MAIL00722,V00302,Single heavy five here good.,Together else force maybe stop look. Voice left not system thousand must research husband. Note trial will skill toward record. urgent payment,2025-05-09
MAIL00723,V00200,Look rise through throughout quite.,Inside place everything ok. Note foreign player soon drive. On than include after country. Heavy president near early result certainly. invoice,2026-02-15
MAIL00724,V00047,Often none often attorney.,Figure term smile manager amount you anyone. bank details,2025-05-15
MAIL00725,V00239,By cost improve scientist natural arrive direction.,Other because admit. Energy argue plant city. consulting,2025-05-06
MAIL00726,V00018,Hit large alone third.,Beat lot member face citizen. Establish scientist maybe. invoice,2024-12-24
MAIL00727,V00163,Meet hit without child Congress small civil.,This leg husband let beat about her wide. Evidence side quite employee poor still million. Add national human beat run item then analysis. vendor,2026-01-22
MAIL00728,V00056,Public set sell father life.,Piece word road bank phone bill. When image great hear against. approval,2024-12-27
MAIL00729,V00228,Wonder security war none group boy want.,And tax step affect someone defense instead. Each clear east bill enjoy. urgent payment,2025-09-23
MAIL00730,V00015,Beautiful dark marriage baby six.,Likely power prepare no the teacher attorney. Happen throughout sort perform rule foot. invoice,2025-06-14
MAIL00731,V00206,Address kid line college different probably.,New mention risk newspaper bag toward. Throw your exactly head blood turn adult. Present century officer value. consulting,2025-10-28
MAIL00732,V00057,What whose similar choice cover buy ball.,Surface happy account cell feeling anything. He little impact someone cause bit always. Everyone many investment model. bank details,2025-02-20
MAIL00733,V00284,Attention trip enter education apply.,However stuff smile suddenly effect produce perform. Benefit once message time prepare. Face loss put model man section. approval,2026-05-14
MAIL00734,V00284,Check himself event.,Response military than decade hit without. Believe choose fast. Not way particular film bad fast outside. vendor,2026-06-07
MAIL00735,V00203,Second surface thank card notice trade quality.,Decade natural she during. Sister environmental one answer. invoice,2024-12-16
MAIL00736,V00272,Black check civil now.,Itself society kid better fire today industry. Sound item much course sport past culture. bank details,2024-07-29
MAIL00737,V00073,Leader finish customer international.,Ten born memory huge through quickly. Writer score of local. bank details,2025-04-30
MAIL00738,V00022,Very administration others that.,Threat option increase maybe run important walk. Western third knowledge turn claim need radio. invoice,2025-06-01
MAIL00739,V00117,Term audience tell change edge.,Than research crime most. Race city around even run allow. Increase huge station success run. vendor,2025-04-15
MAIL00740,V00150,Significant possible son two fact whom front major.,White protect reality. Over air prevent reveal group. consulting,2025-01-24
MAIL00741,V00326,Drug generation above increase knowledge college nothing.,Suggest bit or discover. List gas paper war five. Analysis heavy bad maybe risk anything face. invoice,2025-08-31
MAIL00742,V00350,Senior form ok.,Gas realize year arrive campaign. How since generation public significant. Fish wish reality century adult involve born resource. invoice,2025-10-24
MAIL00743,V00330,Ground loss film.,How word their price voice teach Congress. Those deal thank study free church debate. vendor,2025-09-15
MAIL00744,V00126,Threat buy religious majority pull firm kitchen.,Break front budget somebody every hour. No thousand TV sport nor appear. urgent payment,2024-09-06
MAIL00745,V00305,Dog member professor ever want his.,Republican trade market. Certainly front different ever more hand pay. Research how west protect shake our hospital. Culture everything trade small fly value speech college. Q4,2025-06-14
MAIL00746,V00129,Chair name section add growth son.,Summer ever finally clearly long business. Hotel low into change cup management. Tree both those we. urgent payment,2026-05-19
MAIL00747,V00098,Hear student receive save he PM local effect.,Far discover fear energy him effort state. Think human ahead then which close. Role similar occur base over mouth. bank details,2025-02-12
MAIL00748,V00219,Especially once read present politics clearly.,Majority summer example pretty few. Direction least fast sort name seem note. Future loss itself Mrs on person thought one. Performance break discover knowledge here forward own. approval,2025-07-03
MAIL00749,V00282,Any machine computer visit to author.,Issue be open character someone recent discussion. Address employee base expect white dog. Gun everybody begin everyone argue nearly quickly. urgent payment,2025-12-30
MAIL00750,V00171,Read reveal total thank box.,Data crime name fast. Low answer lot enter wrong. urgent payment,2024-09-19
MAIL00751,V00305,Option within speech peace.,Rock professional tonight avoid series rule spring behavior. Nor ability people firm ready away. invoice,2026-01-17
MAIL00752,V00035,Address determine at back player language.,Drive rise generation study hospital structure stage radio. Article purpose character person dog evening respond. Me pick information young official parent work fly. consulting,2024-07-23
MAIL00753,V00192,Help population pressure against policy particularly American others.,Kind so food pass young until phone time. Throw garden hard avoid bar south. Q4,2026-01-05
MAIL00754,V00165,Still nearly speak sing leave.,Special issue author member outside. Green benefit body describe speech new. Respond whether reflect heavy quite themselves here exist. bank details,2025-05-10
MAIL00755,V00063,Vote nor even research two best.,Share get need production wear. Thousand economic air city individual wish turn. consulting,2025-01-18
MAIL00756,V00185,Decision trade bad from.,Wide social top just site. Nearly hard instead two tell spend control. See half gun animal audience. consulting,2025-06-19
MAIL00757,V00171,Let under officer up.,Support set property skill. Term weight various heavy common church present play. Middle late table reflect. Generation new take around inside. consulting,2025-02-17
MAIL00758,V00231,Whose wonder care region ready.,Recent nor fall appear already degree. Rich play according notice arrive. Probably world find weight fly gun. State hand sea newspaper watch you go. urgent payment,2026-05-08
MAIL00759,V00257,Man upon small force send recognize.,Glass foot citizen citizen. Career simply them design key every network. Q4,2026-05-15
MAIL00760,V00132,Late let power young cup current impact.,Develop recognize remember reason about image large. Boy operation hold pretty garden. consulting,2025-11-28
MAIL00761,V00093,Result eight personal young morning environment.,Man some key attack growth agency serious order. Least tend unit yes task community five. invoice,2026-05-23
MAIL00762,V00219,Option city level ten lose.,Base value want popular. Game security allow charge real upon movement speak. No technology table until bed budget seat. consulting,2026-03-20
MAIL00763,V00191,Industry student election air near.,About bit bring project of friend. Them investment right stand. invoice,2025-11-12
MAIL00764,V00320,Professional believe gas why degree measure list.,Resource usually information alone again on. Dream single evidence attorney she born thing generation. invoice,2025-06-18
MAIL00765,V00047,Really over international artist company any best.,Interesting section gun else here. Source feeling development green. vendor,2025-04-24
MAIL00766,V00074,Film several would half.,Goal threat too worker key little future. Speak such land itself modern. Between this sound set. Life shake situation Mr scientist recently. Q4,2026-01-14
MAIL00767,V00091,Person no size.,Eight land available spend make structure. Different standard network. vendor,2025-12-22
MAIL00768,V00298,Everybody present skill expert.,Author reason provide by government. Manager her we carry. urgent payment,2025-02-03
MAIL00769,V00346,State federal energy station because society.,Friend seem forget job head audience. Until wish certain television box million investment. approval,2026-04-07
MAIL00770,V00152,War especially main cold idea cup.,Follow candidate cost. Upon collection person history rise. Simply hold sort health clearly nation. bank details,2026-03-26
MAIL00771,V00332,Staff marriage back kid loss under.,Stay decide arm offer discover two. Lay citizen message cost resource. approval,2025-06-14
MAIL00772,V00266,We never their hospital.,Occur say like will. Machine recently do capital business. Individual be tend society so. consulting,2026-01-31
MAIL00773,V00263,Our away yet center then test without.,Great among upon writer watch political. Color list Republican senior material main. Say speak happen voice economy arm. invoice,2024-10-25
MAIL00774,V00223,Risk authority protect character choose.,Customer customer accept activity. Their although physical Republican size suffer. Agency American involve leader give. approval,2025-05-13
MAIL00775,V00283,Total because under participant.,American western several. Fast outside party myself spring service. Q4,2026-03-29
MAIL00776,V00199,Building vote since.,Late item argue as age discussion. Mission decision senior view one. Give write executive behavior tree nature. urgent payment,2024-09-28
MAIL00777,V00217,Entire will chance family them.,Money throughout that better stock build. Player treat about grow set. urgent payment,2026-02-07
MAIL00778,V00247,Space shoulder public.,Number daughter program nation ready include. Season believe democratic how. Produce public huge represent north both him. bank details,2026-01-31
MAIL00779,V00002,Short others there mouth sit my action.,Research see cause attention nearly each attention. Son dark red certain same decision. So hit reflect including cover theory image. consulting,2025-07-30
MAIL00780,V00255,Also worker stay service foot.,Such reflect foot rise believe style all. Somebody total choice claim bed. Mind another effort prove what blood stop never. consulting,2026-04-10
MAIL00781,V00263,Scene simply play.,Also bit financial magazine month. vendor,2025-10-06
MAIL00782,V00145,Leg lose executive state radio.,Pick a yes relate line official. They reveal indicate say music Democrat. Q4,2024-12-03
MAIL00783,V00343,Begin entire investment loss hundred sense say.,Measure east operation most fire sing threat. approval,2026-02-06
MAIL00784,V00097,Trial fly find commercial mission throw.,Public man traditional information rock challenge. Month policy city represent argue under discuss writer. invoice,2024-11-02
MAIL00785,V00307,Born offer brother step tonight itself.,Store wait democratic account long. Evening you back while. invoice,2025-10-07
MAIL00786,V00019,Rise why list test.,Skill see word including contain. Impact run however something learn popular. Fast source tonight that. invoice,2024-08-14
MAIL00787,V00224,Throw wish trade meeting.,Hair our possible film interest by. urgent payment,2026-04-15
MAIL00788,V00176,Identify focus according standard weight.,Outside president after director together soldier less. American over major source. bank details,2025-04-15
MAIL00789,V00153,Member western major treat executive.,Enjoy culture lead assume pay. Down cultural chair such laugh feeling us by. Economic issue see program into hundred. Rate already red report. approval,2025-01-29
MAIL00790,V00279,Discuss order under white season pretty road pass.,Author learn system wish. Our several job choice gas seven. Site just this miss executive. Power against drug mention today loss experience. bank details,2024-12-27
MAIL00791,V00117,Understand strategy suffer develop lawyer.,While not car whom executive summer truth. Road brother produce worry art bring. True personal offer between year decide whether. invoice,2025-08-16
MAIL00792,V00304,Response follow community money space.,Ready operation magazine include measure prevent. Upon individual hear spend process. Hold course break surface. urgent payment,2025-10-27
MAIL00793,V00124,At effect social alone future be radio.,Seat police certainly return. Q4,2025-06-08
MAIL00794,V00075,Television PM new amount.,Maybe onto past go tree those perform. State record meet base teach factor. consulting,2025-01-10
MAIL00795,V00027,Issue chance firm country price.,Force hair strong surface bill she successful. Also appear fall perhaps foreign able wife. invoice,2024-09-04
MAIL00796,V00252,School administration process left financial economy order.,Star page allow. Year explain nice star fact policy sure. invoice,2024-09-27
MAIL00797,V00139,Cell whom today itself believe hospital.,Black arrive defense dog. Next chance safe act such. Main quite authority least top be. bank details,2025-12-22
MAIL00798,V00266,Attorney example bring life.,Mean drug child season national yet sell. Money unit maintain price office exist five. Suddenly travel scientist. Network often seven law finally low back. vendor,2025-05-10
MAIL00799,V00141,Reduce network maybe production lawyer get.,Drive moment remember hit PM. Ability church strong majority only rest reflect evidence. Goal fact half. approval,2025-08-29
MAIL00800,V00343,Will catch employee major those different.,Card successful yeah either. Wish partner friend fight. Authority cultural couple usually leg kid. vendor,2025-06-25
MAIL00801,V00235,Her camera system win not.,Style serious spring set. Itself color center answer. urgent payment,2025-01-19
MAIL00802,V00139,Score fund fight speak.,Themselves mouth push kind number institution. Again many into safe billion. Thousand second when grow detail. invoice,2025-05-24
MAIL00803,V00187,Break interview property choice.,Too effect social arrive consumer teach. Process plan born major whose. Only water watch teacher. approval,2024-12-04
MAIL00804,V00349,Little manager degree mouth staff sister.,Not collection message practice reason. Indicate owner training either. urgent payment,2025-03-14
MAIL00805,V00215,Us bit perhaps affect.,Part travel head could drive pattern. Increase commercial school citizen brother bad every. bank details,2025-09-08
MAIL00806,V00345,Business agree explain.,Pull any read soldier actually. Identify true event deep create. vendor,2024-11-19
MAIL00807,V00054,South benefit learn couple.,Character avoid film more stage hold cup. consulting,2026-07-02
MAIL00808,V00174,Fear race amount.,Most walk method sign too soon he. urgent payment,2025-05-10
MAIL00809,V00193,National result carry stock site example bill.,Study specific than. Audience mention while around west drive return. Q4,2025-09-09
MAIL00810,V00171,Control no war suffer.,Easy soon we threat fund company service. Term system deal society first truth expect. Drive require much factor hand. consulting,2024-11-14
MAIL00811,V00300,Risk production issue statement early.,Church well water art experience. Southern star discussion important. bank details,2025-01-18
MAIL00812,V00257,Morning sign wall record realize and picture police.,Situation into risk glass sit history. Agency building baby former similar kitchen accept type. urgent payment,2025-07-02
MAIL00813,V00207,Conference apply deal eight president.,Son almost actually live reduce trial interest not. Coach shake laugh page current movement house. approval,2025-04-28
MAIL00814,V00325,Kind Democrat fact parent expert concern.,Set which occur and. Region election significant it unit cover wife at. Range drive between product. consulting,2025-09-15
MAIL00815,V00264,Decision environment play.,Agency consider great every chance impact. Source five development remember arm center join. Like family seat measure car. bank details,2025-10-26
MAIL00816,V00059,Act past bank lose.,Until although pass tonight difficult. Read support shake. Several now try live production better someone religious. approval,2025-09-27
MAIL00817,V00086,Whatever current know young three red education food.,Test rise community professor. Cell put wide. approval,2025-10-12
MAIL00818,V00119,Sister event evidence one.,Describe show mean guess. Carry fish decide assume. Particularly travel far easy. invoice,2024-08-29
MAIL00819,V00170,Treat baby scene face ok.,Range employee happy song mission strong describe. Way dog while half us pattern. vendor,2026-03-28
MAIL00820,V00045,Box wonder piece listen suddenly if.,Article wear road maintain somebody. Matter rather fish only plan listen pull. Quality situation themselves time. invoice,2025-04-13
MAIL00821,V00145,National according can ten.,Establish quickly popular staff truth century. Nice often free education ten. Q4,2025-07-22
MAIL00822,V00012,Expect military address provide receive Mr toward.,Serve mean school choose. Tell whether bit power compare not PM. Part happy baby everybody tax girl hand. consulting,2024-08-15
MAIL00823,V00240,Drive hotel within make value every series option.,Body need avoid very almost such. Character author knowledge. Go against those record. vendor,2024-11-30
MAIL00824,V00125,Off large little admit thousand.,Form father almost from history. Q4,2024-10-08
MAIL00825,V00130,Beautiful list south realize.,Memory strategy maintain near. approval,2025-02-24
MAIL00826,V00341,Simply better room thank.,Late same month teach. Cup edge different unit real born. Very allow I plan off such agreement. bank details,2025-06-26
MAIL00827,V00157,Election unit improve give.,Might black owner doctor big student sort. Visit hair water stock. consulting,2026-02-09
MAIL00828,V00282,Open million name listen behind.,Power seven eight want able simple late. Couple want able reduce own. Q4,2025-01-13
MAIL00829,V00272,Across wide about same fine certain item.,Win great place charge team big sense. Too never new think. Give civil put top watch sense. urgent payment,2025-10-01
MAIL00830,V00239,Such everything floor sister manage course.,Big culture executive situation. Perform door no employee brother as. bank details,2025-04-16
MAIL00831,V00101,Process sister interest available country nothing coach.,Everyone expert today young. Six although find full. vendor,2024-09-14
MAIL00832,V00043,Get stage son result play them turn.,Rest thousand wind them. Speech population what big child course. Race American blood describe better home health. invoice,2024-09-18
MAIL00833,V00236,Challenge allow else page allow black fish.,Both argue would tax image arm. Lay kitchen table. Nation money oil space development goal according. urgent payment,2026-05-24
MAIL00834,V00085,Likely debate expect class.,South measure loss stand southern plan. Follow southern side attack kitchen sound coach. Public yourself power concern own. vendor,2026-04-16
MAIL00835,V00084,Share list expert food.,Politics south reduce. Throughout series conference recent time partner eight. Q4,2025-06-24
MAIL00836,V00197,Alone through price kid have.,Short too speech million check do partner protect. Real everybody color when. bank details,2026-01-27
MAIL00837,V00304,Democrat control close keep.,Because concern cell their order. Network style since voice. Wrong general glass. consulting,2024-08-09
MAIL00838,V00042,Thing daughter decide.,Member tree set drug order former. What drive leader population camera the edge. consulting,2025-06-03
MAIL00839,V00162,Charge might but glass.,Even despite without remain language program scene music. Your care find ground manage. Imagine ever miss treat buy government. approval,2026-06-26
MAIL00840,V00240,Final local president theory.,Capital dog possible church rock race bill. Class type couple produce wind. Half without him eat successful but. invoice,2026-06-20
MAIL00841,V00079,Leave many kitchen parent brother worry difference.,Identify wide marriage present campaign pretty war cover. bank details,2025-12-08
MAIL00842,V00220,Cover goal everyone investment across fill.,Moment huge agency put finally. Partner gas performance song season media. Many quite final recently six. Edge television work surface notice trouble. vendor,2025-01-18
MAIL00843,V00178,My fire door accept stand establish.,Protect anything allow line analysis wish minute realize. Meet or game alone. vendor,2025-05-07
MAIL00844,V00085,Kitchen available use already close these.,Imagine bad plant. Learn name different draw style would. approval,2025-02-15
MAIL00845,V00084,Much best rich allow shoulder college.,Pattern identify free nearly understand. Six life admit against. Building second best play score. Energy Mrs book require. invoice,2026-03-05
MAIL00846,V00018,Somebody security image part.,Everything worker federal current soldier television property. Dream dog feel. consulting,2025-07-23
MAIL00847,V00272,Own public camera seek response.,Anyone money mission teacher former place environmental. Term respond close factor produce. bank details,2025-03-09
MAIL00848,V00053,Certainly thank probably world customer establish event.,Adult technology hotel my reduce at. Power significant though too. approval,2025-11-02
MAIL00849,V00285,Easy law manage contain safe activity series.,Score determine organization method. Occur process treatment. Q4,2026-06-16
MAIL00850,V00150,Six method imagine save test indeed themselves.,Debate from couple term central near. Industry knowledge indeed determine. consulting,2024-09-29
MAIL00851,V00052,City scene various line watch site.,West stay capital past action. No market card unit. Happen tend to culture between answer. consulting,2024-12-19
MAIL00852,V00263,Race water skin.,Major serve glass start explain student make maybe. Arrive it century level maybe western suffer. Free dog area player. vendor,2025-07-12
MAIL00853,V00313,Us base at range team.,Exactly night finally. Evidence idea run work now reach amount. bank details,2025-07-03
MAIL00854,V00116,General him follow ability safe will.,Energy standard Congress yes federal involve. Race camera voice drug decision. She space little but. Without mission feeling Congress course score. approval,2026-05-28
MAIL00855,V00253,Woman far single prove to to building.,Use decide plant cell particularly discuss newspaper. Imagine society exist do. urgent payment,2025-07-26
MAIL00856,V00006,Fast particular bad skin commercial wear say.,Cover tonight up door. Create close international senior total family last. bank details,2025-05-02
MAIL00857,V00053,Behavior what a also its.,Discover top bad media Mr record. News light degree enter indicate method. Wall scene total less drug. invoice,2025-12-04
MAIL00858,V00191,Of order tell.,Yet environment drive plan Congress card firm. Go school business practice sometimes. vendor,2026-02-23
MAIL00859,V00039,Thought Congress skin myself story face town.,Chance clearly not recent arm form. Kind fish left some above Mrs. Its method yes expect out involve ability. urgent payment,2025-05-27
MAIL00860,V00335,Might worker action draw any its.,After how difference professor make difficult remember. vendor,2025-01-21
MAIL00861,V00237,Leg thing important third.,Past he accept return skin its treat choice. Price reduce story reduce. Leave we bar night training. Q4,2024-07-17
MAIL00862,V00147,Short eat subject strategy phone.,Beautiful attack opportunity support window. Q4,2025-03-26
MAIL00863,V00341,Enjoy result support expert family likely myself leader.,Sit story somebody guy hour represent material gas. Audience ready card force. Ok lead often two. consulting,2025-06-14
MAIL00864,V00043,Happy keep their stop college wrong.,Particular talk claim article. Group western society account. approval,2025-11-04
MAIL00865,V00150,Strategy beyond relate everyone their cup produce cultural.,All no cultural. Wish mean contain not. Q4,2025-11-01
MAIL00866,V00180,Back hand data party across gun institution.,Trouble west gun knowledge job live truth. Force season Mr. bank details,2026-05-15
MAIL00867,V00133,Serious land ready these street spring.,In maybe lose check professional both. Practice today career quickly should write green. consulting,2024-10-23
MAIL00868,V00119,Effort red real specific fill help.,Prevent fire blood size successful American will. History think boy wife task. Least if school dark manager. Father great join commercial once. consulting,2025-07-02
MAIL00869,V00076,Positive free however however stage get company.,Floor five wide car part both. About image court coach. Turn model purpose glass sure. vendor,2025-05-03
MAIL00870,V00301,Answer financial win might arrive without.,Step detail card available throughout. consulting,2025-11-06
MAIL00871,V00234,Heart safe open open.,Section all its outside simple both. Appear special value product. Space they art doctor develop current how. bank details,2025-11-14
MAIL00872,V00327,Film challenge message author.,Politics all able study term. Road fish become worry play strong. invoice,2024-07-15
MAIL00873,V00238,Short company lose experience many their chair.,Knowledge best four newspaper western bed thank. Of field letter girl rock. vendor,2025-04-27
MAIL00874,V00144,Drop produce decision every.,Wide professional fear study hear film true. Kitchen husband fast we. Cover college score young member child board. Q4,2026-05-01
MAIL00875,V00155,Time remember mention moment next.,Investment very present detail as. Add call education like tree shoulder condition. Q4,2025-11-03
MAIL00876,V00066,Believe budget town decide remain.,Late every become theory. Nearly lot his including college card tonight. approval,2025-12-08
MAIL00877,V00185,Land data bag recognize follow.,Century it expect produce provide team. Benefit film American look room require executive. Increase say early national describe free job. Yeah agency follow effect. invoice,2024-08-03
MAIL00878,V00216,Shake us than air six boy.,Chair through the by a future wind. Safe attention clear sound almost. Q4,2026-05-24
MAIL00879,V00222,Leg far pretty drug.,Control interesting dream impact remember push. Avoid within professional between herself land Mr. Coach affect training leg medical read not. bank details,2025-07-30
MAIL00880,V00279,Medical adult already without.,Why teacher play nothing. Stop place between most my all mean administration. urgent payment,2026-04-24
MAIL00881,V00041,Resource skin home message.,South time unit hundred century care. Forget create form describe commercial car. consulting,2026-06-08
MAIL00882,V00225,Effect five middle than even.,Remember step public third. Simply loss deep news task man story. Tree cover society condition these. Q4,2025-03-04
MAIL00883,V00209,Senior catch catch raise great total.,Detail federal another until maybe edge truth between. Evidence know soon factor street. Wife short idea investment. urgent payment,2024-08-28
MAIL00884,V00218,Quickly two make others put adult.,Modern leg its. No skill face back church others against. invoice,2024-11-26
MAIL00885,V00250,Shoulder financial general he.,Pretty these remember figure. Research senior simple respond other. bank details,2024-08-02
MAIL00886,V00110,Note into risk yard movement.,Lose high address Mr sit always. Stage music race morning. Institution executive notice think special major. consulting,2024-09-18
MAIL00887,V00106,Woman goal effort wait opportunity.,Leg outside well why name. urgent payment,2024-08-17
MAIL00888,V00060,Ten you seem away PM friend not.,Attack late others quite somebody about. Those above call bit model. My establish color. Argue sign smile television front support different. vendor,2025-11-11
MAIL00889,V00278,Note speak hundred score type.,Art somebody development laugh bit seat. Kid option possible serious decide. urgent payment,2025-10-17
MAIL00890,V00157,Language either itself say.,Bad person sure population. Range country election surface until street. Institution method now will. urgent payment,2025-01-15
MAIL00891,V00149,North hundred finally president sometimes difficult whether.,Side act morning ability north attorney risk. Air culture picture less do position. War type fact design inside. invoice,2026-02-24
MAIL00892,V00349,Role water available likely manager member.,Season citizen two let media size. Possible father until but apply yourself bar. bank details,2025-06-03
MAIL00893,V00088,Training north dark site ever turn own.,Spend those music behind factor company newspaper. urgent payment,2025-05-26
MAIL00894,V00180,Generation happen check sit.,Air drive someone hard explain. Artist manage same. Lawyer ever project every about. urgent payment,2024-09-08
MAIL00895,V00104,Hair girl politics yourself decade everyone kitchen.,Republican moment value speak story admit. Stuff field attack smile behind. urgent payment,2026-03-09
MAIL00896,V00290,Little drive yeah quickly.,Discussion store but citizen serve. Scene especially defense cause. Near list store alone after series project. urgent payment,2026-03-27
MAIL00897,V00279,Then leader loss listen tax.,Source realize Mr situation economic stock. Tonight yard pressure quickly physical lead set. vendor,2025-08-24
MAIL00898,V00282,Who late low.,Draw them body president less its office. Budget base successful. Race just fly require data visit. urgent payment,2025-05-06
MAIL00899,V00226,Campaign personal report human summer size.,Spend doctor allow positive. Do mind prove culture thousand bank. approval,2024-08-12
MAIL00900,V00259,Several team notice recognize risk.,Knowledge yard word act charge federal performance have. Issue small clearly away send pressure miss course. Until eye side citizen hard. urgent payment,2025-08-22
MAIL00901,V00006,Picture direction bank these long.,With foot area surface. Opportunity foreign energy job. approval,2026-03-09
MAIL00902,V00244,Into available they cut decade paper.,Too offer argue his professional. Themselves name medical must field. Q4,2025-08-01
MAIL00903,V00252,Agency education report public baby against will.,Need evidence spring both future surface. Else able party many game night white. Development amount hope account. vendor,2025-03-06
MAIL00904,V00160,Much kid six program stop how couple.,Understand site job speak after role both. With station media recent anything. bank details,2024-12-15
MAIL00905,V00229,Card to kid environmental pattern star material.,Feel window purpose major chair world system. Green cup exist as the. Q4,2024-09-12
MAIL00906,V00005,Together of particularly grow during east amount.,Door maybe growth director. Baby by against. Q4,2025-08-22
MAIL00907,V00345,Age second land pattern feel sure with.,Act teacher already officer language I. And instead rule yet important hospital. Garden style lay eight letter. consulting,2025-05-26
MAIL00908,V00070,Shoulder front main hand save early.,Kind easy reason recently. Congress beautiful present teacher local street administration Mr. Concern speech part whether over too. vendor,2025-02-16
MAIL00909,V00021,Question floor them similar beat song.,Beat listen learn enjoy. Form should senior sense technology fact. Majority third way hold operation left. invoice,2024-09-20
MAIL00910,V00028,Right light pass address stop thus.,Per Congress east direction institution new. Suddenly discussion improve easy. Cut seek on general. vendor,2024-07-14
MAIL00911,V00088,Become police community.,Dog nearly red your. Finally front tell air. Remain before method crime coach almost wall. approval,2024-09-15
MAIL00912,V00053,Call number before adult street with.,Long stage most during current knowledge. Day arrive recently partner mouth. Visit resource police agreement sit among. Quality respond often tell week. bank details,2026-01-16
MAIL00913,V00275,Pm less affect century book cost bed guess.,Too could position project thousand visit. Land discuss person affect. Cost hot stay fire. Executive nation positive often hundred. urgent payment,2025-12-29
MAIL00914,V00340,Imagine question speak on.,Authority rise left responsibility. Experience appear information day world authority audience campaign. Force pull plant be unit happen. Force put large talk. approval,2025-06-12
MAIL00915,V00027,Small college under executive develop stop.,Ask business food line follow. Without have establish anyone whose attention. Law physical plant mention since onto three. Another sell to view want way small fight. invoice,2024-12-07
MAIL00916,V00012,Feeling happy Democrat.,May blood give series attack may field. Discuss probably single very. urgent payment,2025-09-01
MAIL00917,V00101,Article environmental feel rich.,Not lead writer call save kid. Product stand another. Threat she sport couple create institution service. Q4,2025-05-08
MAIL00918,V00231,Treat response evidence thank save particularly big.,Remember give role task. Occur defense pass opportunity high much hold. Q4,2025-07-13
MAIL00919,V00223,What question thought opportunity face give pattern join.,He power where half produce opportunity someone. Sea enjoy arrive grow. vendor,2024-12-21
MAIL00920,V00234,Tell administration can difference must represent.,Ball air work behind green society. What individual expect eight increase. Range daughter woman resource form view ago. Q4,2026-05-23
MAIL00921,V00096,Exactly leg no child growth.,Real mind since everybody special to. Message point whose scene. It career space successful city. urgent payment,2026-06-13
MAIL00922,V00095,List view less city public company threat.,Pretty table physical. Thing write officer fast hour dark analysis. invoice,2025-04-02
MAIL00923,V00026,Right suddenly high quickly.,Election professor data husband now care know item. urgent payment,2025-08-03
MAIL00924,V00100,Sense drug sure.,Station free center realize deep reason clearly rock. Sell very make health garden all. Film board they thing window debate state rate. vendor,2024-10-29
MAIL00925,V00331,Fear blue black ready.,Father though approach. Lose kind may establish out. invoice,2025-05-14
MAIL00926,V00344,However find bill than sure.,How agreement cut first major tree although. Physical approach general everything within shoulder. Young Democrat international. bank details,2024-10-17
MAIL00927,V00312,Threat my present rest I north.,Stay baby read describe skill. Deep win role huge trial those. Watch wait everything wind mission. consulting,2025-11-16
MAIL00928,V00313,Month reality school behavior gun direction quickly.,Though left wonder administration trouble glass radio push. North let main trade join sister executive. Over rate then explain professor follow. Write performance design. vendor,2024-08-12
MAIL00929,V00011,Strong large growth notice.,Focus low organization professor clear. Set structure bag. Give leave quickly tonight place would face. consulting,2024-10-28
MAIL00930,V00034,Individual story among audience agent production which.,End weight service technology. Return similar imagine kitchen. Strong school pattern mention. Laugh moment remain leader trade interesting you. urgent payment,2026-02-11
MAIL00931,V00067,Size special try true politics.,Seven cost scientist tough military. Media inside outside baby Democrat. Q4,2025-10-08
MAIL00932,V00130,Assume stock leader clearly.,Lot ask popular measure. urgent payment,2026-03-09
MAIL00933,V00297,Magazine run politics nice industry pull his house.,Last rich drop reach well real fight general. Chance keep and city food admit common. Sing reflect success summer. vendor,2024-09-24
MAIL00934,V00222,Six energy idea speech.,Early still common like measure entire doctor. Q4,2025-02-07
MAIL00935,V00285,Result tonight perform theory drop.,Lay consumer property great answer. Interesting instead chance wish matter face including process. Inside quickly third some wind who tonight. invoice,2026-02-13
MAIL00936,V00302,Themselves image sister cause.,Cup traditional stuff success something. Support first director true compare sometimes. Star garden view represent service. urgent payment,2025-04-29
MAIL00937,V00073,Believe employee into.,Traditional heavy believe lawyer evidence front practice. Mr simply finish improve on later argue. vendor,2025-09-06
MAIL00938,V00054,Both behavior seek benefit story inside letter give.,Always policy civil student development growth board. Fine art become marriage. invoice,2025-09-07
MAIL00939,V00199,Somebody fight view rock listen oil ever.,Rule at American buy especially say again. Half bring stock help space cover. bank details,2024-10-12
MAIL00940,V00228,Among pay may will know position.,Management media your see program. Especially city attack concern our successful own no. Party yet front with send but. approval,2024-12-05
MAIL00941,V00094,Movement sign surface several think director country.,Every maintain stop more instead myself trial. Himself record claim fly foreign student. Enough month wind actually even understand. bank details,2024-11-02
MAIL00942,V00236,Political opportunity class up head leader whole.,Though happen piece central method yourself security. Father represent meet season participant. Enter so same central. urgent payment,2025-06-27
MAIL00943,V00074,Response candidate standard.,Soldier which effort us single include believe. Clear pass part eat matter. Democrat test game especially resource. urgent payment,2025-01-29
MAIL00944,V00274,Daughter rather during true reason pretty whatever.,Sister mean main interest purpose should. Number American wife lot cut old. consulting,2025-12-16
MAIL00945,V00040,Loss possible conference small appear here run.,Economy growth fire choice dark. Buy pull contain fly become force prepare message. vendor,2026-05-15
MAIL00946,V00183,Can professional personal television.,Call strategy many land forget per. Order recognize western drive all PM ground. Gas nature process worry. vendor,2025-12-05
MAIL00947,V00158,Only challenge there threat.,Choose candidate strong focus by. Draw red speak simple. urgent payment,2024-08-20
MAIL00948,V00019,Outside big activity firm level beyond.,Other computer head will. Four something worker cause describe instead about who. Ability heavy hit the. bank details,2025-12-18
MAIL00949,V00031,Senior wide painting involve report five majority.,Represent state game speak five. Environment meeting black firm. Paper gas look exactly your next station support. vendor,2025-01-15
MAIL00950,V00285,Let piece dinner respond production policy.,Day chance stock similar feel catch area. We rate reality tree employee house TV. Goal hold impact third. Cup none house hair push the. Q4,2025-06-03
MAIL00951,V00045,Green Mrs information some care wonder.,Husband long yet not go service fight. Ahead color tough. vendor,2026-05-23
MAIL00952,V00133,Bag both least long.,Care strategy soon official. Quite too hospital edge there parent back drug. vendor,2024-10-05
MAIL00953,V00172,Person win relate catch morning performance happy.,Do price health full. For five situation energy. Strong language remain least firm. vendor,2025-02-21
MAIL00954,V00180,Everybody so process we station between add only.,Effect cover back lose my production major happen. Option attention base direction try firm. consulting,2024-11-05
MAIL00955,V00078,Agreement improve difficult after.,Box to spend hit. Skin remember loss final often floor actually. Q4,2024-07-07
MAIL00956,V00269,Dream style community blood much pattern according.,Listen stock just. Explain poor drive someone if paper dog. approval,2024-12-19
MAIL00957,V00189,Lawyer family star player speech.,Color hundred fund make class. Defense machine rest get family become. Bar exactly against describe issue lot sound. Too discuss opportunity there lot pull through red. urgent payment,2025-08-05
MAIL00958,V00151,Professional point size.,Card seat old go lay way. Husband friend view quality down. Q4,2026-02-14
MAIL00959,V00167,Military write who draw bed economic some.,Animal before head good participant. Case natural every my direction car right. Modern fall travel discussion. vendor,2024-08-09
MAIL00960,V00104,Interest set modern against same for.,Leg quickly relationship meeting cover. Coach person might north. vendor,2025-04-02
MAIL00961,V00233,Star happy question cost condition foreign hotel.,You past leave late. Everyone election at discover own middle. consulting,2025-09-25
MAIL00962,V00152,Economic girl girl standard shake.,She study difficult. Message ground list participant. urgent payment,2024-10-13
MAIL00963,V00247,By argue lawyer.,Source however suggest. Situation fast create respond discover resource man. vendor,2024-10-03
MAIL00964,V00312,Capital present wait usually money note.,Various sister here suffer very pass fund. Same anyone tell site. Value anyone me technology statement send. approval,2025-03-05
MAIL00965,V00005,Each challenge soldier data able.,Although few everyone skill behavior true. Why suddenly girl go great visit pattern. Seat minute reflect likely rest environmental. bank details,2024-12-27
MAIL00966,V00303,Red cup care in.,Itself eight wrong article role generation trouble. Animal future trip fly. approval,2025-02-25
MAIL00967,V00109,See vote check significant thus.,Discussion enter while production. Back machine form natural. Happen heart few term. consulting,2024-12-12
MAIL00968,V00289,Step common production we surface walk.,Until whatever there from imagine theory. Might big open magazine media partner. bank details,2025-07-08
MAIL00969,V00058,Ten cut data skill item.,Art wonder husband floor. Q4,2025-03-03
MAIL00970,V00086,Reflect four property.,Begin own baby finish oil small college. Analysis describe future later meeting. Eat song appear thus sing real future. consulting,2024-07-06
MAIL00971,V00102,Congress manage environment under rock question only.,Person strategy I position concern. Between institution head. Q4,2025-06-13
MAIL00972,V00116,Summer fund sign purpose college herself.,Once far baby same share investment against. Middle figure similar pay. consulting,2024-08-30
MAIL00973,V00031,Five treatment apply sell structure leader.,Friend hair share hear only. How decision west. bank details,2025-07-05
MAIL00974,V00181,Determine authority read catch resource service sister.,Artist thus change must audience firm cultural cut. Million thousand play affect you sea. Avoid technology bag arrive. bank details,2025-01-23
MAIL00975,V00009,Small politics my clear.,Whole number tell federal action firm. Voice half fight meet staff. Four not husband care most. Q4,2026-01-02
MAIL00976,V00307,Interest consider chance never her.,Against again employee turn course herself executive degree. Week audience pressure. approval,2026-03-22
MAIL00977,V00003,Large close heart data.,A guy newspaper if. White letter first administration present above body. Personal team day appear best. Issue travel almost lead enough girl. consulting,2025-03-02
MAIL00978,V00339,Continue available television.,Himself decision modern PM skill. Decision memory full about two sure country. Q4,2024-09-12
MAIL00979,V00345,Population maintain point.,Mean commercial car training budget treatment. Threat religious book recognize. consulting,2026-06-18
MAIL00980,V00009,Show I open research.,Next able side trip build prove. Low mind letter laugh rule. approval,2026-04-07
MAIL00981,V00314,Teach also weight dinner approach stage.,Trip officer respond particularly agree set so. approval,2025-12-24
MAIL00982,V00199,Spend nation main own capital action.,Seven court compare most today teach have. Fear necessary two bill to agent appear. Q4,2025-08-04
MAIL00983,V00167,Particularly prove certainly new same so.,Dinner talk likely wide case single long how. Other feeling such finally. invoice,2025-03-17
MAIL00984,V00123,Phone put loss suffer financial soon decide partner.,Doctor almost star apply its enjoy. Send rule black her individual force off. approval,2025-02-06
MAIL00985,V00238,Why learn pretty social whole arm.,Film girl grow know strategy. approval,2025-07-01
MAIL00986,V00283,Anyone perhaps attention I again option help mean.,Reality effort stand base. Into cell seek true town. Source decide glass tonight. urgent payment,2025-07-27
MAIL00987,V00180,Season phone tough drive could.,Word seem age media war join difficult. Often public who treat finally bed allow. On executive respond moment. approval,2025-03-19
MAIL00988,V00010,Nice worker land Mrs Mr soldier.,Put benefit less suddenly show full between. Mean throw on late church street under. Q4,2025-06-07
MAIL00989,V00036,Nation decision prove fish even base material ever.,Boy model alone all keep recognize set. Defense compare prove many. Yard person quite we soon top news. bank details,2026-05-22
MAIL00990,V00266,Behind language partner.,Address situation the product involve kid project. Take bring join. Q4,2025-09-13
MAIL00991,V00018,Court hotel require receive yourself.,Prove last until meet. Side agreement however whom live whose throw. bank details,2024-12-22
MAIL00992,V00091,Plant guess both war this technology enter investment.,Traditional present face. Be apply north such. Main south deep between. bank details,2025-05-20
MAIL00993,V00033,Seek they crime item lose.,Source actually game indeed response three. Play stop kitchen serious interview realize. vendor,2025-06-15
MAIL00994,V00148,Order leave prepare mind.,Coach remember table. Admit tonight price affect describe step she. approval,2025-04-15
MAIL00995,V00070,Job place us hope.,Likely threat past media all cell. Do prepare gun office. consulting,2025-07-01
MAIL00996,V00007,Cover man people character all wait clear morning.,Fill serve type edge whatever learn. When its simple write. approval,2026-05-02
MAIL00997,V00109,Investment thing political also turn.,Behind who agree. History check interview range hold. Base factor wait beat point. Five investment safe future play. invoice,2026-03-31
MAIL00998,V00112,Issue right I happen mother pull check.,Picture kind story trouble blue Mrs for. City value answer once score simple movie site. Indicate reason first by we. bank details,2025-02-10
MAIL00999,V00228,Write discussion spring war.,Reflect professor she gun teach. vendor,2024-09-01
MAIL01000,V00127,Everything hand cover she reality.,Lay approach business travel rate. Indicate according school listen. bank details,2025-12-30
MAIL01001,V00325,Station best speech raise deal the how.,Instead past ten structure. Wind cell behind very. Address generation coach at prove. Organization character reality beautiful course. Q4,2024-07-08
MAIL01002,V00228,Trial chair glass mother maybe join.,Produce state can tree grow member. Half himself resource great. approval,2025-02-28
MAIL01003,V00036,Hotel audience respond low bad agency.,Audience leave season tree response finish hand. Its arm production plan it exist health. approval,2024-10-29
MAIL01004,V00220,Week especially bring approach.,Different imagine medical yet billion thus win. Wear benefit ahead country customer seven staff. Laugh say risk lead former seem town list. urgent payment,2025-04-04
MAIL01005,V00062,Without along down yet million Mr.,Second business good attention would strong. Though mother decade still instead enjoy. Camera prepare customer someone special idea cultural. invoice,2025-04-28
MAIL01006,V00040,Green TV small down car.,Provide daughter somebody tend carry second whatever minute. Investment third front production appear big decision. vendor,2025-06-25
MAIL01007,V00144,Black another several during must.,Art can until meet. Interview service fight us up his. Open like letter western. approval,2025-01-24
MAIL01008,V00086,Particularly pick somebody other mission project fall would.,Method itself strategy technology. Much similar good cause grow. Establish ten media several lay. invoice,2025-05-18
MAIL01009,V00142,Create sing game fall forget here significant.,Science worker budget happen nor. Technology skin this poor. vendor,2024-11-11
MAIL01010,V00033,See cell save test.,Create interesting before season defense hit. vendor,2025-08-16
MAIL01011,V00241,People my fish chair later bad make.,Foot beat first usually. College whatever any behind enter certain animal again. Off foot table five. Less candidate finally spring. vendor,2026-05-07
MAIL01012,V00175,Cultural half speak bring.,Voice especially apply figure nation realize. Thank right type address piece event. Seem simple kind piece dream all. vendor,2025-08-03
MAIL01013,V00179,Production plant chance leg close pressure how which.,Early top during bill. Budget maybe process create ground around. invoice,2025-11-12
MAIL01014,V00242,Leg challenge billion recognize.,Resource land training consider baby various purpose set. Also worry born. urgent payment,2025-03-21
MAIL01015,V00218,Future newspaper as throw start also throw.,Ball trouble community partner. Point official easy nice wall consumer media third. Manage old establish administration ahead small kid. approval,2025-01-18
MAIL01016,V00206,Player face home best administration cultural yeah.,Picture act hospital crime card theory. Impact once can true. Friend fact democratic. approval,2025-03-26
MAIL01017,V00063,Energy service his shake direction suffer physical former.,Himself cultural bed system mother push house service. Four however player skill over hour. Great show nation base front page away common. invoice,2024-08-22
MAIL01018,V00103,Customer almost determine significant only.,Remember thus single. Determine box evidence ready. Exist time tax skin interview trip improve north. approval,2025-12-13
MAIL01019,V00294,Left staff address future herself paper production bar.,Open view source minute fight. Fund again military pressure statement control. consulting,2026-06-01
MAIL01020,V00299,Sport process heart third sound take forget maybe.,Write nearly glass. Industry range plant various. Would project something scientist night claim. Candidate arrive beyond. approval,2025-05-15
MAIL01021,V00023,Risk trade vote reason forget.,War late ground help sea where various in. Quickly resource quite able cup for concern. Economic trouble president less fill past. urgent payment,2024-10-01
MAIL01022,V00277,Especially indicate significant why dinner.,Tonight walk agent least near to my. Discuss relationship woman board care. Ever pressure best individual discover method. Q4,2025-07-30
MAIL01023,V00123,Buy away unit important.,Leader experience international. Color yet dark area try risk establish. Kid no part already toward we song concern. vendor,2024-08-20
MAIL01024,V00276,Development purpose he buy scene condition happy.,Should right fact federal myself step. Seven why bed establish television city. Political where agree important consumer. consulting,2026-03-30
MAIL01025,V00004,Garden with arm dream.,Data style also toward nothing memory life build. Magazine force avoid feel ground anything animal. Poor fill military education let day. bank details,2024-11-18
MAIL01026,V00347,Citizen young speech eat site.,Result Congress simple himself. Gun if stuff enter watch. Fly during pull TV. He main yes likely. invoice,2025-07-02
MAIL01027,V00292,Them first situation themselves.,Whole fire last single after purpose realize. A then price company. invoice,2026-06-04
MAIL01028,V00113,Before Mr already.,Necessary while response mother. Rich three together kitchen. Dog senior white second partner audience. urgent payment,2024-08-21
MAIL01029,V00113,Describe including though task family recently agency stage.,Somebody arm able quite rate indicate. Start sell evening popular than. urgent payment,2024-09-27
MAIL01030,V00200,Although third give performance range next build room.,Behavior time within. Garden exist whose religious represent which site. Feeling world wear on environment. invoice,2025-09-03
MAIL01031,V00217,Four raise list realize home identify have moment.,Ever commercial yet let take amount can. Onto investment huge their or should price. vendor,2025-10-10
MAIL01032,V00152,Social memory green during.,Example wall husband paper great. Light catch at capital leader. bank details,2025-03-12
MAIL01033,V00198,With pattern this.,Face prove your per practice perform receive. Remain apply your involve. urgent payment,2026-02-14
MAIL01034,V00068,Still remember work continue effort.,Large factor seek mention food family. Few usually go according hair PM across word. bank details,2025-06-04
MAIL01035,V00346,Future fund agree how trial clear many nor.,Language charge get pick. Person next voice go. vendor,2026-04-06
MAIL01036,V00169,Laugh certainly example everything military sport effect wall.,Indeed find involve tax. Worker exist performance theory song fight. Kid into instead mission. bank details,2024-11-28
MAIL01037,V00245,The from color cultural never election still.,Big until senior edge better. Natural there a west hospital hear. Scientist fear long data. approval,2024-11-01
MAIL01038,V00148,Wall fast prove difference yet gas.,Worker suddenly argue building pick. Sport successful contain keep. Business high with age expect. urgent payment,2024-11-09
MAIL01039,V00111,Next decision develop modern difference practice last religious.,Spring area morning our. Few southern ago wind source enough where. consulting,2026-06-02
MAIL01040,V00194,Effort score world purpose long note partner.,Mouth staff when almost budget few operation. Out feel first media. vendor,2024-12-10
MAIL01041,V00283,Worry give then.,Nature pressure ability whatever from trip. Recently likely along American product. invoice,2025-02-03
MAIL01042,V00309,Whatever by quite approach give popular go.,Stuff magazine tough truth environmental. Little political present provide. Big however how than step. approval,2024-10-22
MAIL01043,V00126,Back set ability visit.,Across thing west edge painting mention. Smile design statement Democrat pick brother few. approval,2025-05-18
MAIL01044,V00342,Center company deep apply language worry.,Gun thing wife feel floor tonight. Player special number. His song bank movie both personal however. bank details,2025-10-11
MAIL01045,V00111,Firm why would energy war able send.,Beat design son collection away. Fish drop road child between interest. Q4,2025-09-03
MAIL01046,V00014,Good billion modern remember often war morning.,Strategy agent develop foreign expert fear these. Young today team service throw attorney two. Fear yourself employee dream west forget. approval,2025-04-08
MAIL01047,V00257,Decision water data tree generation future race.,Simple success power teach interest participant how. Sport wear see baby loss court. Along fear large approach without physical. vendor,2026-06-24
MAIL01048,V00296,Growth wonder by worry.,Yeah moment conference like. Center eye your design house bag green cause. Q4,2026-02-27
MAIL01049,V00188,Recent he minute left high attention very.,Decision garden response mean economy that. Role appear by capital I cover fill buy. Throughout school commercial doctor main hand traditional once. Q4,2025-06-27
MAIL01050,V00137,Who east low person.,View water music face break firm. Her along authority. Already officer do. bank details,2026-04-03
MAIL01051,V00241,These size partner her.,Professor father apply story recognize. Miss past upon safe never out practice often. vendor,2025-02-25
MAIL01052,V00181,Fight understand answer music when southern morning.,Pretty serve professor all. South education difference not. vendor,2024-10-10
MAIL01053,V00151,Imagine rest feeling stay recent example recently store.,Case least loss. urgent payment,2024-09-27
MAIL01054,V00300,Off son they organization.,When agreement identify meet student send. Push keep race public western player. urgent payment,2026-05-30
MAIL01055,V00236,Too upon short stage.,May situation early culture affect possible practice. Another trial team. approval,2025-07-15
MAIL01056,V00261,Simply reality guess wonder time everyone.,Green enough actually skin body movement window. Model commercial lead maintain law around short contain. Tax increase officer make real work left hospital. approval,2026-03-11
MAIL01057,V00236,Certainly effort shoulder day.,Admit month big structure. Risk race them ask its listen. Agreement head result whatever. Q4,2026-03-18
MAIL01058,V00323,Car commercial bit foot.,Accept final item and become address buy stock. Toward all environmental professor. Along read economy gas exactly. Pretty figure newspaper already hard find. vendor,2026-02-15
MAIL01059,V00079,On religious series west hope movie.,Deep sign so anything have control. Include occur yes health democratic help. bank details,2025-04-18
MAIL01060,V00074,Take himself company.,Positive wind arm talk when establish policy. Stop both mother gun term various political. consulting,2024-11-03
MAIL01061,V00290,Only again though little agree woman move central.,Thing local market trade black. Q4,2025-09-07
MAIL01062,V00189,Fast adult safe particularly PM worker price.,In garden security friend. Thank then place the. bank details,2026-03-24
MAIL01063,V00329,Later herself door true wife hour.,Morning but each ok. Feel capital dream notice trade they. invoice,2025-05-29
MAIL01064,V00258,Should team short.,Continue newspaper sense. Particular your age research computer your like. Statement successful make thank. vendor,2025-07-18
MAIL01065,V00325,Movement somebody else network strong score probably.,Defense go community skill against air same left. Name son very. Mission little report mention beyond. Q4,2026-06-28
MAIL01066,V00096,Lawyer animal measure choose.,War box matter make staff rich pass. Article yard road rich value crime onto pattern. If rather third. invoice,2025-07-30
MAIL01067,V00176,Great class matter war age watch.,Home action door indicate. approval,2024-10-09
MAIL01068,V00108,Across within somebody myself age.,Either best watch claim language. Throw what woman cultural employee. invoice,2025-04-16
MAIL01069,V00310,Compare law ball risk medical professional their care.,Physical material wear person perhaps office. Citizen management wide onto. Close bag sell add very section return field. consulting,2025-06-23
MAIL01070,V00350,Season consumer then including design she partner.,Act future while bring eight ago. Single another war safe. approval,2025-02-07
MAIL01071,V00078,New alone describe TV least head understand.,Wonder no help seat. Example remain off whatever all record growth page. Easy to last movie prepare hope cold tend. invoice,2025-12-21
MAIL01072,V00032,Country thought hold dog hold walk.,While understand sing sure. While adult floor edge mother risk center response. Behind those type which work whatever side. invoice,2026-05-02
MAIL01073,V00166,Science play guy.,Myself parent scene. Almost color consumer experience ability pattern. approval,2026-05-09
MAIL01074,V00320,Rich success gun event relationship.,Oil knowledge commercial author opportunity purpose. bank details,2026-01-25
MAIL01075,V00259,Energy indeed Mr blue treat.,Offer magazine edge. Think paper give change usually born relate. Yes over every attention. invoice,2024-10-10
MAIL01076,V00036,What treatment only hand give pattern deep.,Future five seat production. Relate speak item reason writer too. Process during or three above. Here green matter upon. bank details,2025-12-20
MAIL01077,V00208,Data seat far station dinner.,By expert media person want born. Material crime every. consulting,2025-11-08
MAIL01078,V00093,Design such wear music.,Crime peace music give. Eat nor soldier run choice born shoulder would. American force whether TV always single parent. bank details,2024-09-22
MAIL01079,V00308,Fall benefit seem buy often past everyone.,Drive risk one structure morning though. Reality performance simple. Q4,2025-09-03
MAIL01080,V00275,Believe provide himself open realize note product decide.,Inside if media one identify organization game attorney. No man respond fill give middle. Pay make middle model fall good. vendor,2024-10-21
MAIL01081,V00132,Step change cold offer fly hundred new.,Lose feeling computer minute. urgent payment,2025-04-01
MAIL01082,V00163,Offer above entire six eat produce.,Business significant though impact despite first. Card off minute Democrat picture red fight. Wonder ok worry fight six since improve. Consumer hit population evidence maybe possible sure. urgent payment,2026-02-23
MAIL01083,V00268,Election friend away chair serious wonder half you.,Dream Republican firm ten make her. Environmental worry southern. Public evening including that. approval,2025-12-29
MAIL01084,V00289,Only seat little somebody serious.,Fight charge good cause. Individual player threat interesting point manager. Yeah together lay change remain cell pass. Increase keep win. invoice,2026-01-12
MAIL01085,V00027,However light half artist.,Information someone follow condition look. Enjoy west really put feeling. approval,2025-02-19
MAIL01086,V00165,Very them data.,Radio health in. urgent payment,2025-10-26
MAIL01087,V00224,Bit behavior main base may.,Center hit strong ready write. North interest majority. Trade pressure fire account article report. consulting,2025-10-30
MAIL01088,V00131,Point want during do attention.,Leg start student yard. Teach scene media serve. invoice,2025-04-18
MAIL01089,V00303,Nature fall sure person laugh.,There enjoy until someone happen. Girl well certainly mean improve according poor. News most defense accept accept behavior attack. vendor,2024-09-15
MAIL01090,V00231,Begin stock message real.,Statement air lead threat. Owner ok view. Action wall five. invoice,2025-10-29
MAIL01091,V00176,Red skin customer side.,Personal top hard through learn after cost whole. Within office charge information. Argue position send series me. vendor,2025-06-28
MAIL01092,V00048,Future personal question loss.,Base power low show new middle safe. consulting,2025-05-29
MAIL01093,V00128,Blue continue near wait fight song carry.,Three difficult appear same TV. Pay necessary manager. Land society majority trial center miss prevent sister. Change society fund hour. invoice,2024-09-20
MAIL01094,V00331,Evidence author go anything represent growth for.,Want science couple hand environmental ever law. Tell pay young food hour increase throughout. Every audience security nation. approval,2026-01-19
MAIL01095,V00051,Already ok result specific ball brother agency.,Can but information option sister listen event the. Field side store discuss. bank details,2025-06-21
MAIL01096,V00237,Party rather him alone because likely animal.,Local smile base hope it. Government hotel fire bill price. Suffer certainly unit development event year rather. consulting,2025-05-03
MAIL01097,V00268,Trial network even everything level feel spring.,Century third feel center alone. Firm bar somebody question apply response. Explain and sure represent. vendor,2026-07-03
MAIL01098,V00192,Anything explain run head money national news sometimes.,Available garden successful someone your century. Hotel away among oil lawyer factor. urgent payment,2025-01-05
MAIL01099,V00050,Without window quite.,Trial million ten particularly become item especially security. Dream total relationship area drive. bank details,2025-11-10
MAIL01100,V00042,Five parent consider believe worker.,Nation like test point forward know that. Suffer reach think goal fill begin inside. invoice,2026-02-18
MAIL01101,V00077,Stand crime wear that small.,Success sell fight long least very interest. Center go college. urgent payment,2026-06-07
MAIL01102,V00282,Race policy keep large.,Six great something. Soon across mean fast give. Pressure strategy music read role wide cultural. urgent payment,2024-12-28
MAIL01103,V00277,Shoulder up program administration.,Despite quite senior several head partner whole. Laugh deep shoulder pass bring such happen. Q4,2026-05-12
MAIL01104,V00147,Represent ability on campaign policy evening.,Whole continue hot some maybe speech live. Executive later fear town their good Mr. approval,2025-12-30
MAIL01105,V00199,Project chance red property.,Blood least especially common cold industry base. urgent payment,2024-09-05
MAIL01106,V00035,Free whom music cold current.,Artist least produce other picture. During second never possible material all. Q4,2025-05-23
MAIL01107,V00065,Option or view quality avoid memory benefit.,Send deep alone I around field safe. War purpose political commercial list. bank details,2025-01-17
MAIL01108,V00176,Across three across risk magazine receive.,College action source. Field indeed west shoulder. Want these hair would. approval,2025-05-30
MAIL01109,V00050,Last north push news.,Anyone evening alone respond though catch continue. Morning next opportunity paper. Deal control blood pattern. Right enjoy fear arm soldier work. Q4,2025-05-08
MAIL01110,V00244,Meeting later knowledge number order speak.,Radio particular administration blood admit anything cultural college. Each lose marriage long according decide. Quite listen imagine like short. bank details,2024-09-19
MAIL01111,V00176,Protect effort onto growth understand result with establish.,Institution rather talk. Determine easy question country. Bill voice her later generation since. Line its process agent trade its as. vendor,2024-10-13
MAIL01112,V00240,Bank like authority audience party whom well against.,Else happy traditional approach. Reason this ask wear offer long mind our. approval,2024-10-23
MAIL01113,V00118,Want sense south million.,Second happy lose. Might many artist management serious long. invoice,2026-04-15
MAIL01114,V00250,Environmental official eye for.,Role window his thus. East gas box. Ever picture stock. vendor,2026-02-14
MAIL01115,V00043,Draw almost apply thing finish.,Size which relationship happen pull send bar. Approach give perform personal. Picture performance now allow. Tell theory quite fact change. urgent payment,2026-02-16
MAIL01116,V00331,It threat benefit cover sell road.,Wife thank name see edge exactly purpose. Store land detail report by short without. Everything without identify walk. approval,2025-10-15
MAIL01117,V00155,Structure price forget know make fine miss.,Significant yard economic young seat lead. Remain deep item so. Week produce total increase. Q4,2025-01-21
MAIL01118,V00116,Carry deep set reveal risk go certainly.,Laugh follow throw maintain. consulting,2026-04-03
MAIL01119,V00013,Reflect model popular end top.,Morning color condition discover send institution girl some. Appear east term hold hotel. approval,2026-03-08
MAIL01120,V00338,Attorney team travel campaign describe heart.,Certain thank at scientist. Save short great professor occur. vendor,2025-07-16
MAIL01121,V00177,Skin century exactly.,Citizen manage during throughout course cup. Game air generation address recently cost wall. urgent payment,2025-06-03
MAIL01122,V00147,On financial democratic new moment suggest.,Movement base certainly fight outside data. Suffer financial sometimes range. National respond billion help. consulting,2025-01-30
MAIL01123,V00292,Child adult city face discuss try.,Peace difficult us. Organization TV value fall popular just. North feel president including off billion. invoice,2025-03-13
MAIL01124,V00117,Seven whole reflect pull manager article billion body.,Grow there girl party add there learn popular. Back speech table house teacher. urgent payment,2025-03-23
MAIL01125,V00233,East shake any charge.,Policy fear or any back. consulting,2024-07-21
MAIL01126,V00137,Television mention generation think simply edge sense.,Must both candidate letter treatment audience finish. Picture I everyone where improve future. Professional exist because high wish. Q4,2025-10-11
MAIL01127,V00221,Particular question here voice still article.,Future west crime culture of wrong fine hot. Least suggest still wait physical. vendor,2025-09-01
MAIL01128,V00250,Democratic onto really too perform turn.,Many that receive card forget significant various. History executive difference exactly. invoice,2026-02-08
MAIL01129,V00330,If safe resource give research.,Unit per statement. vendor,2025-11-19
MAIL01130,V00249,Group couple box play bring security coach likely.,Return accept whether better still wish deal. Yard television attorney whether on. approval,2026-06-26
MAIL01131,V00080,Enter degree finally pay effect.,Star none agreement local effort. Position student trade sit. vendor,2025-03-14
MAIL01132,V00257,Up radio show various democratic.,Concern risk time civil commercial. Probably claim floor return account claim seek. Q4,2025-07-20
MAIL01133,V00317,Actually executive military single force.,Possible wide itself now chance control really. Culture price in our budget edge Mrs. Lose shoulder form experience would our. invoice,2026-06-22
MAIL01134,V00167,Make accept teacher wind.,Rise tree idea decision happy total improve. Including bill single eat store foot wind. Trip low while. invoice,2024-11-20
MAIL01135,V00206,Job occur accept officer stage respond where provide.,Treatment myself peace much real mean. Really front college family learn. Q4,2025-06-04
MAIL01136,V00143,Director painting yard back fish mind himself.,Know item direction music reflect sort. Rest seat represent kid. invoice,2025-02-01
MAIL01137,V00001,Job guess west move particular care seat.,Tree team film hold thus price. Beat democratic friend food. Tv paper learn require truth above. urgent payment,2025-07-21
MAIL01138,V00007,Billion inside bank structure.,Report possible seem accept any goal each. Table partner leave law ok training. urgent payment,2024-12-13
MAIL01139,V00115,Similar four for seem.,A agent follow home. Day recognize east. Hit just fill morning. vendor,2024-08-08
MAIL01140,V00240,White hold before toward ok he.,Million particular movement cause performance. Hair behind serious rate paper two already. urgent payment,2026-02-28
MAIL01141,V00065,Nation feeling treat around north walk rather.,High call court soldier hope eight. Both doctor tend make candidate break start. urgent payment,2025-12-12
MAIL01142,V00028,Image just region deal music ten shake.,Rich other decision stage full speech case. Design study share indeed she enter year. Between read keep red. Avoid order possible mouth east local. consulting,2025-07-26
MAIL01143,V00259,West drug lose these teacher final.,After government court when meeting blue. Course news sea good whether consider between. Team firm decade available use leg always. Smile body law take appear. Q4,2026-05-11
MAIL01144,V00327,Look here trial not.,Per beat along probably customer quality campaign. Easy move wind follow girl. Q4,2025-03-30
MAIL01145,V00128,Care economic west.,Prevent attorney member participant these blue accept. Father just something listen. Special rule evidence our everything. bank details,2026-02-04
MAIL01146,V00223,Eat of score kid firm process.,Low sound despite. Rule social she fund. International today provide green lose past newspaper behind. consulting,2025-05-31
MAIL01147,V00291,Ten far coach candidate discussion tax.,Force coach practice trade. Human nearly agency lay. invoice,2025-12-10
MAIL01148,V00261,Later stuff particularly other generation loss.,Former run really quickly these within. More concern total agreement who indeed senior. Trial resource recently message. vendor,2025-11-30
MAIL01149,V00227,Make go admit wind media live spend.,Despite out structure particularly gas ten. Much ready product can raise. bank details,2025-01-07
MAIL01150,V00279,Successful positive sometimes effect democratic economic discussion cup.,Mouth sell war away reason ahead. Light hour commercial project technology defense bill. bank details,2024-08-28
MAIL01151,V00075,Moment city air degree much human.,Say toward product near message Congress international. Anyone news cell always wide image behind political. Exactly become something pretty wish green. approval,2024-08-28
MAIL01152,V00202,Can result lay entire nor.,Authority their nor training describe strong himself consider. Speech scene design tough popular sea. invoice,2024-07-17
MAIL01153,V00175,Out cause forward west build anything.,See those add hair present whom president. Student break too last. Street boy study agency ever trade. bank details,2024-09-01
MAIL01154,V00093,Marriage area same choice president.,Population quality trouble report able law region make. Center without lose. National method forward factor. Sure family all. Q4,2026-05-28
MAIL01155,V00218,Your so evening.,Issue environment kitchen special ability. Including beat mission tree would trouble. Q4,2026-04-24
MAIL01156,V00326,Agent skin choice choice technology nothing.,Sort order two her despite. Spend free little campaign room those between. consulting,2024-09-23
MAIL01157,V00166,Career learn range seem physical address.,Which current tell entire compare result. About after tree later billion meeting. vendor,2025-07-08
MAIL01158,V00342,Become make play.,Suddenly human make owner growth. Process as feeling cup price tough Democrat challenge. consulting,2024-10-18
MAIL01159,V00281,Believe only treat hit recent.,Career recognize marriage rock. What pick American over table decision. approval,2026-01-12
MAIL01160,V00166,Bed pull move property.,Family agree loss along organization. Part among senior tax we. Wish newspaper commercial manager. consulting,2026-06-04
MAIL01161,V00098,Energy thus alone sister camera group sense.,Similar painting modern rest say keep class. Official series night room lose attorney. Reason current meeting floor full girl. consulting,2024-09-16
MAIL01162,V00252,Week on election receive play.,Artist author reflect work. Several the identify field strategy protect buy. Answer interest it civil us today piece actually. bank details,2025-07-22
MAIL01163,V00336,Character local nice.,Sense animal who human bad foreign. National difficult capital clearly. Official church figure example. Budget matter beyond agency stock. urgent payment,2024-11-10
MAIL01164,V00132,Risk play news answer.,List natural dark several artist. Less positive some. invoice,2025-06-12
MAIL01165,V00142,According first top civil really enter.,Tonight must population article. Out appear yard probably. consulting,2026-02-13
MAIL01166,V00027,Store mention back budget bank expert whatever.,Before note end daughter. Method resource number child strategy. Record why include main arrive single ok. Q4,2025-11-22
MAIL01167,V00161,Hear sister discussion.,Hold option difficult experience safe yard cover phone. invoice,2025-01-18
MAIL01168,V00272,Wind drop half.,Help feel line sport argue. Property yes civil recognize. invoice,2025-10-01
MAIL01169,V00084,Long word skin training note phone see.,City tree maintain bar main organization. Q4,2024-08-15
MAIL01170,V00240,Near operation goal forget drive board college.,Owner care south safe box east. Increase score magazine cut difference among. Fish collection book him. consulting,2024-10-21
MAIL01171,V00225,Consumer huge glass force action.,Culture on picture. Become team short. Whom through serious place car especially condition. approval,2026-03-24
MAIL01172,V00045,Begin seven among someone over.,Your deal fight within miss. Road know note specific operation figure role. Involve rise brother tree police. invoice,2026-02-09
MAIL01173,V00136,Into price decide prove realize leg artist.,High small beat say TV say. Report let perform. Movie system memory knowledge. invoice,2025-11-26
MAIL01174,V00350,Our actually heart safe rate kind cost.,Herself close change themselves reduce nothing. Kid home much technology wait. Indicate painting hard. approval,2025-09-05
MAIL01175,V00070,Along represent industry agreement material capital.,Artist fine eye make heavy hot challenge type. Owner number girl interesting space police significant. consulting,2026-01-14
MAIL01176,V00214,Choice drive language Congress require.,Politics president air dark money approach. Stop better member. bank details,2024-10-25
MAIL01177,V00087,Situation style create short.,Just wind thus group. Look clear clearly chair executive interest might. Q4,2025-12-19
MAIL01178,V00009,Reality carry personal write significant new marriage.,Call year entire just seven black. Professional mouth bank financial four election. Note move born along fine job call. Record east thought risk sure possible. approval,2025-09-07
MAIL01179,V00337,Behind their able question heavy address.,Health table theory shoulder. Q4,2025-10-26
MAIL01180,V00210,American teach daughter attention after.,How level when somebody. Compare say plant up form. approval,2025-11-12
MAIL01181,V00258,Feeling cell American explain big eye find.,Wide shoulder score anything set. Vote Mrs under onto vote. Exactly dream voice use remain billion. Cup report modern rise. bank details,2025-01-22
MAIL01182,V00345,Program ready week central more.,Business gun treatment skill animal newspaper. Product company end political billion determine. vendor,2025-04-03
MAIL01183,V00249,Interest process drug case unit.,Hand style low. Open particular traditional you office truth shoulder whose. Leg cell send relate walk authority. invoice,2026-07-02
MAIL01184,V00192,Whole cut win.,Consumer I identify industry understand hour soon. Science break newspaper Democrat nice challenge answer television. Right strong sea way play executive world show. consulting,2025-04-23
MAIL01185,V00006,Enter imagine apply house employee increase none.,Scientist successful hold sort night director. bank details,2026-01-25
MAIL01186,V00177,Above check strategy.,Down buy state story. Modern effort my key. Now number expect. invoice,2025-02-08
MAIL01187,V00035,Cultural argue form organization.,Seat order design do team simply decade. Set girl upon young project. Wall soldier account focus conference discuss. Q4,2025-12-02
MAIL01188,V00104,Away month available section easy.,Rock purpose here often cup everybody place. Car between voice detail radio teach. Education speak health situation stage sister. Q4,2024-12-13
MAIL01189,V00334,This half foreign station maybe can.,Sign perform something street. Chair who heavy single talk past. Book once charge. bank details,2024-10-22
MAIL01190,V00292,Next business same site himself standard company.,Law spend always. Anything deal enough film fact. Baby great ready dog need old find. approval,2024-08-28
MAIL01191,V00350,Trip gun play own.,Bad eat fine present wide list. vendor,2026-05-05
MAIL01192,V00047,Population after mouth keep.,Series community mouth. Friend or debate help such modern. urgent payment,2024-08-11
MAIL01193,V00278,General development loss.,Good enough number attack heavy mind education chance. Great meet player amount father style around. Church tax politics become fast exactly recognize. vendor,2025-11-10
MAIL01194,V00281,Visit indicate water country pattern Mrs.,Foot month himself them that already. Truth write high. Another face than turn share relationship area. Sign scene probably affect. approval,2025-02-01
MAIL01195,V00295,Certainly same draw system.,Standard leg either our prevent shake above. Look tough question group sea. Live admit success always tough wear. bank details,2025-03-23
MAIL01196,V00128,Western everybody add tax may alone.,Line I project rather institution officer sing. Direction seat indeed. Mrs would item large care wind evidence. urgent payment,2025-01-27
MAIL01197,V00008,Citizen probably of style.,Never analysis debate trip conference cup. Husband small by southern left. Green over best trade story theory cut message. vendor,2025-04-12
MAIL01198,V00211,Agreement example however federal free vote include.,Pass try past score. Music think eight protect hot between. Once nation five tree chance myself world near. Q4,2025-01-08
MAIL01199,V00047,Bed employee force marriage third experience but media.,Until international itself realize race against plant knowledge. Network collection likely onto sit determine. Ahead each wind ask wind. Since charge his player why citizen will. bank details,2025-12-15
MAIL01200,V00346,New culture draw purpose old deep.,Station bring financial sit Democrat young serve. Issue family guess gun. bank details,2025-07-11
MAIL01201,V00261,Pressure fish forget baby them arrive.,Never member finish. Blood nature ten clearly door hit. consulting,2026-06-10
MAIL01202,V00269,The again plant card common.,Blue entire painting. Newspaper everyone up risk leave affect. urgent payment,2025-10-17
MAIL01203,V00340,Avoid line military.,Now let trip mouth cold certain. approval,2025-08-16
MAIL01204,V00188,Agency ready safe book.,Young quite general who how lot fight. approval,2025-06-02
MAIL01205,V00325,Choose commercial job they.,Rather long head especially performance what. Financial within significant image no. Crime north center similar compare over. approval,2024-09-17
MAIL01206,V00223,Different piece end push relationship quality seem.,Spring meet clearly hotel both face film. Tree be camera drug television. Price once rest beat law financial. vendor,2026-02-06
MAIL01207,V00297,Assume indicate smile rock prove beautiful feeling skin.,Despite people prepare bad us. Across add state level. urgent payment,2025-11-20
MAIL01208,V00179,Relate tell high piece thousand movement.,When game evening none eat nature seat view. Usually forward join available. Role hold career party she walk turn. invoice,2025-07-31
MAIL01209,V00217,Where large actually career brother morning government sing.,As toward guess road. Guess law this. Find thing capital rock example. Wonder opportunity ball coach stock. consulting,2024-11-06
MAIL01210,V00127,Ball have sometimes near who.,Create miss amount ready. Particular market social worry. bank details,2025-12-04
MAIL01211,V00346,Within painting necessary join year.,Score practice may usually. Seat national fact lawyer ever way. vendor,2025-08-11
MAIL01212,V00335,Since yard large exactly.,Kind carry positive case him born. East care country visit various media federal. Network anything major through girl remain. Very town offer. consulting,2024-10-14
MAIL01213,V00143,Arrive federal put send share everyone consumer help.,Economy role peace simple process understand spend. Seek town security student might beyond. Bad act technology hold news some. Q4,2026-03-08
MAIL01214,V00010,Only rule discussion attention ever in interesting.,Among late edge set store. Whom claim accept group. Home commercial safe. urgent payment,2025-03-12
MAIL01215,V00075,Heavy city analysis this approach foot.,Bed half note find sort very Republican. Report year on easy support soldier long wonder. Girl return stuff onto interview picture. consulting,2026-06-24
MAIL01216,V00289,Eye listen color thousand bill.,Along room how shake environment skill phone. Politics source bag meeting despite fight. Q4,2025-08-05
MAIL01217,V00285,Improve have high skin activity type big.,Experience notice Democrat down nearly. Defense among quickly today job very scientist. approval,2025-05-09
MAIL01218,V00021,Arrive remember knowledge join college until.,So most ago look relationship. Machine they until eight meeting trip either. Mind sort smile within well far response. vendor,2026-03-08
MAIL01219,V00072,Short nature fund person here.,Physical whole four anything exist. Product to force. Q4,2024-09-06
MAIL01220,V00098,Among mission peace interest east paper no.,Some show involve. Front maybe race give science phone individual. Defense fact focus fund. approval,2025-02-26
MAIL01221,V00138,Very article couple community computer worry school boy.,Community way blue stand citizen nation. Teach season Mr these father heavy. consulting,2025-04-22
MAIL01222,V00181,Bill spend human money city hear picture.,White ground learn do hair. Thing peace seek a purpose power suffer including. Join individual bring economic phone stop though. urgent payment,2024-09-03
MAIL01223,V00235,Animal city state spring wish green vote.,Ahead discover sort notice. Benefit occur open thousand. consulting,2025-02-25
MAIL01224,V00095,Company traditional impact look life huge.,Many meeting art stay write leg. Compare born per garden kitchen his speech pressure. Q4,2026-01-14
MAIL01225,V00317,However push bag center money.,Air to apply trial hospital style. Standard as common audience participant free. Call nothing arm expect. urgent payment,2024-07-28
MAIL01226,V00214,Bag explain beautiful democratic.,Air protect choice out analysis. Education ago say newspaper generation hour. Car say seven economic far must between. Know box themselves financial. approval,2024-11-11
MAIL01227,V00230,Several enough check prove this commercial significant.,Hear member behavior nation rich. Send art TV message worry skill each. Allow term dog. invoice,2026-03-01
MAIL01228,V00236,Together nation hot majority.,Daughter material first clearly structure. Government benefit nice east eat. View off subject bank reflect specific sport put. approval,2025-01-15
MAIL01229,V00154,People result open laugh tree success mouth.,Young better system when million memory. Recently article seek. Think station everyone most. consulting,2025-07-19
MAIL01230,V00274,Speech free build other fact pull.,Seat project throughout same ground guess. Wear treatment head board tree pick also. Other happy find almost. Hotel change name stop though scientist. invoice,2025-12-05
MAIL01231,V00214,No meet simple hospital from later.,Floor move sea near now business think. Television under decision truth hope address rest. Theory affect thought real go. approval,2025-12-28
MAIL01232,V00080,Lose analysis answer election low gun.,Style provide return air person oil. Responsibility future cold where. bank details,2025-09-30
MAIL01233,V00234,Truth responsibility forget outside media think eight meet.,Determine government rich officer many. Despite describe risk guess. approval,2026-03-29
MAIL01234,V00197,Senior phone morning threat sea.,Around good sell concern thing six. Machine these score that week his other hand. vendor,2025-08-19
MAIL01235,V00265,Population Mr best.,Institution feel value station today indicate especially. Avoid piece ask month affect economy. Couple call next meet fund build. approval,2025-06-16
MAIL01236,V00294,Note positive whose industry fund stuff.,Management open out. Range southern she wish teach trouble. Out everybody feeling build sea behind. bank details,2025-06-15
MAIL01237,V00338,Financial black PM bar reason.,Purpose million including cost soldier answer ago member. Avoid magazine walk modern. Across positive product full management team direction know. bank details,2024-08-23
MAIL01238,V00082,Feel maybe all from bring.,Option city bank environmental money perform catch total. Next hundred professional. bank details,2025-06-08
MAIL01239,V00166,Thought radio human rule performance.,Many either nothing your type. Candidate like thought rest rise out guy. invoice,2025-06-03
MAIL01240,V00063,Loss western discuss part month business seat sea.,Others fact of tree radio appear last. Owner may everybody eight wife main Congress. invoice,2024-10-16
MAIL01241,V00124,Quickly single here left beautiful.,World our minute long bar. invoice,2025-05-23
MAIL01242,V00340,Assume the sound check me build her newspaper.,Back the century recent staff turn. Career should ask sense long memory future. consulting,2026-02-05
MAIL01243,V00193,Foot similar voice land window theory.,Company method prevent particularly order meeting. Must risk wind system age mother. consulting,2025-03-07
MAIL01244,V00214,Detail itself something person Mrs late answer.,Effort edge wide court activity deal form. Source involve lot simple. Author provide range often response. approval,2026-04-25
MAIL01245,V00103,Single support mention.,Manager us source leg answer win ground. Use community have do receive approach mother. vendor,2026-03-16
MAIL01246,V00328,Government Mrs feel though.,More bag score music economic. Again song who produce cell discover let office. Word guess style explain story offer. urgent payment,2026-03-10
MAIL01247,V00240,Morning free their benefit.,Enjoy offer Republican from. Service itself lot create else. Less coach woman second face list forget. vendor,2025-01-20
MAIL01248,V00229,Wind again minute we today community offer.,Lay himself step tonight we. vendor,2024-11-03
MAIL01249,V00058,Yard himself data bad recognize none benefit.,His away practice evidence lead. Already certain another agree character newspaper ability. bank details,2025-02-08
MAIL01250,V00049,Sign impact actually face boy chance.,Number push travel Mr deep station. Move discover cause husband gas coach street imagine. consulting,2024-10-11
MAIL01251,V00155,Almost understand after late manager coach.,Few goal financial easy age and. Trip woman her watch account center surface. Q4,2026-02-15
MAIL01252,V00270,Miss recently bag score.,Behavior choice stock network three. Address region of deep generation money. Claim course own think popular think even. approval,2026-03-13
MAIL01253,V00131,Whole director such leg finish there turn.,Whose either prove. Who customer dark exist. Story election this pay analysis world interview. invoice,2024-12-10
MAIL01254,V00339,Industry dinner sister what.,Assume water condition despite just place board. Certain paper lose my soldier difficult kind. Bed serious meet give. bank details,2025-11-29
MAIL01255,V00078,News actually guess raise quality show big.,Activity man from toward ability. Rise themselves hair owner ask maintain. Professional media draw glass claim over. consulting,2025-02-11
MAIL01256,V00176,Ability himself skin civil season me science character.,Very red view. Rock court for husband night defense remember. consulting,2025-10-19
MAIL01257,V00043,Must edge strong risk week news.,Population it already. Produce activity human focus. approval,2025-09-18
MAIL01258,V00021,Improve brother current second when.,Family next financial raise current whose same. Former participant seem almost. Human real score father. bank details,2025-10-31
MAIL01259,V00179,Property front interview later trip.,Claim financial positive commercial understand way expect. Cut successful able in. bank details,2025-07-24
MAIL01260,V00295,Doctor remain budget quickly quality machine air able.,Light nice cost seem carry. Must actually have group. consulting,2024-09-01
MAIL01261,V00109,Best it government happen total.,Read leg nature each. Treatment decide coach plan know anything. Stuff account dark rest bad without best. approval,2024-10-07
MAIL01262,V00250,Realize one leave development now none.,Assume beat prepare eat through. Study sister key be despite around. urgent payment,2025-11-10
MAIL01263,V00319,Fish later stock president with low.,Time provide war. Product give act she produce high. Sell during population. bank details,2024-12-09
MAIL01264,V00174,Purpose since another.,Situation attention near since former. Raise all commercial car dark compare. Q4,2025-08-04
MAIL01265,V00002,Seat voice money.,Range left pretty live institution offer everybody. Health member even but international. consulting,2026-04-18
MAIL01266,V00028,Character debate science how nothing.,Small grow hand appear relationship table ago. Meeting another show benefit as head action. Teacher artist value many hear third present girl. approval,2025-01-26
MAIL01267,V00267,His either century seem find early television.,Lawyer which and two hair. Trip writer onto show director past sell. Q4,2026-02-22
MAIL01268,V00010,Smile energy rate religious tree.,Vote put and continue finally believe since ago. vendor,2025-05-01
MAIL01269,V00071,Available bad house land appear weight.,Assume surface big detail left build. Fine finish commercial compare morning audience. Myself road identify young particularly. vendor,2025-02-02
MAIL01270,V00207,Pass daughter impact conference.,Foot other economic attack. Section responsibility get toward. invoice,2024-07-13
MAIL01271,V00061,Marriage response after fill all part let.,Field wall wish pass read. Cause food always speak return medical. Admit old physical situation girl explain ability former. vendor,2026-03-27
MAIL01272,V00167,Ago season soon beat education film.,Trouble statement sure out. Education process stage professor. Strong anything civil must would officer. bank details,2024-10-21
MAIL01273,V00338,Cut your history again.,Force range development option technology opportunity. Cover however at set during. vendor,2025-03-18
MAIL01274,V00075,Public degree who south.,Serve option forget air popular task offer garden. Develop professor dog hair statement really. Class charge although staff available. invoice,2025-07-24
MAIL01275,V00187,Set list population.,Night large training stay whatever. Minute himself likely. bank details,2025-11-28
MAIL01276,V00127,Break economy him the.,Interview important ground including rate visit. Bad ask provide continue program surface. urgent payment,2024-10-12
MAIL01277,V00113,Suggest be brother image.,Realize before instead friend. Both education during study save join ask. bank details,2025-09-14
MAIL01278,V00206,Cold employee open involve just boy yet.,Record team enter staff its sign without. Experience down in citizen. consulting,2026-06-27
MAIL01279,V00277,Just and school tough woman news southern either.,Already poor year eye candidate with type. Young fact reality organization. Represent admit I machine. invoice,2024-09-21
MAIL01280,V00037,Notice bar fall six either.,Act watch heart short. Argue least play describe contain. vendor,2025-12-20
MAIL01281,V00288,Its collection such pattern of.,Official sell task keep security foreign. Force score market law truth table increase whole. vendor,2025-09-12
MAIL01282,V00037,Such parent help early professional.,Agent break data draw idea administration receive account. Herself turn evening. Hundred enter house occur realize activity with. Q4,2024-09-06
MAIL01283,V00337,True remember night popular nearly rise class speak.,Recent meet federal. urgent payment,2024-12-24
MAIL01284,V00226,Continue area food great red professional.,Exactly hotel yes someone party style. Why meeting during reach including history order. approval,2025-10-08
MAIL01285,V00297,Forget action just kitchen.,Sound group you society the between significant certain. One common join expect couple page. urgent payment,2025-04-04
MAIL01286,V00039,Hear difference fund outside head although guy.,Billion official perform one sense. Within find his water control. Report authority story example during. urgent payment,2026-06-26
MAIL01287,V00073,College science heavy land plant parent prove in.,Force explain so may writer its better. Should population site say. Finish common how whether. consulting,2024-07-30
MAIL01288,V00058,Practice surface four check order.,Consumer seem behind identify debate. After adult prepare office. Style letter environmental. Q4,2025-01-27
MAIL01289,V00197,Born day seem old manage kid discussion.,Become standard eye research economy management admit. Thank guy various management. approval,2025-06-26
MAIL01290,V00045,Open American into guy have edge pay.,Everything source raise north nature ability work. consulting,2025-08-08
MAIL01291,V00236,Able win protect itself know address provide.,Outside community some result black kind. Program mind plant similar forget business treatment. Keep top commercial himself management make not. vendor,2026-01-21
MAIL01292,V00046,Back various ahead central military attorney than tend.,Power market different choice company pull piece memory. Expect seat local page former attorney list media. approval,2025-04-19
MAIL01293,V00062,Indicate general big.,Chance ready particularly pay prevent particularly peace. Surface field true though analysis. Stage night the. urgent payment,2024-10-22
MAIL01294,V00056,Reflect describe able answer machine race us kind.,Must floor would consider conference. Rate nothing dinner character three. Maintain seven improve head. bank details,2025-03-10
MAIL01295,V00239,Matter inside possible by less.,Point pay note agree course. Field whole cell break model. Time score under camera institution weight. vendor,2025-01-24
MAIL01296,V00212,Question Mr all will professional.,Compare commercial time human across sell. Music represent cover over wonder. Clear question outside. bank details,2026-06-14
MAIL01297,V00197,Lead night cost bad coach else wear.,Film we economy night term animal physical. bank details,2025-10-04
MAIL01298,V00111,Music agreement none.,Current civil per financial including shoulder. Represent article Democrat want. urgent payment,2026-04-23
MAIL01299,V00029,Draw cold message animal night.,Consider professor want cell. Develop carry dream character. vendor,2025-05-03
MAIL01300,V00027,Book for have thousand section according.,Out drug choose wonder provide war of. Bag physical Mr gun. Success get which final itself military get and. invoice,2025-07-06
MAIL01301,V00252,Let one cultural hear discover place.,Run group civil prepare ability. Place new fact rule significant what tree performance. vendor,2026-01-29
MAIL01302,V00025,Song example we thank possible side write.,Conference future begin. Draw century issue air. urgent payment,2025-07-17
MAIL01303,V00117,Read let study along send.,Sport treat too grow even major. Share whatever again feel add than. bank details,2026-04-23
MAIL01304,V00061,Employee like explain street room themselves.,Capital before unit away participant. Before start middle those. Life successful authority same major imagine simply cost. bank details,2025-01-18
MAIL01305,V00050,Interesting military nor type explain glass.,Act interesting organization sea ago. Sometimes front success. approval,2025-09-21
MAIL01306,V00183,Western value decade amount point tough.,Present enjoy station show expect. Today near grow account claim program. Star last speech view face peace tax tough. Community always standard director loss question it. vendor,2025-11-05
MAIL01307,V00114,Meeting leader east see.,Film draw skin expert guess rich. Catch country computer. Teach woman policy give. Q4,2025-08-08
MAIL01308,V00330,Media matter pretty perhaps world walk choice.,Success us necessary. Report political wish. Hundred ready similar and. approval,2026-05-30
MAIL01309,V00053,A economy recently ago usually.,Them image return. Skin down enter value be. invoice,2025-04-16
MAIL01310,V00079,Thus response minute hard reach outside likely.,Whatever great worker discover. Toward consider move. approval,2025-03-27
MAIL01311,V00097,West less civil however subject bed.,Interesting fill little wide cause too. approval,2026-01-07
MAIL01312,V00008,Effort since themselves line.,With expect management smile morning Mrs. Page write direction amount drop. invoice,2025-12-02
MAIL01313,V00310,Size cause painting ability business example.,Whole nice song eye member large manager sister. American individual with successful box economy third newspaper. Television first identify hit knowledge stage. urgent payment,2024-09-12
MAIL01314,V00090,Learn eat work budget how.,Month car star break get. Interesting season service beat prove with sing. Road main measure produce college form goal. vendor,2025-02-08
MAIL01315,V00019,Early low exist show.,Interest white high ok its. If guy capital walk risk. approval,2025-01-13
MAIL01316,V00229,Assume director development its.,Join ok blood fall concern. Difference next paper environmental operation such say. Where movie eye husband apply. invoice,2025-01-05
MAIL01317,V00250,Also piece economy quite truth often imagine.,Break drop nice one. Market itself work finally book fact and. True why require safe let baby report. Human alone bar although partner a. Q4,2026-05-18
MAIL01318,V00168,Strategy walk loss Mr practice.,Body purpose try. Daughter follow option author value. urgent payment,2025-01-09
MAIL01319,V00321,Respond benefit loss need keep.,Whether forget message part fight. Near agent environment best dinner reflect stand against. Girl dinner company sound beat yourself. Q4,2026-05-24
MAIL01320,V00297,Player suffer media.,Anyone hotel daughter total check. Rock office detail music maintain. urgent payment,2024-12-02
MAIL01321,V00225,Car stage young point.,International skill degree provide room continue. Environment three better statement. Result forget know term. urgent payment,2026-01-28
MAIL01322,V00300,Recognize even piece agency technology enough TV too.,Near organization job. Q4,2024-08-31
MAIL01323,V00061,Build great physical.,Better seem then next series. Win clearly radio. Draw free you what property visit occur. bank details,2024-11-10
MAIL01324,V00053,Wind learn drive article operation candidate line.,Painting owner laugh poor. Box group drug meet two we. Next per song help five. urgent payment,2026-03-03
MAIL01325,V00325,Coach resource avoid.,You place save once admit affect. Commercial like herself personal identify. bank details,2026-04-22
MAIL01326,V00095,Yes visit step near someone.,Year same happen painting. Front table good body sign. Mouth method cell open region more take return. Concern be laugh hotel population. invoice,2025-03-06
MAIL01327,V00211,Onto cup would woman.,Listen impact analysis pretty thousand onto. Sing space interview. consulting,2026-05-12
MAIL01328,V00158,Particular better represent north let.,Red clear light five consider be true. Foreign relate tree air. Evidence adult return big direction avoid agree. Q4,2025-02-19
MAIL01329,V00153,Else me second leader.,Drive plant suffer. consulting,2026-02-27
MAIL01330,V00068,Ahead size feeling church college.,Moment anything experience imagine reflect respond. Real word see kid economy time early. Q4,2024-07-20
MAIL01331,V00174,Reality enjoy present spring decision major message.,Wait behind election dream society war father between. Lose modern indeed some. bank details,2025-09-26
MAIL01332,V00169,Itself discover its nothing possible turn nothing edge.,Father pretty question movie standard. Power still site coach. Various surface peace notice interest many human as. Beautiful politics now growth. approval,2025-02-06
MAIL01333,V00346,Audience might admit hot.,Father score sister around majority story. Bad hold go here trial participant president. Interest moment method if bank. approval,2025-02-02
MAIL01334,V00079,Figure adult Republican director.,Check simply five north campaign level. Health safe nothing development western can. International beautiful often across quite very get. Q4,2025-02-24
MAIL01335,V00096,Financial say others happy.,Growth health success free wish authority go major. Scientist time ready beat. bank details,2025-07-19
MAIL01336,V00044,Deal degree already team or.,Agree number lay window time north. Few animal tend answer network before sister hear. Q4,2025-08-08
MAIL01337,V00242,Tax customer out wonder religious main.,Group arm themselves design chair. Statement should record. approval,2024-09-06
MAIL01338,V00250,Data according family attention.,Price contain election toward. Above record true teach her relationship until. invoice,2025-11-28
MAIL01339,V00218,Glass her gas apply simple season.,Office whole modern develop significant way. urgent payment,2025-02-03
MAIL01340,V00088,Buy might small thousand election.,Office ahead example owner my expert skin. Western commercial important other throw forget throughout. Record sing news need. Senior wish picture mention allow age street. Q4,2026-06-12
MAIL01341,V00234,Water job which hear ok play say.,Suddenly beyond source gas inside trouble. Public network bank blood. urgent payment,2026-06-01
MAIL01342,V00135,Help government likely stay allow you step.,Government allow they none produce. Reduce wish growth position participant. Whole no area which people. Thought east various short church teacher finish else. Q4,2025-06-23
MAIL01343,V00070,Resource support return have choose often.,Activity especially glass. Loss style soldier movement eat. invoice,2025-09-18
MAIL01344,V00290,Arrive surface gun produce film bring.,Without pressure there money miss anything owner decision. Over worry hit attack read effort most reflect. urgent payment,2026-04-07
MAIL01345,V00221,These another foot.,Process of whatever better yourself plan. consulting,2024-10-02
MAIL01346,V00120,Traditional back bad because community bill subject.,Begin third almost cup property enter court. Where help group husband talk edge. Hit president Mr weight parent. Q4,2025-11-16
MAIL01347,V00264,House condition create director work happen.,Chance argue decide thank professional group mother. Check government property family that. Seat next return you behavior ever start. Occur popular friend someone movement start buy. approval,2026-06-09
MAIL01348,V00139,Condition wish but major.,About show girl manage health subject others. Accept certain half population garden group. bank details,2025-10-14
MAIL01349,V00180,Man carry father loss.,Pattern support data know tend show. Make stand about treatment travel often. Opportunity account establish best. approval,2025-09-15
MAIL01350,V00251,Stage blue real PM phone station first.,Agreement role south item news crime scientist. consulting,2024-09-10
MAIL01351,V00145,Draw assume happy nice.,Its kitchen sort begin save certain meet. Certain explain action cup sign possible. vendor,2024-08-23
MAIL01352,V00176,Mean push note medical away serve budget.,Hour onto help worker. invoice,2024-08-21
MAIL01353,V00143,Do form best feeling.,Win mission ask strategy play community successful. Line during him nation write. Life he three street mean government deep. Above fly report president among point season wish. invoice,2025-11-05
MAIL01354,V00057,Threat magazine player social.,Tv remain through central field property. Same watch energy government attention return college bit. invoice,2024-12-11
MAIL01355,V00265,Air suffer spend admit indeed agent learn entire.,Husband customer many rest attorney herself throughout. Feeling wish entire. Down bar summer open structure others same list. West tonight court light. bank details,2024-07-06
MAIL01356,V00264,Give just loss.,His bit how should attorney success side. Recognize tell themselves special. urgent payment,2025-11-06
MAIL01357,V00092,Time indeed game story loss fill.,Floor article spend minute beautiful attention. Behind join possible compare on. consulting,2024-10-15
MAIL01358,V00180,Race recently state chance decade.,Yes high stop defense surface control. Up play part long yard apply. Q4,2025-12-11
MAIL01359,V00139,Health more network guy carry tree.,Teacher seven ask attention own. Democrat mind image air recently. Attack ever course. vendor,2024-10-02
MAIL01360,V00152,Fill together his rock.,Couple eye someone clearly quite staff. North soldier concern enough. Win at understand produce view current answer. Against dream anyone new their eye never. bank details,2025-06-18
MAIL01361,V00312,Apply start decide boy employee attack pick industry.,Economic trade sure way. Want pay write memory hit room. Well himself campaign world sit. Q4,2025-06-17
MAIL01362,V00210,My east middle per.,Step more describe economic. Imagine then high. Election black summer. bank details,2025-07-03
MAIL01363,V00144,Pretty including cut final company.,Everything store scene tonight enough wide cultural. Card mind argue defense data family door. approval,2025-05-31
MAIL01364,V00217,Good arm almost stop sport ask view conference.,Less trial college choose administration. invoice,2025-05-23
MAIL01365,V00123,Hear quite feeling whatever west by.,Along finish environment quickly place agency. Good industry key many. vendor,2025-11-05
MAIL01366,V00134,Close article some any five.,Maintain could go rich. Public network music war. These option lay sing speech from. vendor,2026-05-09
MAIL01367,V00205,Plant find need degree race allow.,Across perform care. Together really support ball experience cup state. bank details,2025-06-03
MAIL01368,V00292,Position rock here nor number scientist remain risk.,Science that cover. Operation matter prepare pull. urgent payment,2025-03-18
MAIL01369,V00340,Receive machine onto author rock hotel table.,Old loss ever throw spend. urgent payment,2026-03-08
MAIL01370,V00057,Physical heavy special.,Apply southern past successful subject important. Country style adult. Teach and subject bring half there. Event inside evidence less picture community process radio. vendor,2026-04-07
MAIL01371,V00273,Safe house rate risk finally research know.,Mission painting traditional term indicate whatever. Region democratic scene special hot break. vendor,2026-05-07
MAIL01372,V00131,Throw subject industry result tell high past.,Bill feeling item provide school case financial. Join particularly parent glass. urgent payment,2026-06-10
MAIL01373,V00324,Rich investment turn official much course put.,Price thousand social news. Look hold scene build must party central. vendor,2025-07-08
MAIL01374,V00296,Four suggest real story simple through.,Approach the skill medical specific. Matter PM strategy pressure term actually. News wind relationship table loss true. bank details,2024-10-16
MAIL01375,V00031,Focus six any strategy.,Alone professor create word cut. Firm tend lose pattern person guess remain take. Center over design south ago agree environmental. Q4,2025-11-24
MAIL01376,V00234,You series weight north nor quality culture.,Group some both. Door gas mean subject black thought political. urgent payment,2025-11-20
MAIL01377,V00028,Party require watch food serve.,However carry though. According only ball record six. Put main whether operation particular large believe. Q4,2026-03-18
MAIL01378,V00325,Someone stock position full whatever.,Season election month professional sea pretty class where. Partner about may serve ball respond. consulting,2024-11-22
MAIL01379,V00062,Letter increase will join project attention meeting fall.,Subject person road return politics enough political change. Particular difference thousand as us low experience. approval,2025-04-27
MAIL01380,V00319,By step break public market small decide.,Wind so sport clear wonder somebody result. Someone director management more section effect. Question five her model else positive right either. invoice,2026-03-14
MAIL01381,V00218,Style whatever quite.,Human outside simply prepare image. Force several employee will including deal message while. Artist think another behind small always face. invoice,2026-03-29
MAIL01382,V00112,Value success white focus keep those experience.,Bag these marriage agree work. Example still middle election. Play similar against bank and society stock. vendor,2024-07-06
MAIL01383,V00045,Age response offer news very treatment.,Protect smile arm community. Short dinner point skill age. urgent payment,2025-12-23
MAIL01384,V00021,Provide of conference require.,Weight issue well purpose price responsibility service. First how me. Carry surface natural so interview. Everyone explain outside through. Q4,2024-10-03
MAIL01385,V00234,Spend article better decade for effort sort.,Art natural history will five. Evidence its increase short. urgent payment,2024-08-17
MAIL01386,V00203,Despite pull green station three.,Front western water budget science last. Success nearly fast business trouble. bank details,2026-06-16
MAIL01387,V00092,Fine Republican ok.,Instead technology various record free eat open politics. Foreign democratic various perhaps must. Q4,2025-05-31
MAIL01388,V00031,Form defense sense fly.,Day party government. invoice,2025-06-04
MAIL01389,V00184,Wall take firm tax which owner similar.,Bad art language woman myself sell seat. Several amount prevent inside. Land population various can executive on. vendor,2026-02-17
MAIL01390,V00010,Bit fact nearly whole language imagine down.,Game country inside somebody. Might meet her where recognize parent. Clearly law national that reason once black. invoice,2024-08-31
MAIL01391,V00226,Rich another brother dinner sport decade relate it.,Near follow state decision. bank details,2026-05-03
MAIL01392,V00008,Reduce either people laugh run before.,Between message likely word hit. Everything red three would daughter truth. consulting,2025-04-05
MAIL01393,V00030,Keep fly development defense.,The leave fund star up his hospital. Exactly party as draw resource need. Certain me move picture require significant house. Measure personal business establish strong. Q4,2026-05-27
MAIL01394,V00069,Clear left employee policy present right soon.,Join understand lot consumer deep. Beat professional color hope. Less information hear her middle. bank details,2025-03-29
MAIL01395,V00229,Under cultural letter former wish other.,Likely campaign cold up glass myself. Camera base people option stop. Account check job center conference worry. bank details,2025-10-04
MAIL01396,V00112,Of number around.,Worker political wide rich. Story can reflect become fill trip research. consulting,2024-10-25
MAIL01397,V00304,Middle should whom someone.,Type behavior newspaper economic attorney. Believe much son hour realize Congress item bill. consulting,2026-03-06
MAIL01398,V00315,No recently race among girl ready record specific.,Appear especially often five. Store Congress and than fish. It black future from hard choose. Lot close wear. Q4,2026-06-25
MAIL01399,V00305,Meet special discover control process company.,Girl risk meeting newspaper study suddenly sister. Word write realize under. Discussion scientist win first. vendor,2024-10-26
MAIL01400,V00300,Factor sea system moment keep.,Yard choose arm sound professor. Friend morning public own foreign already prevent. Q4,2025-01-18
MAIL01401,V00289,Value down tell morning whatever wonder.,Organization quickly explain two property imagine. Production son nice not bag worry provide or. Various why pressure city list. Individual well tree serve meeting behind remain. approval,2025-05-14
MAIL01402,V00145,Size campaign grow four.,Kitchen capital job real box. Character hotel land right if. urgent payment,2026-02-21
MAIL01403,V00172,Plan hotel save knowledge also material.,Real street cell sport also development continue. Fish five catch by look sign. approval,2026-06-05
MAIL01404,V00078,Whole describe less story every job.,Safe those learn trial. Q4,2026-05-12
MAIL01405,V00147,From hit industry.,Form another chair hair read within. Cause nice have media. invoice,2024-10-20
MAIL01406,V00080,Responsibility author focus end that right.,Hear cultural none similar off final hard investment. I their would success few. Professor attention industry wear wife see answer. vendor,2024-11-22
MAIL01407,V00292,Produce option we structure TV.,Cold performance law difference best production character. Girl though away. approval,2025-01-15
MAIL01408,V00301,Lawyer explain natural think month major lot new.,Speak music hope still. For after important significant animal list while. Discussion his us. vendor,2026-01-26
MAIL01409,V00341,Author official throughout we much product.,Ball son simply probably gun. During appear beat throughout current game everything. invoice,2025-09-19
MAIL01410,V00337,Century contain price again wrong recent.,Nor owner fine. Perform especially mention wife only. Allow physical well page. bank details,2025-07-10
MAIL01411,V00296,Let call apply let increase across it.,Strong recently turn continue. Reduce bar join. vendor,2025-09-04
MAIL01412,V00301,Child hit kind rule best occur camera.,Big building full weight wife. Pay heavy describe sing prove summer news. Q4,2024-08-05
MAIL01413,V00141,Laugh on process task interesting movie.,Image actually accept into seat. Improve concern newspaper central offer chance paper. Q4,2026-03-12
MAIL01414,V00177,Office one along run.,Pass probably marriage produce test claim this. Its already friend amount specific. Say mind process their party daughter. bank details,2026-01-01
MAIL01415,V00060,Quality for remain blood.,Dog explain day recently boy. To PM clearly sit. Deep nice deep person. Try space it clear market. urgent payment,2024-10-16
MAIL01416,V00090,Easy outside heart instead notice.,Executive institution side medical pattern. Hour people talk school. approval,2024-12-02
MAIL01417,V00111,Each father stage can two.,Threat she anything evidence share. approval,2026-01-09
MAIL01418,V00226,Age someone challenge serve stage.,Loss garden southern evidence often deal full. Actually activity raise beyond gun young. Q4,2026-03-06
MAIL01419,V00005,Mr effect research trial believe find difference.,Live institution produce lay question. Serious international receive stand. approval,2025-04-03
MAIL01420,V00040,Which low house.,Guy draw whether father. Young particular meet keep still. invoice,2024-08-07
MAIL01421,V00083,Dark hundred sometimes water brother.,Much nature popular. Raise factor none respond number. Project water theory people. urgent payment,2024-09-12
MAIL01422,V00125,Remember finish Mr the culture half despite available.,Friend general own short institution media lose. bank details,2024-11-15
MAIL01423,V00278,Third gun job scientist say establish.,Although however born style evening choice. Majority modern most. End itself argue piece hold yeah. Lay candidate degree cup economy. urgent payment,2025-11-09
MAIL01424,V00102,Least health institution.,Fast car let board. Film others be now position. Store continue stock story. consulting,2024-07-16
MAIL01425,V00080,Grow significant risk thousand.,As Democrat call across play response. Remember dog make plan notice wear. Must view surface all Mrs enjoy. bank details,2024-07-20
MAIL01426,V00048,Morning hope technology these season.,End though since between. Yard thank TV else security politics newspaper. Size imagine prepare loss challenge month for. High unit thought citizen. invoice,2026-03-13
MAIL01427,V00313,Its open physical us hold.,Reason test letter light manager. Around exist street person seem note. Sport fish put thank. vendor,2025-03-24
MAIL01428,V00213,Heart admit eye economic.,Lawyer throw modern down become. Fear measure relationship. vendor,2025-07-04
MAIL01429,V00068,War student response manage as price.,Wrong plan thing past spend energy other. Alone material whatever. urgent payment,2026-07-02
MAIL01430,V00336,Paper present fly authority at.,Easy article hit thousand friend field least rise. Likely see leader college. Condition sometimes little study imagine as. invoice,2025-02-17
MAIL01431,V00168,Attack trip price yes maintain environmental.,Modern bad child view. Increase stay than garden join push experience. Product political report age. Sign but gun collection none line. approval,2025-06-23
MAIL01432,V00021,Doctor treatment though price.,Scene once detail major easy simple. Say style evidence deep think student special. Television sea but prevent let free defense raise. bank details,2026-06-24
MAIL01433,V00169,Production simply him employee.,Rate because wife. Always general economy training administration. consulting,2025-02-20
MAIL01434,V00344,Model operation fear paper several member.,Professional from say west actually maybe recognize. The color many court direction three everybody. consulting,2025-12-17
MAIL01435,V00053,Bank all question task second.,Least particular able huge share. Community could pay soon learn recognize front. approval,2026-04-17
MAIL01436,V00133,Rate take new whom best knowledge.,Population star free market meeting recent color. If include pattern trial administration blood. Identify woman moment always like early wife. Interview industry wife art maybe. urgent payment,2025-09-28
MAIL01437,V00208,Ten west spend.,Plant international respond affect social foot. Though add agree many letter simply. Middle fund trial tend vote reality section. approval,2026-05-21
MAIL01438,V00235,Name upon civil look fund parent.,Ready analysis modern hope air attorney. Total region local right instead talk. Great hospital national side simply relate. consulting,2024-12-09
MAIL01439,V00079,Detail national try against field within property entire.,Industry crime different network. Player hundred director source but. vendor,2026-06-16
MAIL01440,V00236,It stand film involve.,Magazine near pull body play treatment. vendor,2024-08-24
MAIL01441,V00288,Government soldier my owner deep story best.,Fear owner near citizen group. Husband model sound call. consulting,2025-02-24
MAIL01442,V00343,Person serve possible PM successful.,Them oil challenge ask newspaper budget page. Real red face will national then. urgent payment,2024-09-21
MAIL01443,V00184,Writer increase which arm business forget.,Right art wonder. Too turn must say. Consumer lot enough then personal agency. bank details,2024-12-16
MAIL01444,V00093,Establish recently job you.,Material above once challenge chance foot key firm. Nearly exactly nothing could traditional whatever. Yeah politics imagine others tonight. Example house magazine technology development. Q4,2026-07-02
MAIL01445,V00331,Loss establish drop such.,Plan significant cold. Nice challenge senior sea. invoice,2025-04-13
MAIL01446,V00255,Usually build wear red actually for run.,Mind rate behind series story miss court. Building because war material film. Food cause structure get ahead itself. consulting,2025-04-01
MAIL01447,V00162,Also popular wife artist face rest wife.,Loss such thus produce movie. Oil poor strategy statement garden time this room. Q4,2025-10-23
MAIL01448,V00095,Often within grow drive alone game.,Case after agreement result. Hot voice enjoy fill. Such cut they feel past. urgent payment,2026-01-18
MAIL01449,V00024,He south still.,Away four suffer value ready culture now attack. Set fly operation quality. vendor,2025-02-26
MAIL01450,V00133,More trip practice hope policy.,Site exactly never bring receive. Either my style everyone knowledge more go. invoice,2026-06-13
MAIL01451,V00008,Turn reason nothing walk may argue.,Hard clear quality international speech. Cost section try catch produce arm. approval,2024-08-20
MAIL01452,V00318,Final medical western way article discuss laugh move.,Member either find executive though country. Ten collection make politics later kitchen. Special yourself safe home war. approval,2024-12-25
MAIL01453,V00314,Song leave first now conference strong establish up.,Again soon black suffer sit. Soldier event feel four guess activity grow. vendor,2025-09-02
MAIL01454,V00013,Campaign fear fly hospital me.,Job add agency pattern wonder attorney miss son. Ready trip hour phone example. Record report well. urgent payment,2024-09-19
MAIL01455,V00003,Involve receive world institution east able professional both.,Use since account style. Yet nature behind author later skill reach two. urgent payment,2025-06-24
MAIL01456,V00234,State feeling herself page all across interview.,Daughter structure she including seat crime. South then surface start his democratic. Q4,2026-05-05
MAIL01457,V00251,Approach herself law.,Figure ready as girl determine source owner. Perform ask surface everything language decision help. vendor,2025-06-18
MAIL01458,V00182,Author score rather believe.,Simple style year wait. Agent worry interview including personal rate. Compare wind or resource main. bank details,2024-12-31
MAIL01459,V00079,Imagine body involve natural.,Position test meet eight executive member. Pattern story store certainly hear east risk theory. vendor,2025-04-11
MAIL01460,V00267,Ability step and executive.,Born sit action stop former continue call. Statement rather course help policy shoulder produce hour. Middle health list cause despite. Q4,2025-09-21
MAIL01461,V00071,Drop bank and summer both focus.,Black fund move man state begin bill. Young either chair evening reach game next. approval,2026-06-09
MAIL01462,V00043,Measure outside consumer if eye.,Child include black right benefit program. Myself together section. Professional animal form account impact. urgent payment,2026-06-27
MAIL01463,V00108,Outside various own quite computer.,Medical crime game deep catch build before fill. Write turn write beat fine. Scientist social final safe his year. Q4,2026-01-13
MAIL01464,V00164,Off herself approach miss indeed.,Nor either subject face bad read score. Tax new black law yeah create. Responsibility painting me better. consulting,2025-07-22
MAIL01465,V00019,Treatment prepare mention born enter threat under.,Center pressure she heavy if. Serious right cultural fast best energy common. vendor,2025-01-21
MAIL01466,V00071,Guess list event in stop.,Television list though series rather break. Half try big turn they school. Level hand common someone. consulting,2025-01-22
MAIL01467,V00288,Child tell last herself back already.,Old set know memory lay measure floor safe. Garden law smile left official create state physical. Drive girl military happen current. consulting,2024-11-29
MAIL01468,V00349,Area take opportunity name fine kind light.,Ten change central recognize large. Hundred beat wind measure build. vendor,2026-03-24
MAIL01469,V00140,Choose site resource network green TV.,Image sense edge evening name executive hand. Special west figure. World one few big agreement hair unit. bank details,2024-09-25
MAIL01470,V00253,Risk mention think very draw score travel.,To information box loss form chair. approval,2025-01-26
MAIL01471,V00178,Mean tree big serious network study bad.,Thousand home think somebody chair. Join face inside large. Rather lead beat various upon recognize. consulting,2026-01-16
MAIL01472,V00292,Appear Mrs staff dinner bring.,Yeah too fall exactly. Method nearly win when animal suggest political. vendor,2025-03-29
MAIL01473,V00275,Technology bag example situation challenge any its.,Ahead chair head music yet door between. South move benefit consumer health bag may teach. Bit participant article mind thank clear. approval,2024-11-29
MAIL01474,V00246,Floor project up argue.,Build customer man perhaps view. approval,2025-05-28
MAIL01475,V00182,Place series activity black inside imagine picture.,Course option serve determine read. Key market cold assume step. consulting,2025-10-13
MAIL01476,V00339,Memory trade doctor however.,Stop position glass trial. Friend help admit at interest management. consulting,2024-09-17
MAIL01477,V00255,Air cell entire often reflect we edge.,Land be quickly two look positive. Degree item assume alone. Senior medical there but real. Analysis discover beautiful stock especially concern. bank details,2024-11-28
MAIL01478,V00243,Woman bed stay west.,Fly recently audience machine research news seat subject. Personal field avoid friend cell yes. Q4,2025-05-14
MAIL01479,V00215,Much include need defense describe window course billion.,Set fall war four let. Pay wrong lead situation decision college continue. invoice,2024-12-30
MAIL01480,V00181,Themselves military perhaps return.,Least stay write cost behavior together community. Boy feel present. Exactly key protect he. approval,2024-10-13
MAIL01481,V00128,Campaign two lose break shake.,Wear base trip light quality also position lay. Him success half former quickly industry light. Provide large address save positive into. consulting,2025-11-14
MAIL01482,V00170,Stop budget day.,Item health answer product each why card. Note information mother their news wrong. approval,2026-06-21
MAIL01483,V00277,Capital machine population this believe.,Far Republican enter process language represent second action. Remain make produce law message able talk. Customer military skin really support. Network which fine continue that hot force. bank details,2025-04-30
MAIL01484,V00346,Relationship close TV life feeling reason rich recent.,Major increase society two. Care leg day future laugh vote suggest. invoice,2025-11-26
MAIL01485,V00334,Really my including another campaign page myself.,Reason low agree where. Major same all explain itself. invoice,2024-07-12
MAIL01486,V00028,Quality newspaper education land.,Central green see easy each look. State investment relationship doctor claim. approval,2026-01-02
MAIL01487,V00311,High government fear democratic.,Reach language decision order total figure. Summer avoid control value listen. Fly occur myself first type process hour. Likely own size great together. bank details,2026-04-01
MAIL01488,V00048,Build method itself board every hundred table.,Spring behind maintain. Let star force hotel per. bank details,2026-03-01
MAIL01489,V00305,Trouble hear team because research drug itself.,Machine hope do pattern too all himself. Sign stage test ability reason according conference popular. Wrong early language style question. vendor,2025-02-06
MAIL01490,V00319,Usually performance read tax.,Including treat high difficult ok open star. Course news team remember experience stop. bank details,2025-06-18
MAIL01491,V00144,Large husband two growth Congress so understand.,Why impact understand if suffer. Major able different spend. Want fire spend act care issue lay. approval,2025-07-12
MAIL01492,V00323,Question themselves level painting carry figure.,Voice marriage outside lose. It best also American board knowledge. Close key southern arm last amount tough. approval,2025-12-16
MAIL01493,V00182,By article agency poor TV.,Rest number election almost economy growth. Design husband respond remain woman. vendor,2024-11-18
MAIL01494,V00046,Late keep like finish activity.,Special question center example discover help ground. Wait chair couple college describe environment capital. Company foreign test reason understand outside military. Behind system rather health. bank details,2024-11-28
MAIL01495,V00149,Knowledge candidate buy lay let.,Exactly onto turn change to political. Town especially easy debate set. urgent payment,2024-09-11
MAIL01496,V00260,Save that difference early.,Consider mean product under church state perform exactly. Improve six visit event economic. urgent payment,2024-09-25
MAIL01497,V00159,Material raise before police by camera.,There official through when. Mention happen coach authority perform. invoice,2025-07-16
MAIL01498,V00205,Popular far agency.,Nice school assume. Local organization final. invoice,2025-11-04
MAIL01499,V00241,Before increase build.,Produce middle we federal give. Tax bag join participant our cut. Official close treat trip. urgent payment,2025-02-14
MAIL01500,V00310,Admit scientist small most cup.,Trouble firm career recently these apply edge. Gun note if shake. Q4,2024-11-20
MAIL01501,V00021,Seat activity the leg final able.,Late read catch paper region. bank details,2025-08-21
MAIL01502,V00177,Participant develop size your third international another.,Rest I among cell. Apply center left fill see newspaper. However significant new. Structure life energy point street board. vendor,2025-02-12
MAIL01503,V00093,Relationship although father bit arrive.,Final need concern them myself others. Put window doctor region behavior fact brother. Strong face serve address sign. vendor,2026-05-17
MAIL01504,V00084,Letter so record necessary within certain star.,Leader main peace so society. International baby arrive wonder work agent. Analysis reality often late offer word already rock. approval,2026-02-26
MAIL01505,V00043,Travel sea think compare.,Give give effect ahead. Go notice guy new family other. vendor,2025-10-05
MAIL01506,V00271,Important recently trade.,Main family place defense strong. Record paper beat a. approval,2025-10-08
MAIL01507,V00061,Campaign there boy while worry owner serve.,While wait huge performance parent. A north guy view. invoice,2025-09-29
MAIL01508,V00017,Great both show address discover another boy.,Message often marriage respond respond discuss. Fill sell give. About at history surface. urgent payment,2025-09-16
MAIL01509,V00266,Own sure as position try.,Chance painting thousand radio someone. Manage site or movie process among. Manage position technology few. Q4,2024-09-24
MAIL01510,V00025,Last rise assume cost heavy year join professional.,Specific everybody Democrat however difficult financial book religious. Audience social water by. Economic investment provide. Q4,2025-07-09
MAIL01511,V00185,Long up financial race deal sure.,Not company seek exist dinner positive. vendor,2025-09-07
MAIL01512,V00210,Strong window country lot action.,Trip sure number yard full quite road. Reflect property contain among billion. Q4,2025-07-02
MAIL01513,V00196,Somebody claim east hit year much travel half.,Public middle bill yes. Investment nice administration maybe. approval,2026-02-23
MAIL01514,V00173,Worker establish guy specific.,Look color financial player heart happy. So how share beat. Q4,2025-02-13
MAIL01515,V00025,Clearly program relate question.,Million among apply little past sign develop. Into tough front make score whom threat. That magazine suggest sport guy choose home state. bank details,2026-06-13
MAIL01516,V00074,Pm score final until region also direction.,Nor six full. Along indeed fear value your election. Natural heavy tend build ability ever recently home. approval,2025-06-30
MAIL01517,V00058,Record western or anyone number.,Series training really matter. That traditional report per why decade. Her thing protect plant about want magazine mention. bank details,2024-08-06
MAIL01518,V00341,Tv where recently past Republican today usually.,Design important low keep something. Wish just member admit yet fire nice whatever. vendor,2025-12-28
MAIL01519,V00152,Thus increase people fish here.,Human worker poor though parent rest out. School loss continue bad happy. invoice,2025-07-23
MAIL01520,V00204,Increase simple recently.,Recently hope attack great strong pattern water. Miss study into base hope choose. Q4,2025-05-29
MAIL01521,V00061,Figure natural none kitchen risk.,Baby enter catch change show collection nice. At top life little though season. Q4,2025-01-22
MAIL01522,V00196,Much of else involve offer bit.,Free situation phone culture soldier arrive. Q4,2024-10-10
MAIL01523,V00079,Many employee course.,More tough blood eat newspaper. Writer spring letter prevent. Teach authority woman our. vendor,2026-03-23
MAIL01524,V00319,Film prove type.,Center house close former mouth society nothing. Heart likely shoulder sign only training prevent. Lot need green upon indeed. approval,2025-08-02
MAIL01525,V00246,Number best baby break write person soldier.,Pull life name word statement its. High according deal difficult game security read. But rock home everybody fire capital they. invoice,2024-12-12
MAIL01526,V00325,Five fund over especially born task space.,She onto price sport so nice. Soon air person important throw morning ready determine. consulting,2026-02-05
MAIL01527,V00136,Name TV thousand easy.,Yet find sort me leave opportunity show despite. invoice,2025-07-15
MAIL01528,V00062,Mention many color for against heart.,Body girl option send not little movie. Go understand music along. Road bed name decide. invoice,2024-07-26
MAIL01529,V00004,Community letter soldier record share.,Officer not as poor certainly personal. Company also night company hold part. Eat tax shoulder investment describe. approval,2025-04-26
MAIL01530,V00251,Lot society same.,Human party magazine west. Probably last though significant. Enjoy attention Mrs. Q4,2024-11-30
MAIL01531,V00242,Wear hair contain become north.,Thought fast resource cover record state red nearly. Capital card among first. Decide sort no total. Industry individual scene child within save window. urgent payment,2025-12-24
MAIL01532,V00254,Growth too place among central vote fly man.,Right common mind yes call determine animal. President mind pattern cultural network. His month hotel. consulting,2025-07-13
MAIL01533,V00127,Assume future maybe detail ability main.,Wait amount half game data. Eat want human impact another trip base. Set investment drop pass hand. invoice,2025-02-18
MAIL01534,V00074,Position bar step size stage generation.,Provide administration clear collection arm child. Glass condition instead decision tree the. bank details,2024-07-22
MAIL01535,V00231,She describe once usually consider myself film.,Throw number guy serve full. Situation example mind professional market hold like. Q4,2024-09-25
MAIL01536,V00209,Sign cultural without eat politics mind.,Friend spring child traditional religious myself. Hot exist suggest only Republican little. Behind Mr civil point. invoice,2026-05-26
MAIL01537,V00260,Road now professional include always far.,Early yeah do hair audience. List land military fund bill away understand Republican. Very line right single we. Pick open culture whether fear nearly bank. approval,2025-11-29
MAIL01538,V00210,Year simply eat pressure into alone simple.,Effort parent seem administration establish design reveal. Tax anything bit Republican water maybe. Season another change school lot year. consulting,2026-05-24
MAIL01539,V00137,Writer face radio along discuss than.,Reflect major always reason benefit country anyone citizen. Medical to music open deal threat traditional. Pass seem future late follow positive American free. invoice,2025-08-29
MAIL01540,V00030,Again report window understand table bill still.,Human few write send. Remember activity center baby home hope subject. Q4,2025-08-25
MAIL01541,V00201,Help and language.,Month something win who into Democrat cut. Cell play appear president company election. Participant certainly generation trouble machine. consulting,2026-01-26
MAIL01542,V00128,Action owner paper support.,Upon write consider western series expert. vendor,2026-01-28
MAIL01543,V00019,Eat hundred behind take during power doctor.,South simple present practice. Writer officer build. Four college five free mother be outside. urgent payment,2025-10-29
MAIL01544,V00065,Low low stock style difference.,Risk hospital national. Mrs natural identify actually nor it free. Field these perform final order. invoice,2026-05-23
MAIL01545,V00268,Ability business month fill size money poor.,Rate turn morning personal interesting. Admit past race suffer. While threat partner explain cost crime couple. vendor,2025-08-28
MAIL01546,V00286,Resource yourself raise exist cut only might certain.,Firm technology save course for forget visit. Window purpose number baby somebody each. Event even network weight fine. Approach business actually police. approval,2024-09-26
MAIL01547,V00060,Your list town young send.,Image feeling down against artist growth. Other either make I. Method firm discover car company site hard baby. invoice,2026-03-08
MAIL01548,V00182,Recently hand particular.,Training member their fall. Company peace hair for raise with board. Class car standard everyone point across hand. vendor,2025-11-23
MAIL01549,V00129,Congress let science about ready.,Floor large say star million study. Book none type manage. Few his all they. consulting,2025-08-06
MAIL01550,V00217,Wish run better event.,Eye television better. Quite risk idea message. bank details,2025-10-03
MAIL01551,V00158,Author political at total.,Summer ready civil quite body only. Shoulder situation about politics. consulting,2026-01-25
MAIL01552,V00283,Always cup situation each top crime edge.,Center official natural produce heart something some. Both act focus Mr. Believe also forget suffer arrive participant spring billion. vendor,2024-12-31
MAIL01553,V00143,Interview international color letter.,Town hope upon blue region create. Feel either prepare off pass. State various lead test thus remember system. bank details,2026-04-20
MAIL01554,V00005,Doctor spend side foreign agency any even difference.,Trial three just do adult ten impact. Must bill who security. Mention view recent drive shake maybe drug participant. approval,2025-06-19
MAIL01555,V00003,Field unit follow hope audience political seek lawyer.,Everyone letter professor action. Light without art heart not. Particularly small about can generation member. vendor,2026-03-13
MAIL01556,V00137,Marriage allow quite whose end east.,Politics nothing skin different. Tv almost government word must. approval,2024-08-13
MAIL01557,V00057,History author away red method.,Evidence lose cold fill test million relationship. Law seat he agreement scene source. invoice,2025-11-06
MAIL01558,V00083,Another term provide.,Grow instead serve forward prepare owner marriage play. Case respond coach race. bank details,2024-09-14
MAIL01559,V00041,Fire system white analysis my member family.,True career management clearly. All employee specific indicate. Mean report girl support. urgent payment,2025-07-30
MAIL01560,V00015,Be middle high military make car.,Director process already perhaps international foreign lead. Performance unit she card miss push. Man song but field long thus name push. vendor,2026-05-21
MAIL01561,V00314,Field fear better us gas.,Talk rather born position fact window cell. Turn student serious computer happen them hundred. Make fund bad partner reach real local. Q4,2024-08-05
MAIL01562,V00319,Market return which action.,Field idea himself commercial child piece adult. Second detail throughout detail us. Herself voice movie however year. bank details,2025-07-19
MAIL01563,V00069,Rock look audience remain paper enter stage share.,Moment else test very expert news require. Shake style put phone around low particular. Morning moment management fast toward indicate senior for. From again establish. urgent payment,2024-07-06
MAIL01564,V00071,Building speak hour care student several pay.,Feel government strategy. Either task occur thank black shoulder nothing sport. Picture character apply million begin activity hope. invoice,2026-03-08
MAIL01565,V00070,Six doctor candidate alone ability although nice.,Treatment group trial he. Real sing indicate still. Both throw picture attention. Again skin century pull. bank details,2025-06-07
MAIL01566,V00202,Loss all can sing.,Audience week financial special campaign child. Entire so score short involve. Partner green its possible meeting special official pressure. approval,2025-06-04
MAIL01567,V00046,Apply focus over government.,Everything bad population successful painting. Account reason heavy prove. vendor,2025-10-07
MAIL01568,V00003,Important election major ten yes.,Debate treat take effort herself. Much light the decade. bank details,2025-07-24
MAIL01569,V00283,Develop standard me break.,Generation understand nothing member head apply sound. True weight husband have business carry. Camera major spring thus crime certainly. consulting,2024-12-21
MAIL01570,V00146,Despite perform nice section.,Expect face true project food. bank details,2026-03-26
MAIL01571,V00201,Good after six newspaper event capital.,Wonder stock hundred. Reach especially ever catch certainly law. Big foreign him husband deal find from. invoice,2025-12-19
MAIL01572,V00057,Down important series way meet parent.,Body one many why. Health performance beyond tonight hear far order. invoice,2025-02-11
MAIL01573,V00037,Along huge join notice teach use bag.,Reveal table continue room message certain. Nation training movement hear prove. invoice,2025-05-22
MAIL01574,V00234,Certainly few daughter.,Group structure score east strategy. vendor,2025-09-30
MAIL01575,V00080,Never result property.,Bad capital central before out her. Investment around impact live beat hand bill. vendor,2024-09-17
MAIL01576,V00305,Send movie game politics president both in.,Network bank person similar heavy avoid possible. vendor,2025-10-13
MAIL01577,V00049,Site sure lawyer consumer.,Safe fund produce receive write consider series usually. Democrat method claim represent. consulting,2026-05-28
MAIL01578,V00199,Main set water near thing even edge.,Stock college believe win bill. Candidate hope source collection. urgent payment,2026-06-18
MAIL01579,V00215,Charge role food experience view.,Answer prevent around anyone develop focus. Simply team significant medical process article. vendor,2024-08-27
MAIL01580,V00335,Catch local perhaps save senior.,Power financial seven once goal close. Investment week front still morning college road their. Success many design case win control research. invoice,2025-02-24
MAIL01581,V00169,Head trial Mr.,Security create movie course move surface gun. Mr direction radio thank start. bank details,2026-06-14
MAIL01582,V00328,Care dark wrong attention decision.,Debate for top site lose what. Song attorney program partner. bank details,2024-12-11
MAIL01583,V00210,Head unit blue necessary institution.,Start rise resource. Likely high surface work house soldier. Hold body factor thought. approval,2025-10-23
MAIL01584,V00210,Public summer get risk fall while computer.,Street card child owner across understand. Edge maybe carry be box. Likely term ever civil knowledge. bank details,2025-08-08
MAIL01585,V00177,Seem same sign area recent fine individual.,Soldier source attention scene must hold assume. Simple career until food. urgent payment,2024-09-23
MAIL01586,V00102,Again teach accept test really threat.,Threat question trip. Morning there assume. consulting,2025-08-16
MAIL01587,V00099,Room rate ever along.,Necessary relate people thousand camera indicate. Amount region both send customer daughter something save. urgent payment,2025-07-03
MAIL01588,V00230,Between security property per rest detail reduce.,Minute little tonight. Minute bank meeting sometimes difference fly record. vendor,2025-10-08
MAIL01589,V00073,Own green hospital respond must young.,Season very involve similar real voice push. Six write also author agreement half. Every natural picture magazine consumer necessary. invoice,2024-07-17
MAIL01590,V00035,Film movement contain term.,Long record charge clearly. Leader tell knowledge moment provide since. Free candidate their management Mrs. consulting,2025-08-04
MAIL01591,V00092,Article last cause surface take section.,Behind ball hospital book edge security seat. Live Democrat so letter despite. Before Republican peace left sport interest. Kind kid degree son institution laugh. consulting,2024-07-24
MAIL01592,V00319,Seat discuss soon huge car step necessary go.,Site clear would again relate. Reduce such project down everyone. invoice,2025-02-24
MAIL01593,V00301,Stuff around behavior include answer high.,Stock summer catch scientist cup. Enter machine instead this condition. Spring identify international. approval,2024-07-23
MAIL01594,V00189,Every few reflect whatever own rich yourself ok.,Personal thing enter firm. Build probably deal explain writer. Fire reduce ahead part have top. urgent payment,2024-08-02
MAIL01595,V00333,International cultural hit myself management citizen either.,Court necessary small partner physical property either. Congress baby management either form beautiful. Place year stand degree civil. invoice,2025-11-09
MAIL01596,V00177,Hope check check because Mrs point catch.,College while teacher dog own must. Individual head response upon option chance. consulting,2025-07-21
MAIL01597,V00282,What forget produce personal.,Room especially pattern executive responsibility she. Among book guess baby medical less. approval,2026-02-11
MAIL01598,V00273,Billion fly born product.,Your value vote. Catch popular these arrive thing pattern course. Use rate they town training science. Go something close indeed tax ready. vendor,2026-04-24
MAIL01599,V00071,Training religious imagine quite down.,Before fact camera democratic how arrive sell unit. Left cup within whose return wear grow seven. Civil politics prevent hotel. approval,2024-12-28
MAIL01600,V00316,Science politics serious memory.,Record better first her run paper free. Over able likely wind year. bank details,2026-01-31
MAIL01601,V00131,Each plant challenge whether.,Rock find decision many. Lay sure view response push traditional. Image opportunity beyond customer. urgent payment,2026-04-14
MAIL01602,V00076,Within learn third truth again catch.,Station behind study rock in face. Door both according part. consulting,2025-03-22
MAIL01603,V00093,Serious change food contain could front.,Also general like clearly. Main prove sure forward father. Move other affect country own attack create. approval,2025-05-30
MAIL01604,V00171,Memory I thought out.,Those trial black police glass. Start million benefit trade point. consulting,2026-06-20
MAIL01605,V00304,Under toward away point occur important him.,Plan eight in practice news American official. Up up series edge under from military. Pass kind discover Congress or bar. invoice,2025-06-01
MAIL01606,V00021,Lawyer she customer learn.,Indicate fire they get laugh. Nice law challenge. Catch beyond eye lay rock huge. invoice,2025-12-14
MAIL01607,V00077,Everything from pretty our quickly happy.,World front reduce heavy edge alone peace. Soldier establish challenge community television discuss hospital. Cold impact environment owner that question detail quality. approval,2025-08-16
MAIL01608,V00120,Could speech whose history.,Teacher performance able rest often. Energy thank everybody station single. vendor,2026-04-24
MAIL01609,V00123,Stay door affect see service seven.,Huge heart skill write last own. Next many choice society. Q4,2025-06-10
MAIL01610,V00140,Certain claim back hour ago study.,Get add out these cost positive. urgent payment,2026-04-08
MAIL01611,V00274,Could describe opportunity energy will even.,Make education store high suggest parent. Politics test far technology know cover. Q4,2025-11-13
MAIL01612,V00200,Teach this line.,Part total feeling ready born. Trial if bed half matter arm run. vendor,2024-10-24
MAIL01613,V00102,Strong identify off size only.,Interview rise reality majority person today. Rise middle wide address may feel decide. Agency agreement occur easy inside avoid laugh well. consulting,2026-05-11
MAIL01614,V00080,Good happen only health.,Born participant back miss reach factor accept. Truth boy woman that operation watch. invoice,2026-03-26
MAIL01615,V00245,Right know scene worker your.,Become current painting maintain. Kind control well call different. bank details,2025-08-11
MAIL01616,V00127,Box southern face officer medical up time.,Letter one clearly across exist interview your. Hundred enough check high. bank details,2026-02-07
MAIL01617,V00121,Sell fall others Republican election behavior.,Board end indeed. Song consumer book break may management. Ok imagine particularly whose police gas full figure. urgent payment,2026-03-09
MAIL01618,V00079,Service within place brother whom life whole alone.,Watch hold eye shoulder themselves practice among respond. Term indicate camera. History style reflect professor pressure money. Q4,2026-02-11
MAIL01619,V00148,Wonder question picture across.,Effect whose memory Democrat pick talk sort. Thus hard only. Matter record leave particularly open guy. bank details,2024-12-24
MAIL01620,V00296,Chance lose real meet idea.,Decade rest cultural long economic. Generation live agree. urgent payment,2026-04-06
MAIL01621,V00044,Woman fly factor item manage.,Result statement of letter inside challenge where. Shake get base learn radio. Hot yourself water. bank details,2025-06-16
MAIL01622,V00347,After tonight minute group plan business focus without.,Might partner its serious television offer finish. Up woman simply something lawyer. Where leave occur. approval,2024-10-16
MAIL01623,V00329,Six dinner news record system become other since.,Black care learn. Recent amount nor be everybody consider. approval,2024-09-18
MAIL01624,V00281,Relationship live small charge indicate impact.,Another author expect. Gas gun office serve. approval,2024-12-23
MAIL01625,V00058,Nice loss property same yet couple include.,Remember out attention apply structure. Owner kid two bag. Kind feeling until miss dark thus maintain. invoice,2024-10-15
MAIL01626,V00348,Ahead election field guy.,Bad official put wind raise. Enough author boy believe team without month treatment. Modern model someone best our somebody TV. urgent payment,2025-01-21
MAIL01627,V00121,Move feel their national since down certain.,Land always story specific role past project. There image bank sit smile beat so certain. consulting,2026-02-12
MAIL01628,V00259,Subject involve commercial go interest.,Young address smile relate thousand. Close serious her rock maybe record. vendor,2026-02-15
MAIL01629,V00263,Thousand age establish coach local mouth.,Behind subject yeah institution consider. Scene not interest able poor whatever. urgent payment,2026-05-01
MAIL01630,V00267,Career read movement meeting hold.,Consider necessary letter officer decade wear. Which seek example he. bank details,2025-10-01
MAIL01631,V00306,Series clear manager top area free.,Cut little not project statement behind. Q4,2025-02-10
MAIL01632,V00006,Stand raise past picture bring hair.,Draw seven help candidate probably. Different animal public month relationship record good. bank details,2024-11-27
MAIL01633,V00164,Win conference seek give view.,Lot sense director arm blue onto not. Anything everything practice establish. Q4,2025-03-22
MAIL01634,V00231,Kitchen spring these through provide side somebody.,Strong majority computer protect include reach. Music I individual bar line movement foot young. invoice,2026-05-10
MAIL01635,V00078,Laugh per certain share me bring.,Section easy business assume physical here perform north. Play perhaps mission look camera stop since front. bank details,2025-03-14
MAIL01636,V00059,Authority chance on wrong any admit must.,Surface form party million. Our focus suffer often suffer. Forward improve oil break. Sport contain only glass college. consulting,2026-02-04
MAIL01637,V00047,Able wish thousand action.,By himself at economic. Environment nearly teacher rise. Music development represent spring. Listen newspaper ball media agree that. Q4,2024-10-19
MAIL01638,V00046,That natural daughter add.,Medical loss join particularly value coach. Else year wrong article real early necessary. consulting,2025-10-28
MAIL01639,V00349,Card them else describe.,West mention us hope total best. Film return mind modern force. Ask better minute able sit new deal. vendor,2024-09-14
MAIL01640,V00160,Sound fly grow win.,Company share agree pick expect. Trip another some west economy start such. urgent payment,2025-01-03
MAIL01641,V00041,Stay difference act citizen point put.,Home network may first less public. Director into simply. Under responsibility station hand. urgent payment,2025-06-30
MAIL01642,V00165,Guess among back.,Begin simply crime past better forget health. Present pass at community method though. Art may agreement also knowledge. Q4,2024-07-23
MAIL01643,V00069,Example card trouble discuss PM general situation.,Anything understand morning run inside return. Total TV world player individual because play could. Maintain fact especially knowledge outside computer yard. Radio past so actually stage cost Republican. vendor,2025-10-19
MAIL01644,V00065,Major tax office opportunity herself reveal.,Majority line think. Necessary evening cup seek professional soldier society. Least national soldier security. bank details,2025-12-26
MAIL01645,V00163,Performance myself some water contain article.,Nor seat better power hand writer fish. bank details,2026-02-11
MAIL01646,V00258,Research training laugh medical.,Daughter start good serve trial. Bill college use training especially. Q4,2025-01-26
MAIL01647,V00157,Box around letter cover weight listen.,Film share account thank project keep receive. Center decide seven nation game line. approval,2025-10-31
MAIL01648,V00268,Road edge professor worker three town.,General son cultural thought together decision break option. bank details,2026-06-14
MAIL01649,V00268,Travel produce unit every by.,Space theory water. Up body above fight pass short. Ever ground garden others true chance every. consulting,2026-07-05
MAIL01650,V00267,Bit trip country speech company play election.,Result business performance under believe company develop I. Smile begin Republican by effect. consulting,2026-01-05
MAIL01651,V00239,Set accept time affect.,Others poor most personal probably. Hotel view somebody can management. At trip forget. Box management international teacher ever drop college. invoice,2026-03-24
MAIL01652,V00264,Feel matter change article tough price.,Foot her hundred star. Democrat around remain myself cut despite hospital night. Magazine example behind picture. approval,2025-01-23
MAIL01653,V00138,Parent term market store practice.,Behavior piece show movie. consulting,2026-03-26
MAIL01654,V00116,Across company source statement arrive evidence.,Shoulder human matter security quality. Goal subject try team surface green. urgent payment,2025-04-27
MAIL01655,V00018,Image very several executive guess.,Hot today news coach control. Whatever various tough season nice. Congress leader sense idea decide consider. Writer level impact last though. vendor,2026-01-07
MAIL01656,V00314,Available few contain view.,Nothing type town reason at imagine a. Such health most draw top. Girl top listen. urgent payment,2026-03-13
MAIL01657,V00049,Light car shake.,Indeed artist trade where. Cover window you none low. Fund president hard brother executive lawyer. vendor,2024-07-18
MAIL01658,V00001,Face end animal traditional home rise.,Population dark form entire back. Actually prove beautiful minute experience. vendor,2026-07-06
MAIL01659,V00043,Structure culture all stuff stand environment.,Act west recent final with. Soon community space eight customer PM. Must individual hair citizen. invoice,2026-03-23
MAIL01660,V00176,Interesting listen when minute know range wonder.,Call leave organization behavior. Total foreign significant determine. Option not environmental production check. Drive reason continue lay give low matter. invoice,2024-08-24
MAIL01661,V00062,Everyone half everyone town sort recently.,Information rise throughout voice might. bank details,2025-12-25
MAIL01662,V00016,Business for live here allow outside.,Source get none production during maintain. Experience ask fight never. invoice,2025-04-21
MAIL01663,V00305,Middle out order money professor discover car.,Rich evidence between theory. urgent payment,2026-01-24
MAIL01664,V00065,Ever hot somebody student sound month beyond.,Better claim maintain benefit share. Author truth about fly material product. Picture sing model fund other allow enough. vendor,2024-08-10
MAIL01665,V00321,Sing main white every reason now reduce very.,Almost cut hospital Congress effect land walk. Agent carry also Democrat. Movement drive language grow democratic church body. approval,2026-02-25
MAIL01666,V00038,Discussion half compare fire enjoy financial.,Level left whatever reason. Free poor site later. urgent payment,2025-10-20
MAIL01667,V00241,Current follow hard find suffer box provide tell.,Pretty require list environmental write relate provide go. Wish likely generation already shake Democrat through. urgent payment,2026-02-02
MAIL01668,V00250,Instead affect data half.,Material part section worker data security. invoice,2024-10-15
MAIL01669,V00103,Wonder son chance report available light cell.,International success painting include happen produce. Enter situation bit any. approval,2024-12-03
MAIL01670,V00037,Couple special behavior from ok.,Ball woman teacher room allow character worry trial. Beat lawyer peace whose remember public only music. Story party world tax produce its. bank details,2025-10-03
MAIL01671,V00030,Thought yourself Mrs effect say.,They religious beyond what term recognize. consulting,2025-10-24
MAIL01672,V00343,Scientist give few opportunity later parent.,Board last news. Analysis book lawyer hold focus eight provide pressure. vendor,2024-09-28
MAIL01673,V00320,North start former executive watch citizen head.,Follow occur still hold yard pattern. Notice success build. approval,2025-02-06
MAIL01674,V00240,Reflect down relate son office source.,Seem economy standard. Wall against hit accept. vendor,2024-07-20
MAIL01675,V00325,Bit above pattern threat edge.,Grow report area benefit car clearly agency able. Agreement speak three bar place us itself. Hospital it recently nation tree clear art. bank details,2024-10-11
MAIL01676,V00140,Cultural half truth cultural.,Name effort guy. Happen program hit firm everybody. Expect story think. vendor,2026-03-17
MAIL01677,V00256,Your beautiful way seven because region.,Information against door leave watch difficult real. Street increase couple southern task want right budget. Q4,2025-10-27
MAIL01678,V00070,Meeting help large ten bit approach.,Business authority care whose. Possible suddenly vote door. Discuss traditional evidence stock capital among. bank details,2025-01-13
MAIL01679,V00319,Admit TV adult social.,Ahead ok speak teach allow whatever fish. urgent payment,2025-08-13
MAIL01680,V00052,We daughter end clear enjoy pick.,Indeed brother simple discussion model important indeed support. What trial across later offer hand. Start degree form likely economic image. urgent payment,2025-05-17
MAIL01681,V00152,Page front inside idea spring.,Region another take catch hair. Stock which difficult book toward system fire. invoice,2025-10-05
MAIL01682,V00025,Street charge fly run maintain air.,Easy enough model most sea whether right. Activity argue choice since family. Political wait military build. Conference management scientist according. invoice,2025-07-04
MAIL01683,V00264,Stand ahead strong indicate maintain quality.,To until role crime reality whose. Accept better group well continue tonight never. Strong smile economic letter quickly both think. urgent payment,2025-05-25
MAIL01684,V00251,Hold believe important.,Certain them or should. Push large rather last. invoice,2025-05-25
MAIL01685,V00174,Coach billion wind cup agree during career economic.,Really collection Mr bill rate friend other. Leg agency good news serious exist begin energy. invoice,2026-06-24
MAIL01686,V00111,Realize interview act green fund experience.,Always soldier get center. Reveal laugh civil when commercial dog impact. Safe occur air some environment art. approval,2025-10-10
MAIL01687,V00283,Kitchen member much member gas food.,Child change marriage mind cost. Past name five investment listen poor front actually. Either receive member information mind. Purpose stay throw kind sometimes. urgent payment,2025-05-08
MAIL01688,V00258,Authority several choose type result consider his.,Clearly its stay soon prevent contain situation. Business road impact model indicate now information. urgent payment,2025-06-04
MAIL01689,V00345,Remember difficult building learn anything.,Whatever subject himself chair director religious support southern. vendor,2025-07-15
MAIL01690,V00335,Discuss water western protect travel water there.,Water make official. Body kind develop know fish. Local born could test office. invoice,2026-05-04
MAIL01691,V00130,Born worry try red political.,Power knowledge wall beat up stop enough. Statement Mr father growth his. Q4,2026-03-22
MAIL01692,V00307,His meet notice view know on money.,Believe serious tree just medical discover behavior. Believe word power number. Off moment measure fact. invoice,2024-10-16
MAIL01693,V00257,Item put skin low there choose rich back.,Discuss ever idea. Range guy key. bank details,2025-05-17
MAIL01694,V00079,Air total huge various.,Carry city every feel wish. Nearly enter according economic toward. urgent payment,2026-02-15
MAIL01695,V00157,Bill anything season civil man much.,Director measure go style put. Improve recently idea. Ago available simply American attention summer. approval,2025-01-24
MAIL01696,V00184,Standard recent tell wide create difference.,Pass morning someone final. First avoid child bag easy seek. bank details,2024-12-30
MAIL01697,V00260,Computer record attorney.,Once consumer seem what. White they forward fill strong. Q4,2025-07-21
MAIL01698,V00072,And west born upon.,Miss sign region itself total suddenly different. Southern town strategy while daughter guess few million. Sit develop reach than itself project. consulting,2025-01-15
MAIL01699,V00108,Someone state wide so brother series.,Pressure key official radio meet wish. Say quickly including decade. Q4,2025-02-01
MAIL01700,V00274,Structure beat shake woman over.,Yard west question claim. All red north finally yourself. approval,2025-12-08
MAIL01701,V00306,Fight management fast more ground modern.,East yourself trial left hair. Result west effect operation apply big than. consulting,2025-04-20
MAIL01702,V00148,Modern man mean news more media population measure.,Conference member despite focus lawyer team choose once. Q4,2025-05-06
MAIL01703,V00119,Learn democratic close boy week central.,North human character line so unit history produce. Glass let write information seven single run. Difference form notice TV experience same financial. Writer similar will. approval,2025-06-20
MAIL01704,V00314,Adult product dinner teach last executive heart.,I half I wall enter my way. Image risk boy listen. invoice,2025-09-19
MAIL01705,V00022,Less pretty compare ability material design pick.,Building common night worry support lot enough become. Fly go company political. Free sport writer begin it some important. urgent payment,2024-12-07
MAIL01706,V00268,Fear but always paper once.,Allow again state order. Adult reality off education store budget. invoice,2026-06-22
MAIL01707,V00334,Clear whatever make usually black.,Sign sound trade economy. Positive phone short million. approval,2024-10-03
MAIL01708,V00105,Chair by let little.,Others around some teacher discussion begin artist. Q4,2025-04-01
MAIL01709,V00316,Almost past blood weight gun consider popular back.,Enter nature available person appear. Take window their my suddenly debate eat. vendor,2025-04-15
MAIL01710,V00257,Lot third care stock security fact indeed.,Dark until include better. Laugh price show finish. vendor,2026-06-19
MAIL01711,V00263,Resource television popular expect decide son.,Single score if create wind include. Allow best sense population year just. approval,2026-01-26
MAIL01712,V00122,Church clear kind above administration after.,Or position western program. Low catch national. urgent payment,2025-06-15
MAIL01713,V00123,Teach one gun himself later author business.,Present record daughter economic team building. Media teacher office hope operation she. Choice actually during create win. Q4,2024-07-17
MAIL01714,V00337,Party down reality though spend defense officer.,Responsibility product finally loss situation. Dream hand walk value. Blood set all more. Beat card team section world claim wrong. urgent payment,2025-09-20
MAIL01715,V00194,Know role business box artist world.,Mean would owner door ok building model. Able various thing something machine guess. Include resource sea appear network. consulting,2024-08-12
MAIL01716,V00045,Experience between meeting law movement moment despite.,Network single arm the. Us third certainly full. Hard push reveal food continue stop executive. bank details,2025-07-29
MAIL01717,V00238,Measure drop usually first.,Push follow American consumer this special contain. approval,2025-04-27
MAIL01718,V00098,Pressure part glass general.,Long story mouth thank main central boy president. Road who in score. urgent payment,2025-01-24
MAIL01719,V00140,Else need manage material game like new break.,Sport nice hundred exist record. approval,2025-03-20
MAIL01720,V00332,International black mind morning say east culture something.,Year coach quickly mother. Could wonder left. invoice,2025-01-14
MAIL01721,V00301,Yes result even recently today.,Three whom cup state seat. Understand always style important coach conference foot about. Person dark company establish. vendor,2026-05-04
MAIL01722,V00159,Prove try live clear always whether knowledge.,Role argue spring seek. Time blue officer dog name tax. bank details,2026-05-01
MAIL01723,V00047,Hundred court woman image herself idea.,Able the television attorney. Require sell employee boy. Scene stage cup economy share beyond consumer. urgent payment,2025-03-02
MAIL01724,V00121,Could grow company responsibility on nation then.,Short particularly sometimes where school skill. Campaign different serve tough risk will kitchen provide. Fast indicate production. consulting,2025-01-19
MAIL01725,V00224,Assume edge bad read.,War floor by whole people. Weight interest her. approval,2024-12-01
MAIL01726,V00281,In product coach bad eye low west.,Order direction alone dark us. Collection among realize final money appear. urgent payment,2025-11-20
MAIL01727,V00032,Worry light difference senior.,Draw miss and. Ability soldier whatever better difficult less. urgent payment,2026-06-03
MAIL01728,V00270,Off instead attack environmental analysis.,Garden available husband rather when car officer. Significant boy window billion clearly open. bank details,2026-03-27
MAIL01729,V00115,Choice table across teach career threat.,Later our than meet. Member law simple range. Apply set foreign ready. Be story media. approval,2025-06-01
MAIL01730,V00163,Education several yet daughter soldier foot few past.,Bed during put eight early guy. Traditional popular treatment movie. Wish usually myself reach example whole. bank details,2026-04-25
MAIL01731,V00246,Executive a someone strategy.,World cold summer their blue system. vendor,2025-01-27
MAIL01732,V00029,Dream science have relate best cause base now.,Protect land cup hear kind Mrs. Inside might list of. Q4,2024-11-11
MAIL01733,V00301,Throw study choice need performance year month.,Movie thought remember air lay candidate. Suffer argue for true report. consulting,2025-12-19
MAIL01734,V00182,Middle writer pretty community prevent go half.,Hear hospital and available. Back crime most professional back wall. Couple include live bag box star. invoice,2025-09-29
MAIL01735,V00245,Recently either method difference growth cold degree.,Kitchen ready will could program. Movie author green physical purpose. vendor,2025-07-04
MAIL01736,V00136,Away and me product yeah.,School increase student wife fly pick claim enough. Wide plan nearly color yourself. Full evidence tree statement arm. urgent payment,2025-10-13
MAIL01737,V00138,Media free individual find democratic late.,Fine hair policy. Pay true occur maintain. vendor,2024-10-06
MAIL01738,V00059,Gun down mouth again peace trial sit.,Side budget rate strong hospital require program. Father image your help strong clear. A young who fine. Q4,2025-11-27
MAIL01739,V00182,Future exactly doctor network word six see.,Artist agency kitchen much. Owner traditional number effect. consulting,2026-04-12
MAIL01740,V00176,Interest board finally raise economic company.,Lose industry along trip anything. Control almost agreement opportunity hour. Service personal think seem success. invoice,2025-12-13
MAIL01741,V00306,Successful meeting season know evening onto.,Dream hand sort probably price. Task challenge Mr person individual decade to cultural. approval,2025-12-20
MAIL01742,V00297,Society care particularly include about force film.,Physical son article cut. Specific sell interest part force water level. Road poor image red win she I catch. urgent payment,2025-08-19
MAIL01743,V00027,Crime your hundred million.,Wonder new special glass responsibility art. Fill dog century light tend special. At process around recent Mr. approval,2025-11-17
MAIL01744,V00160,Include paper agent fill themselves wish speech could.,Weight resource amount one successful air. Set environment story lay factor draw. consulting,2024-08-14
MAIL01745,V00218,Section front choice establish group.,Table create once. Each third everyone certain. urgent payment,2025-03-04
MAIL01746,V00054,Nature let from into interesting heavy likely.,Like book rate democratic really dinner none. Half either small number light sound. invoice,2025-06-30
MAIL01747,V00028,During together improve Republican left.,Away environment station bill. Myself reality soldier whose share. Low ever body. urgent payment,2025-08-09
MAIL01748,V00024,Trip fine produce.,Cell team raise already son. Country example matter pick hospital. Mind family bit less. urgent payment,2025-11-01
MAIL01749,V00239,Paper medical picture west stage be.,Himself executive skill so let probably amount pull. Mouth discussion civil financial system woman. Yes ball pretty shoulder standard. Take tree challenge reality manage way. approval,2026-04-19
MAIL01750,V00090,Series population yard whatever use including amount report.,Like process surface sound arrive may service. Similar just true ball control green. vendor,2025-11-04
MAIL01751,V00281,Night letter data.,Probably professional capital require born life. Side voice behind. invoice,2025-10-07
MAIL01752,V00265,Mission may eye middle.,Close ahead paper especially ask view. Test front respond administration court. Size guy check president on than also. Second prevent my technology world everybody. invoice,2025-01-30
MAIL01753,V00053,Team necessary nor stay.,Four condition information. Body plant wind simply. bank details,2024-12-14
MAIL01754,V00194,Run bed hospital party another develop deal peace.,Attention young general evening size. Mrs poor actually ball doctor career camera since. approval,2025-02-19
MAIL01755,V00316,Blood fear history maintain traditional language their.,Race address need others agency budget place city. Fast sea customer data into explain. invoice,2025-05-21
MAIL01756,V00213,Single speech alone.,Peace car expert nothing wait someone. invoice,2025-12-19
MAIL01757,V00042,Particularly fill break able TV.,Newspaper surface less than turn defense listen. Paper few huge. Key south office us lawyer money information. vendor,2026-04-25
MAIL01758,V00264,Simple expect offer participant ask specific sure.,Seven life report visit. Least quite network power. Mind third after deep. Whole local development product kind field myself. bank details,2026-02-15
MAIL01759,V00191,Prove experience remain nature.,Source these minute firm produce no bring wind. Be entire major so. urgent payment,2024-11-15
MAIL01760,V00250,Form they only anyone shake long dark.,School debate throw this big north. Three provide easy fast often theory save. Official senior order letter. bank details,2025-04-02
MAIL01761,V00076,Adult occur manager.,Most its positive life might moment. Mother hour specific animal dream behavior. Side individual senior though. invoice,2025-06-14
MAIL01762,V00292,Kid organization move today human.,Father evidence only way give character room. Gas sometimes teach argue employee great citizen find. Station occur enjoy toward miss. invoice,2025-04-25
MAIL01763,V00171,Sure where difficult shake between south its.,Name last nation manager power. Building small clearly executive. Check analysis place travel laugh public theory. invoice,2025-12-04
MAIL01764,V00286,Guy weight power marriage it worker.,Charge notice best plan eat everyone young. Arm positive economy travel foot. Entire financial base traditional by hand design business. On and floor car church. consulting,2025-02-06
MAIL01765,V00247,City up including this according wall.,Vote moment last too move size glass meeting. Reduce party human thank. urgent payment,2024-10-08
MAIL01766,V00056,Treatment old available later.,Ask general economic account lawyer wish travel some. To world kid only just. Hour ground attorney ask front. vendor,2024-11-17
MAIL01767,V00006,Run family past especially begin.,Cut fear artist. Manager place senior mind. vendor,2026-04-28
MAIL01768,V00144,Will show worker.,Development spend very lot box stock police. City need result be leg party. urgent payment,2025-11-21
MAIL01769,V00345,And rather current agreement.,Give wrong step investment believe decision wish. Simple nor another reduce Republican into always. vendor,2025-09-01
MAIL01770,V00187,Film our field be consumer some.,Doctor each success tree. Today election inside animal up. Responsibility pull live particular health. invoice,2026-02-20
MAIL01771,V00078,Foot pay issue.,Sure occur try matter happy peace building. Speech from beat usually front car popular street. bank details,2026-06-04
MAIL01772,V00280,Movie some pretty to parent give front.,Mention lawyer reach sort student college. Onto these four arm perhaps way. bank details,2024-08-22
MAIL01773,V00159,Wall wish we cut letter.,Door magazine letter large bad already mouth. Building watch another although. Film he effort poor. vendor,2025-09-01
MAIL01774,V00149,Know ready find drug seem pretty yet government.,Create heart current common special. Politics across where around make per rule. Establish chance around strategy. Q4,2026-03-11
MAIL01775,V00034,Physical new charge alone heavy policy other.,Free young black. Age art memory be mother learn talk use. Q4,2025-03-02
MAIL01776,V00084,Investment spring one.,Space anything offer nearly know financial. bank details,2024-09-15
MAIL01777,V00313,Indicate perform drop TV find.,Senior number instead ago. None one ability reality. urgent payment,2025-12-12
MAIL01778,V00305,Reveal military talk heavy economy.,Force care strong guess community game. Relate above draw catch decade choice. Q4,2025-03-01
MAIL01779,V00312,Yet us provide city career.,Summer discuss high air. Poor heart beautiful. vendor,2024-12-27
MAIL01780,V00036,Visit campaign share fast.,Social me marriage season contain commercial compare check. Than including instead. consulting,2025-06-07
MAIL01781,V00195,Church language guess lot.,Add professor unit process whether. Like imagine even while tough. Project floor people serve west. approval,2026-03-07
MAIL01782,V00268,Forget indeed memory walk far difficult soldier not.,Factor general network almost together. Usually from interview describe. Perform read white key whom. Teacher various we low property. approval,2026-01-06
MAIL01783,V00195,Rich successful some job realize challenge.,Position perhaps of knowledge ability stay six. Eight game deep return paper piece hear. bank details,2025-11-02
MAIL01784,V00042,Soon win hour sing mission.,Identify first bag more yes. Citizen draw mention entire sport drive. Station year either myself so account natural. Money respond benefit source only mission possible. urgent payment,2025-01-05
MAIL01785,V00287,Over themselves make one.,Current purpose create where at. Debate provide over wrong. Hospital rise let. approval,2025-01-10
MAIL01786,V00260,When skill hospital admit add bit wide.,Explain food least ahead street message so hotel. approval,2025-05-02
MAIL01787,V00246,Officer person you.,Event at drop likely tell executive page. Bed wonder direction green worker relationship. Party yeah here affect line clear wonder happy. consulting,2026-05-11
MAIL01788,V00221,Worker area create issue event near police sort.,Civil treatment of family. Remain six wall hot audience. Continue then new happen song theory firm study. invoice,2026-04-28
MAIL01789,V00004,Best serve point sport unit could.,Actually top heavy cultural upon me. Spring remember modern save economy. Your often Mr provide those sit. Q4,2025-03-09
MAIL01790,V00194,Science everything far notice.,Smile other than explain commercial reduce born stuff. Q4,2025-03-01
MAIL01791,V00163,Plan compare concern current production cut.,Consider occur task employee establish. Protect either grow process organization morning store company. invoice,2025-12-25
MAIL01792,V00084,About garden tend side current to meeting.,Season dog sit hour. Management loss across direction structure. invoice,2024-11-14
MAIL01793,V00249,Shoulder his table executive always.,Wrong city best gun environmental property ask. approval,2025-10-13
MAIL01794,V00208,Beyond century follow life today understand impact.,Notice order significant church send water. Be stage Mr everyone technology. consulting,2025-02-04
MAIL01795,V00198,Employee through soldier respond leave.,State break rather quickly. Responsibility tell forward dream member. invoice,2024-10-31
MAIL01796,V00315,Simply part employee take dark her.,Why evening trial age return. Weight middle least use trip. Q4,2025-05-21
MAIL01797,V00323,Hope food music on role simple.,Month hundred him director. Responsibility into half both to city. Film medical form black per. urgent payment,2026-05-28
MAIL01798,V00014,Degree why yeah physical listen or ability between.,Professor project discussion fear. Son energy end very piece pull red. approval,2025-02-16
MAIL01799,V00047,Various themselves design owner short include.,Anything data many may those teach. Activity different professor professor white. Over per take represent dog red. vendor,2026-06-14
MAIL01800,V00023,Police majority time attack.,Character cover out. Foot rich defense defense represent. urgent payment,2026-05-03
MAIL01801,V00252,Term worry money practice.,Stuff include executive past head early. Beautiful tell general continue contain imagine. invoice,2026-03-18
MAIL01802,V00207,Account happy could people way practice anyone.,Everybody wife fly your themselves field population. Table attention family physical indicate. These audience standard think cut fact mission turn. invoice,2025-02-06
MAIL01803,V00244,Fill listen strategy eat bag bill.,Section kind much wind involve Democrat. Behind animal on practice believe quickly. Q4,2024-07-26
MAIL01804,V00012,Easy shoulder along laugh those career.,Them trial really commercial business. Explain sing rate thought his country. Q4,2025-10-23
MAIL01805,V00273,Many three worker although prevent.,Real war front network national may one. invoice,2025-02-15
MAIL01806,V00197,Window left pressure rise next stuff nor.,Quite address particular garden. Hour past according happen paper show might. Single any billion. Not themselves between hundred. approval,2025-02-01
MAIL01807,V00103,Matter for lose while.,Conference teach main happen fine it. Spend blue raise. Rather system enjoy his suggest process. consulting,2024-11-12
MAIL01808,V00293,Season artist someone very need data course.,Listen year prevent support. Pull several heavy large guy. Close trade can economy all. consulting,2026-02-09
MAIL01809,V00243,Around politics simple half reason account which.,There hair make hand. Role difference find half law. Court almost threat lose part with move. consulting,2025-07-03
MAIL01810,V00345,Consider information foot better major police.,Election weight hear phone bar. consulting,2025-07-27
MAIL01811,V00113,Space whatever maintain whole director quality explain customer.,Hope understand least situation. Add personal other plan business miss. consulting,2025-12-17
MAIL01812,V00350,Meet value range score improve dinner quickly.,Kid hard site reason page point. vendor,2025-07-06
MAIL01813,V00332,Risk school seek pattern marriage time.,Security by side edge buy stand require. Left visit blood class. Late specific strategy cell. approval,2024-11-17
MAIL01814,V00261,Since wide talk.,Smile impact street future up I significant. Teacher per foot cup. vendor,2026-03-23
MAIL01815,V00027,Popular pretty offer go everyone within thousand.,Else cultural goal line record institution cold. Agent without idea through bank more claim. bank details,2026-05-23
MAIL01816,V00038,Culture everything act attorney.,Own party job or consider. Case world moment only fill each. Strategy choose table ago consider item sport network. vendor,2026-07-05
MAIL01817,V00168,Marriage identify after election.,Shake leader test. Government theory model TV region almost. Hot you perform over charge. bank details,2025-07-26
MAIL01818,V00035,Stuff case blue yourself world education always land.,Building politics painting them. invoice,2026-03-27
MAIL01819,V00136,Many participant large own Democrat total him.,Structure low board city officer join. vendor,2025-05-06
MAIL01820,V00107,Good use guess house suffer.,Expert nor stage information west author. Imagine standard between seat. Environmental lawyer page feeling idea place those. urgent payment,2025-05-29
MAIL01821,V00206,Free week specific everything education high.,Among stock out same ten avoid wonder. Why operation test month team deep. bank details,2026-06-19
MAIL01822,V00185,Exist you yet research.,Indeed together food coach us. Claim himself responsibility of property run. approval,2024-08-25
MAIL01823,V00347,Study ability return.,Health food space church answer fact. Agree doctor now including. Moment run southern impact forward husband. approval,2025-04-06
MAIL01824,V00216,Against can wear continue.,Tree under police conference foreign. Surface bed them behind career available century. Realize less tax ago blood stay hard. Q4,2025-07-07
MAIL01825,V00246,Street traditional kind exist option view sister attorney.,Why participant thus. urgent payment,2026-04-21
MAIL01826,V00216,Rise fall then consumer officer.,Interview song gun loss simply former next. Research close this rate. Adult subject former choose. invoice,2024-08-29
MAIL01827,V00019,Arm computer travel.,Future great although spring charge few. Central general success. vendor,2025-02-02
MAIL01828,V00265,Table soldier quite.,Material like conference beyond science individual. Current popular style. urgent payment,2025-02-26
MAIL01829,V00214,Doctor man remember sport.,Special cell minute three big exist. Party spend head follow. Law discussion else west laugh size financial should. invoice,2024-12-24
MAIL01830,V00245,Owner international near democratic everyone pick.,Project pretty next through. Entire possible remain edge expert enter. Q4,2024-08-14
MAIL01831,V00178,Art bit data wide western world.,Edge laugh minute often name though. Fight image test glass as above usually. Similar arm seek memory television nothing. approval,2024-10-23
MAIL01832,V00331,White perhaps area have almost development.,Decision TV than partner staff mind. Will successful everybody charge father. Q4,2026-04-19
MAIL01833,V00006,Action art dark raise meet half really.,Culture interview throughout red ago help. Type expect style argue data will this tell. Happy card star want measure figure. consulting,2025-10-24
MAIL01834,V00260,Benefit or its way risk role how toward.,Nice practice show clear him. Q4,2025-09-20
MAIL01835,V00189,Space billion pass white.,Available simple better fear analysis. Call foot state fill you wide. Nor much put deep heart. National camera great else. bank details,2026-03-27
MAIL01836,V00311,Chance wide oil show least cold.,Commercial nearly budget board. Forward television traditional both avoid she. Office military defense else woman sea performance. vendor,2025-06-18
MAIL01837,V00123,Quickly enjoy resource.,Simply theory collection security. Identify animal point its political. consulting,2025-06-29
MAIL01838,V00226,Memory partner walk personal follow wife.,Management step even sell full. Large until least activity apply now bag. Happen he available hand. bank details,2024-11-06
MAIL01839,V00089,Manager every pattern me debate tend.,During news society debate glass project old see. Significant capital where cover authority support benefit increase. Save sell recently others turn tend. vendor,2026-04-27
MAIL01840,V00123,Resource kid time.,Trial address memory amount middle century. Option carry from senior around. Should drop town together idea. consulting,2025-04-16
MAIL01841,V00254,Hope happen behavior within far.,Street too particularly position former. consulting,2025-05-15
MAIL01842,V00216,Important measure involve who.,Grow seem before case law. Order recognize model trade guy use however cultural. bank details,2024-07-06
MAIL01843,V00104,Dog charge few.,Accept occur hundred worry only fly. Nation not enter business director mother agree. Office environmental maybe hold cultural sing. Q4,2026-03-10
MAIL01844,V00141,Theory drive spring old though benefit.,Change bring real reach community. Set decade order box strong role between really. urgent payment,2026-04-08
MAIL01845,V00070,Interesting method soon race provide.,Figure lose sister. bank details,2025-07-04
MAIL01846,V00134,Man newspaper before pass see end.,Quite miss certainly design stage. Good analysis condition rather. vendor,2025-09-11
MAIL01847,V00099,Also she list require wonder.,View answer manage play officer. Like project enjoy western. Factor assume current must. bank details,2025-05-01
MAIL01848,V00214,Spring after edge only light born once.,Whether discussion practice near will reason word. News could get trade upon million save. Reach value theory soon price. Q4,2025-04-13
MAIL01849,V00201,Different action skill.,About phone response remain cost serious safe. Baby model could write traditional language. Early his food language. approval,2025-02-02
MAIL01850,V00307,Reflect man technology help.,Ball with open job. Above indicate top international. Soon few how prevent magazine major end. urgent payment,2025-08-31
MAIL01851,V00159,Develop end military newspaper side market.,Television subject would young such common nature. During then seek hair front control. vendor,2024-07-13
MAIL01852,V00265,Sit tax loss.,Miss article message into tonight dream. Your religious realize treatment indeed surface. bank details,2024-10-10
MAIL01853,V00041,Two foreign argue deep similar.,Stand southern federal ever political. Life open report or because. Short protect nor cold traditional. Evening garden hair. vendor,2024-12-19
MAIL01854,V00240,Cause soldier administration.,West east which officer book finally. One yeah safe. vendor,2025-06-12
MAIL01855,V00128,Friend open true their reflect television.,Party budget message community within cost drive. Eye test cup account. bank details,2026-04-09
MAIL01856,V00167,Ready ask old chair theory.,Ability draw indeed although. Maintain song movie pattern character within continue. Q4,2025-11-25
MAIL01857,V00300,Management property head we.,Standard describe painting reach something before. Finish of certainly only science. consulting,2025-04-04
MAIL01858,V00035,Professional know camera then such.,Simple important card this industry establish billion black. Understand fast everyone as assume performance. Those because network its right garden able. invoice,2026-01-06
MAIL01859,V00132,Purpose hair space.,Drop pretty notice make paper better image open. First high fact top. bank details,2025-12-10
MAIL01860,V00217,Commercial reduce cut.,That try international firm right ask center. Act him former for early. consulting,2025-02-27
MAIL01861,V00268,Music measure form bring.,Without recent name spring lawyer front. Offer where store. Future trip bag rich rise must miss. invoice,2026-02-09
MAIL01862,V00029,Group himself class occur treat.,Court school large identify. Hope national true community look. Fly daughter skin after. vendor,2025-10-28
MAIL01863,V00222,Fine culture fact product natural hotel.,Safe try official race move. Risk oil step both. Knowledge play learn me. Yard coach pull read second character. bank details,2025-10-13
MAIL01864,V00309,Treat wear red fill eight.,Need near future green. Perhaps my movie sit travel poor field. Can price him most still. invoice,2024-08-21
MAIL01865,V00158,Red deep report charge bank conference near.,Anyone social him part property law policy course. Interest season technology early heavy letter theory. Majority both region international factor see laugh according. bank details,2026-06-27
MAIL01866,V00244,Successful major unit nation against star.,Protect foot blood section wife wife party. News ball discuss gun west. Source outside west image mission that bag. approval,2026-07-03
MAIL01867,V00280,Direction goal tax.,Unit much party safe. Education while list design important wait sign as. Q4,2025-11-01
MAIL01868,V00283,And goal no provide business.,Never child happy above join. Hot one pull base. Q4,2024-11-06
MAIL01869,V00001,Painting down accept interesting carry head lay.,Official catch until network however. Create others without keep. bank details,2025-02-20
MAIL01870,V00250,No instead although.,Enjoy when future leader but. Five present reason network. bank details,2025-03-08
MAIL01871,V00005,My moment season light discussion.,Information some billion ago traditional toward choice affect. General couple hold opportunity hold. Full level spring special fight. Q4,2024-09-16
MAIL01872,V00147,Lose out down environmental technology.,Language sit serious themselves. Site modern challenge no public better success. Control ago because myself push. approval,2025-07-19
MAIL01873,V00215,Person rate customer anyone term talk most.,Maintain student teach current. Water record paper onto. consulting,2024-10-05
MAIL01874,V00266,Wind adult scene eat her weight coach cover.,Trouble lot play plan any. Notice near why individual finally him. Get strategy she travel generation successful. vendor,2024-08-01
MAIL01875,V00190,Production million let Congress hotel seat accept.,Begin fall every start hold pressure. Current just ago three scientist. invoice,2024-08-09
MAIL01876,V00171,Piece ready send range start choose finish.,Who by carry ball state. Draw almost require cultural. Until party second. urgent payment,2025-08-31
MAIL01877,V00076,Second how play day room.,Later eat company scientist century team other. For concern doctor wait mention decide. Trade camera clear. invoice,2025-07-10
MAIL01878,V00032,Save space anyone let information.,Care seek type gas week. Address require nearly moment such maybe. All office never cold food institution ahead. However center lose news deal within product. urgent payment,2025-09-27
MAIL01879,V00074,Resource must about care type star almost.,Model board case but senior other money. Music probably him deal themselves officer. invoice,2026-05-17
MAIL01880,V00059,Fly manage thank region establish me nor executive.,Add book environment home wonder notice. School camera PM exist admit. approval,2024-08-26
MAIL01881,V00049,Past what according within.,Ok few require together energy investment. Chair relate store usually. Summer true either. invoice,2026-03-29
MAIL01882,V00337,Whole happen in director technology team say.,Somebody decade character who sort remember which. Husband country very defense miss open. urgent payment,2025-06-25
MAIL01883,V00298,Finish question second good along quickly.,Remember between case discussion commercial tonight. urgent payment,2024-07-06
MAIL01884,V00337,Agency about though phone mouth book share space.,Play task itself whole if street. Determine movie meet glass line beat business. Affect lose later already under gas. approval,2025-09-07
MAIL01885,V00072,Become compare look shake light raise design.,Writer thus section. Memory culture purpose road system because surface learn. Evening hospital same approach. Evening mother case ask first so out others. bank details,2026-06-20
MAIL01886,V00131,Dog bar subject.,Of glass center special most moment. Our result break charge daughter offer. urgent payment,2025-06-27
MAIL01887,V00198,Election coach administration interview soon behind customer.,Happy easy important himself often blood how. Phone provide unit born oil feel. urgent payment,2025-01-10
MAIL01888,V00245,Foreign business situation agreement finish discover final occur.,Hot book ball word require head own. consulting,2024-07-30
MAIL01889,V00038,Guy various bar figure election.,From star finish. Former prevent fill decade. White field country face skin camera unit. Go reveal strong floor opportunity small difficult. consulting,2026-06-24
MAIL01890,V00207,Agency send southern rate civil name top like.,Best could per carry. Economic determine true center. approval,2026-01-03
MAIL01891,V00333,Note girl part part defense his east.,Seek around ago city building. vendor,2026-03-09
MAIL01892,V00020,Hospital war than along road suddenly along between.,Owner special relationship show sister threat perform. Well almost fire important hand per special. Which fast value operation sit. bank details,2025-03-17
MAIL01893,V00299,Civil size her seat friend.,Us military fish natural follow series everything. Finish guess crime. Learn too statement sister. All enjoy recently happen idea various. Q4,2024-12-19
MAIL01894,V00102,Garden until machine song rate.,Position available mean interview easy. Miss understand man break word wide. Necessary conference and one. urgent payment,2025-11-07
MAIL01895,V00235,Bill street letter east rise.,Bring use artist have stand ahead gun. Manager I under Mr pretty. Black could by us century. invoice,2025-07-17
MAIL01896,V00247,Several machine tend hair child middle.,Position activity thousand commercial just learn. Dream suggest where high affect responsibility. bank details,2025-11-02
MAIL01897,V00059,Might too ground beat they education grow.,South end add yes factor. Wonder before why industry provide lay development. Military toward left east name situation. consulting,2026-01-02
MAIL01898,V00150,Moment this but interest edge.,Operation apply even quality. Republican former I mention per become. consulting,2026-02-20
MAIL01899,V00290,Air wife she official about.,Less magazine approach family quickly. Various exactly price news answer hit seem. bank details,2024-10-12
MAIL01900,V00084,Race seek yet despite six deal we challenge.,Story history run to seek world way. Agree back data. Represent risk near institution until. Q4,2026-03-01
MAIL01901,V00300,Recognize head pretty whole why when.,Word help of part would official even. Official section ok message. Matter reduce his call. invoice,2025-07-21
MAIL01902,V00158,Probably increase concern finish technology study former.,Performance job rather guess. Million compare or stock brother. Whether science ball several debate from. Bad common part huge ability whom. invoice,2025-01-07
MAIL01903,V00100,Official pick risk beyond place business democratic.,Visit subject hair season care box street edge. Beyond effect section miss. urgent payment,2024-10-01
MAIL01904,V00232,Early fund someone single involve national despite.,Bank off table son. Approach during on drug important grow. Sister treatment service gas already since entire wonder. invoice,2024-07-11
MAIL01905,V00206,Fall when say much body bag let.,Industry sing finish another they vote go. President improve student pick operation song language. Less national marriage successful themselves high. bank details,2025-08-22
MAIL01906,V00275,Huge only avoid sport.,Him administration front affect at huge buy. College little sister enjoy security. Success view attorney cold. vendor,2025-10-28
MAIL01907,V00274,Beautiful radio president economy.,Part education arm sing speech. Protect day change let evidence arrive onto. Later second several. invoice,2025-11-23
MAIL01908,V00294,Style improve oil piece once national.,Century agent than technology. Actually woman increase hot hard west. Able to time or piece. Q4,2024-09-07
MAIL01909,V00044,As all leader.,Those arrive authority everything it dream voice. Well close challenge national trip. Q4,2025-08-26
MAIL01910,V00198,Matter that field trade realize admit sign.,Money throw relate state word show note decision. Industry walk situation meet. Require unit mention sport. approval,2024-10-22
MAIL01911,V00332,Begin oil least board.,Should scientist likely science arrive society sing girl. Word often garden crime account. Add Congress news name. bank details,2025-01-08
MAIL01912,V00250,No ready attention through choose company morning rate.,Interest plant center strategy only. Simple risk course security. invoice,2025-02-15
MAIL01913,V00062,Actually that fact tax include.,Article hit voice five where. Image including budget race away. invoice,2024-07-16
MAIL01914,V00243,Clearly goal pattern board.,We whatever reveal consider sister. Race employee administration much dark history whom past. consulting,2024-08-12
MAIL01915,V00044,His lose party fine someone.,Possible section huge him member. Source here wall experience example thing. approval,2024-10-28
MAIL01916,V00335,Data threat yes walk.,Officer billion former finally worry ok keep. Forward fear address argue after. Music later degree talk across after. Q4,2024-07-13
MAIL01917,V00275,Better though carry theory election candidate onto.,Court technology build hotel he adult mention. Q4,2024-10-16
MAIL01918,V00227,Box southern physical meeting mind candidate serious follow.,Ground stay card front possible herself. Fund election game assume structure heavy manage. Machine hand in control natural. Q4,2024-11-06
MAIL01919,V00177,Toward issue sign reason and born rise.,Short in create well car hear. Season dark high government ok a. Edge world business former protect pay area. Trouble push reflect food himself. consulting,2024-09-04
MAIL01920,V00139,Increase own our must another.,Drug theory scene born television bar. Three house road open boy similar. Per want maybe. invoice,2025-12-25
MAIL01921,V00016,Early mean you mouth.,Also suffer among why eye relate them. Bit cell rate result history. Oil resource particularly such. Q4,2025-09-07
MAIL01922,V00032,Employee indeed once step audience support sing.,Much ago economy condition have around develop now. Always easy decade everything. approval,2026-03-16
MAIL01923,V00284,Record end his significant.,Truth not car wind. Hotel newspaper quite state. Follow open inside before popular game care. bank details,2025-05-04
MAIL01924,V00005,Join return approach sound sure nation.,Trade guess article outside old word bill sister. More water it travel green serious area. Account especially compare north write. invoice,2024-11-11
MAIL01925,V00232,Thought tax parent turn.,Deep account tell political. Continue between plan. vendor,2026-06-28
MAIL01926,V00264,Outside glass me get.,Economic old heavy no fund phone. Boy but first system avoid glass common question. Garden wish begin condition decision institution could. Q4,2025-05-27
MAIL01927,V00346,Must hotel hour much report.,Experience scene act arm. Likely we sell social. It worry environment drop answer. Force seven food likely game ask him. consulting,2024-12-27
MAIL01928,V00154,White fish sister expect.,Thought her since lot senior. Without tend way support. Home plant upon tell full everyone. urgent payment,2025-07-09
MAIL01929,V00205,One material program rock response common able begin.,Fire himself truth guy see. Hold change page recently role. Spring million mission still public though later. Budget into another this. urgent payment,2025-09-06
MAIL01930,V00107,Alone understand whose even laugh.,Kid like two. Particularly action property when charge local. approval,2024-10-28
MAIL01931,V00074,Difficult soon goal new tend debate drop.,Trip raise professor physical. Bag color example important work born figure. Turn church quality ball talk many since. Bed he major high attention. urgent payment,2025-03-13
MAIL01932,V00032,Dinner happen avoid hospital world house.,Writer wonder whole adult recent reveal listen wish. Sometimes analysis them. vendor,2024-07-07
MAIL01933,V00241,With both large.,Rock religious difference any. Leader security father buy. Community difference station station believe. vendor,2024-09-08
MAIL01934,V00316,Think better window rich yeah crime.,Month middle point. Another heart member American four. Serious believe few less thing represent building. invoice,2025-07-08
MAIL01935,V00257,Later about star senior under work edge.,Career there discover month lead. Street happy here lose before key. consulting,2025-06-06
MAIL01936,V00051,Arm current off teacher describe.,They future group sport main almost just. Couple reflect open new. bank details,2026-02-28
MAIL01937,V00155,Yeah per relationship support.,Need hard step a issue cut. Remain economic around question left thus. approval,2025-05-20
MAIL01938,V00005,International debate statement.,Involve house take away. Usually dinner pull woman move model car. How our however first these. consulting,2026-03-03
MAIL01939,V00127,Drive marriage step large town short might.,Always garden develop class pattern. Season large they rest usually risk follow we. Q4,2024-09-15
MAIL01940,V00149,Bring nor stand significant nation.,Into science follow official. Area true rather avoid certain near. Control radio audience against actually. urgent payment,2024-08-19
MAIL01941,V00343,Could because property chair the.,Tv every citizen fast. Heavy experience let. Team create indeed we create. consulting,2025-08-13
MAIL01942,V00285,Action eat edge design.,Everybody work popular thought. Network tell hair brother concern money memory. urgent payment,2024-12-01
MAIL01943,V00100,Represent center candidate natural military example least.,Production government free drive. Hotel environmental wait push thought special. Tend short single after medical possible order. invoice,2026-04-13
MAIL01944,V00300,Former respond if.,When east catch protect letter type make. Q4,2026-06-30
MAIL01945,V00236,Attack sit option letter option practice.,Hard sign role whether half go. Visit letter move fill idea tough. urgent payment,2025-01-07
MAIL01946,V00222,Many response significant entire discover place.,Entire one difficult. Eye page buy care moment moment. consulting,2026-01-31
MAIL01947,V00292,Mr thousand street meet future difficult from.,Front still party cost seek act their media. Try focus knowledge story near senior event adult. consulting,2024-10-14
MAIL01948,V00323,Floor culture few fire rather ball every.,Beautiful themselves natural everything side customer read trouble. Expert choice upon method western decide house. urgent payment,2026-05-12
MAIL01949,V00116,Together kid picture represent.,Kid or specific whatever hit her. Own attention main stand list. System ask of down general executive. vendor,2025-03-08
MAIL01950,V00067,Laugh little score case whole he personal ten.,Others participant front goal eight. Better run catch main. Again reason close hospital group tell. approval,2026-03-06
MAIL01951,V00100,Short glass receive million body build water.,Deep late thought difficult do everybody. Place research bad notice turn. Experience up president understand. consulting,2025-11-09
MAIL01952,V00094,Then wait prevent issue firm suggest which.,Actually bring away network add conference. While level their crime. Discuss along season meeting sometimes section team. urgent payment,2024-11-09
MAIL01953,V00303,Alone above down before model.,Ever interesting dark approach standard skill. Q4,2026-05-30
MAIL01954,V00188,Smile manage ago.,Scientist cultural worry she million never. Gas I television maintain. Ever part card teacher. It same draw responsibility. approval,2025-10-15
MAIL01955,V00213,Continue message administration writer true.,Western material benefit trade cover security. Return daughter probably yes. urgent payment,2026-03-25
MAIL01956,V00023,Type true out suddenly among ten exist.,Stop whatever meeting same. I art always either. invoice,2025-06-17
MAIL01957,V00077,One senior man center.,Data security spend nation. Give although decision. Usually turn letter safe. Exactly send realize leg section interesting even. bank details,2026-05-07
MAIL01958,V00250,Speak might including upon happy fight service.,Across wear person until enough concern. Occur writer certainly offer never until this. Loss consider ball the bad to. Q4,2025-04-04
MAIL01959,V00253,Go base become various material author general.,Table well involve raise lay article. Central investment value investment base. vendor,2026-05-05
MAIL01960,V00141,Summer experience lead hotel.,Hear recognize analysis imagine start argue process impact. Receive light suggest there. Miss all response high him always level. consulting,2024-07-16
MAIL01961,V00234,Television person if music bill.,Without remember ok think assume a. Nation everybody mind he have commercial sense. Q4,2025-10-14
MAIL01962,V00291,Although group during protect act improve.,Performance worker point our knowledge sure must enough. Arrive value wind eye affect land. vendor,2026-01-29
MAIL01963,V00290,Him buy instead assume continue.,Right on important food. Beyond than voice writer anyone. invoice,2025-08-06
MAIL01964,V00201,Group turn large according.,Senior until among operation soon. Say however force amount. Its office poor involve. urgent payment,2026-04-21
MAIL01965,V00312,Edge day door security direction relate their.,Describe only main impact under always create. Look speech think letter short. urgent payment,2026-02-05
MAIL01966,V00076,Site hotel simply growth year toward if.,Picture hard west red glass goal PM ok. Kid matter appear actually central. Southern view themselves source. bank details,2025-08-04
MAIL01967,V00056,Thought threat relationship.,White town offer. Four whatever move modern. Two land drop morning both. Meeting however force sport any. bank details,2025-06-10
MAIL01968,V00337,Road executive health anything.,Onto big particular teacher the. Hard build us improve building consider trade. Water popular up tell church make same. urgent payment,2025-06-13
MAIL01969,V00334,New TV six scene prevent.,No visit course population across law together our. Head no brother loss trial mention. vendor,2025-11-17
MAIL01970,V00250,Cold treat important pass international.,People see together material describe head fast positive. Scientist blood opportunity thought business. bank details,2024-07-29
MAIL01971,V00078,Subject ok plant election party how beautiful.,Stuff challenge any best instead great. Here president soon generation out population of. Head put everyone lose. urgent payment,2026-05-06
MAIL01972,V00005,Authority scientist test floor.,Growth degree little remain. Paper against easy rich writer maybe nor system. Easy similar church ever people station. approval,2025-09-27
MAIL01973,V00030,Mr choice personal baby news.,Show opportunity likely short four. invoice,2025-09-24
MAIL01974,V00057,Represent whether see late perhaps father.,Director knowledge room success. Administration two charge other marriage price. Goal realize there whatever magazine leg. consulting,2025-02-08
MAIL01975,V00051,Establish light drive music certain change national here.,Still PM skin buy direction building strong. bank details,2024-08-30
MAIL01976,V00064,Hair be good something well either home.,Ready for voice sport all visit same. Leave manage author me. bank details,2024-10-29
MAIL01977,V00179,Maybe allow future ability.,Join capital sister member first tree work. Who sing agency almost case property would first. urgent payment,2024-12-01
MAIL01978,V00062,Marriage until list point suddenly cell although.,Skill not government career citizen. Example position purpose just stuff hospital. urgent payment,2025-09-13
MAIL01979,V00326,Walk memory American table arm discover.,May Mr defense southern. Officer model how. Good speech marriage pressure wife coach final. approval,2025-12-24
MAIL01980,V00093,Test nation follow president sport.,Instead discussion rule order common. Building after financial simply. Where base drive. Q4,2025-09-28
MAIL01981,V00309,Personal cold away couple.,Nothing south page role water. Field view last question keep important. bank details,2025-12-25
MAIL01982,V00333,Produce music red police individual him green much.,Director billion add. By bank manager gun short her husband. Seven page wonder already almost prove. invoice,2024-11-30
MAIL01983,V00239,Today pass information month.,Will grow drug foreign effort any the sit. Bad street human care important situation. urgent payment,2024-09-24
MAIL01984,V00054,Wish base magazine worker attention.,Trade less help others lose. Son commercial increase often responsibility travel which. bank details,2025-07-24
MAIL01985,V00178,Congress society contain.,Discuss opportunity win hundred. Miss along yeah century study voice back husband. Public hold room treatment hospital. bank details,2025-01-16
MAIL01986,V00153,Control result relationship collection nor education.,Sign than evidence company include. Eat sing poor must close project. Put front community. Staff indeed society wide school physical sport professor. consulting,2026-01-07
MAIL01987,V00267,View drive pay son.,People peace sign political some. Onto oil front series foot during. urgent payment,2024-09-12
MAIL01988,V00283,Hospital build our traditional person add clear.,Bit boy myself once tell usually whatever. Prevent science yourself education table manager today. Really standard without could. invoice,2025-06-05
MAIL01989,V00282,Foreign tend same newspaper character admit garden.,Surface consumer page assume better of. Remember discussion five price. urgent payment,2025-07-15
MAIL01990,V00239,White management truth here trip.,She truth dog activity establish send forward. Rule against cup certain modern lead. Physical modern fine range. vendor,2024-12-21
MAIL01991,V00245,Size eye bag show prove.,Staff standard simply its add couple. Where science exactly resource. Author learn surface quality. invoice,2025-02-20
MAIL01992,V00324,Land seat alone feel entire by whole.,Once quality investment meeting red grow. Assume person laugh up social scene. Read of clearly enjoy. consulting,2024-07-21
MAIL01993,V00228,Sea visit high arm attack practice.,The realize now notice officer final. Window set around top. approval,2024-09-15
MAIL01994,V00334,Great perhaps say into drop best.,Third religious reduce themselves seven defense. approval,2024-07-22
MAIL01995,V00303,Usually art every real.,Rate heavy create stuff add. Act low may building. Style city story more painting light type front. urgent payment,2026-04-06
MAIL01996,V00166,Design pay nearly me process house yet.,Identify trip dinner moment. Small act organization a size vote. Over us explain century individual enjoy mind sea. bank details,2026-03-21
MAIL01997,V00013,These really eight us lose bag sell fall.,Too protect threat article choose. Might senior despite quite kitchen call art remain. approval,2025-11-09
MAIL01998,V00185,Wrong production prepare fall.,Him same pick information agree economic. Mrs crime ever too its spend knowledge. According notice manager feel. consulting,2025-03-02
MAIL01999,V00021,Often leg over.,Alone party off. Will fast probably middle. urgent payment,2025-05-31
MAIL02000,V00313,City feeling difference room unit.,Vote government turn. urgent payment,2026-04-26
MAIL02001,V00266,Still argue half head its run position several.,Small in me bag. Present recently level item them all set. Both first serve. Q4,2025-07-04
MAIL02002,V00165,General animal end few skin.,Item standard soldier million might certain say. Benefit sort seem prepare space. Talk thank practice magazine anyone language sell. Note face find explain responsibility idea look. vendor,2026-04-08
MAIL02003,V00161,Throughout hope always though vote benefit reality.,Wide base friend security star. Serious sign she few practice threat director. consulting,2025-04-11
MAIL02004,V00202,Traditional job view successful.,Cover field tough stuff read billion together. Majority manager way position trade before. Skin try throughout heart because. vendor,2026-03-01
MAIL02005,V00108,We everybody listen avoid difficult.,Finish forget born operation. Week between civil item bed nice inside gas. Q4,2024-10-18
MAIL02006,V00013,Best down visit forward.,Admit machine staff next evening point figure. That professor better into wish sister everything. approval,2024-12-20
MAIL02007,V00201,Say without fine work life easy southern minute.,Modern interest end evening several support. Q4,2025-11-05
MAIL02008,V00173,Tend that we here camera of.,Talk argue nothing office brother however. Author thank similar arrive weight region peace. Whom alone south decision knowledge. urgent payment,2026-06-10
MAIL02009,V00271,Stuff morning see be like.,Audience agree company nor community rest easy. Live bag however budget science several near. approval,2026-02-28
MAIL02010,V00083,Pay money ever college decide.,Beautiful you set interview. Tough relate over program understand such. consulting,2025-10-17
MAIL02011,V00290,Ten alone successful road field travel.,Exist represent environmental. Upon whose green prepare interview he. Most everybody natural action remain admit simple. urgent payment,2025-03-03
MAIL02012,V00271,Congress year somebody pass sing sometimes body economy.,Much official build buy word black. Hard tree space third share. Think record eight. bank details,2025-09-13
MAIL02013,V00094,Agree now say past general opportunity thank.,Really look change black personal act. Party whom worry activity. bank details,2025-06-22
MAIL02014,V00333,Various these prevent control page.,Five agency agency. Address determine loss until. approval,2025-11-22
MAIL02015,V00125,Number might financial run indicate.,Best serve meet into. You dark if. vendor,2025-11-16
MAIL02016,V00219,Unit writer wall.,Student everybody place who relationship interview relate control. Cell assume million hospital firm usually part. Q4,2026-06-25
MAIL02017,V00045,Attention phone ever month may bad standard.,Grow forget trial hair himself. Thing husband nice citizen attack force. consulting,2024-09-22
MAIL02018,V00047,Surface factor approach pass series themselves.,Citizen nice and road above close. Analysis beat agree final quickly. approval,2024-08-12
MAIL02019,V00136,Small young attorney see method forget.,Local loss dark red religious game democratic. Kind road sure election. Drop cold experience. vendor,2025-10-30
MAIL02020,V00344,Cultural truth number person.,Everyone skill base else interesting tend sit. Structure sing stuff really from over. American store for despite. bank details,2026-06-17
MAIL02021,V00236,Mouth area toward tree.,Long society everything while tonight picture. Anything catch blood assume try thus. consulting,2025-07-11
MAIL02022,V00049,Usually almost range increase oil already.,I may family movement home. Chair man travel toward surface child sort. Significant picture forward yard our wind style much. Better company old clearly leg. urgent payment,2026-03-11
MAIL02023,V00207,Scientist democratic generation see let face present.,Specific leg skin own. Situation probably much care theory yet. urgent payment,2025-05-19
MAIL02024,V00173,Strong top hour last call quickly.,They protect interest game. Agent she travel. Q4,2025-08-26
MAIL02025,V00261,Improve group true government vote.,Thought form way fire. Debate strong power well protect three team. Enjoy hot remain leader marriage media hour. Indicate center west role suggest home we. invoice,2024-11-04
MAIL02026,V00261,They side organization detail accept eat career.,Green source first determine significant. Whose when station member unit military manager. approval,2024-08-06
MAIL02027,V00297,Ten policy win resource.,Type when resource would. Worker apply mouth nearly. invoice,2024-12-03
MAIL02028,V00021,Speech people discussion get else weight second.,Which low help allow. Option up edge picture minute treat. Billion dog interesting rather senior friend reduce. Not notice enough. urgent payment,2025-02-27
MAIL02029,V00143,Throw boy everything direction.,Throw watch sister else everyone. approval,2025-12-24
MAIL02030,V00012,Dinner through concern fish interest product.,Concern all seven tell job party drug. Heavy standard mouth value. Once financial best financial drive. invoice,2025-02-28
MAIL02031,V00001,Behavior appear camera bag last.,Simple sign apply hotel rock safe. Girl remain another herself skin grow. consulting,2025-11-02
MAIL02032,V00029,Agreement financial school check investment.,Concern there too us star culture. Appear relate interview authority just simply. invoice,2025-01-17
MAIL02033,V00295,Yet approach citizen crime.,Letter everyone remain food mission. Meet season certainly every politics state. bank details,2026-02-01
MAIL02034,V00008,Major something I floor above public.,The story entire benefit. Ever significant accept girl game season good perhaps. invoice,2025-04-28
MAIL02035,V00334,Get light state hair soldier drive.,Five fight production now. Treatment remain my beyond apply then successful. Former prevent happy meeting kitchen right. consulting,2024-09-11
MAIL02036,V00001,Be some school ago.,Song indicate because pass hot development. Himself foreign without about simply work. Value thank break phone north trip. Throughout audience cover language. urgent payment,2025-08-04
MAIL02037,V00112,One score stay hear song.,Would perform fear door. But report enough former create teach about. Moment interest five message late. approval,2024-08-01
MAIL02038,V00019,Drug everything green cost whole outside picture.,Teacher community young man. Student after collection. Glass discuss guess class already actually section. Boy various lose future physical would audience. bank details,2024-07-27
MAIL02039,V00029,Reflect notice social west action every finish.,Mention wish out force market fill. Ten draw stage evidence. invoice,2025-02-08
MAIL02040,V00308,News get under factor answer.,Education thing under for people. Bad effort kitchen person somebody news. There simply vote control. bank details,2024-11-29
MAIL02041,V00245,Accept traditional beyond bring name.,Around affect author that history bit process. Sister ground church national training half. invoice,2025-04-07
MAIL02042,V00042,Hospital their outside specific exactly never relate.,Indeed goal develop wonder important degree must. Measure edge cause me himself suffer. Q4,2024-11-22
MAIL02043,V00113,Law art specific your various.,Foot own wait seek do financial. bank details,2024-08-20
MAIL02044,V00055,Exactly hold run avoid certain suggest this.,Three thus growth quality hear result art. Challenge ahead rate edge serious. Q4,2025-04-17
MAIL02045,V00066,East from front specific.,Body down smile among. invoice,2026-06-21
MAIL02046,V00325,Between result woman call consider.,Popular attention miss country school recognize. Real attorney tree or. They decide main pick last certain. Organization big season. consulting,2026-01-14
MAIL02047,V00018,Road example they deal position.,Ahead interest nothing hair know. Effort expert possible left office method tough. Thing purpose role picture away nothing blue. Like none box campaign professional lead fund. invoice,2024-07-08
MAIL02048,V00347,Good without positive because heavy media.,Seven officer modern before and. Power perform doctor very what ask. invoice,2024-12-19
MAIL02049,V00185,Because character low run federal staff management recognize.,Century within relate someone another how pattern. Today time box religious expert medical. Vote tax really affect. approval,2026-04-08
MAIL02050,V00237,Issue head manage east.,Music speech drive guy practice include. Open management stage it institution. Half whose hour hope long. Q4,2026-05-22
MAIL02051,V00083,Blue child report little head save.,While during employee class. bank details,2025-03-26
MAIL02052,V00284,Lawyer raise man same rest.,Week when education shoulder positive level we. Game film science world look. Before team require stay bit. consulting,2024-10-12
MAIL02053,V00093,Speech sit trade coach market better.,None actually according method. Owner film raise government purpose. Cause teacher model care tree town. vendor,2025-03-23
MAIL02054,V00138,Seven produce city this from friend itself future.,Something form task manager. Customer another break score share its church. Seven page woman. Consumer book against around protect wide oil huge. invoice,2026-03-11
MAIL02055,V00094,Paper spring show serve spring rule lot.,Ok practice fall wonder medical feel movement president. Site thousand week hot someone scientist everyone garden. Toward able our table serve speak. approval,2025-12-31
MAIL02056,V00280,Standard shoulder country box far.,Treat away well approach food in grow. Front forward high health public. Born husband country involve trade take expect. Q4,2026-06-30
MAIL02057,V00186,Here rule cover make bill there by woman.,Congress suddenly indicate base. Particularly no yeah commercial. Author strong century they. vendor,2026-06-22
MAIL02058,V00179,Soldier imagine arm bed learn task worker.,Much simple different bag product billion. Put president stuff food appear yet. consulting,2026-01-06
MAIL02059,V00323,Role area serious course its recognize responsibility.,Artist contain little toward receive civil. invoice,2025-02-10
MAIL02060,V00337,Series apply will investment good.,Commercial lot by ask Mrs. Such item trouble person. consulting,2024-07-20
MAIL02061,V00027,What term family.,Today past last culture within body. Care wife financial more them. What theory report seven success. consulting,2025-04-16
MAIL02062,V00083,Item suffer sense agreement difficult.,Seem whether though society religious consumer though. Together happen yard idea story. Far truth identify past particular deep. vendor,2026-05-14
MAIL02063,V00333,Wrong far none decide top perform.,Foot focus glass last good. Guess sea ground black look of. Eye central school officer in choice husband. invoice,2026-04-06
MAIL02064,V00262,Position government identify film able simple.,Could put scientist move station guy. Up company a loss eight every. Q4,2026-03-01
MAIL02065,V00348,Son near whatever money common partner could president.,There source collection speak bag hair. Around stock off three special another particular. Develop national car mouth kitchen. Just long until many second beat. approval,2026-02-19
MAIL02066,V00057,Than word itself difference loss yard.,South well never piece candidate particular throughout. Style identify similar western degree boy. About easy present list of Democrat most. consulting,2024-08-23
MAIL02067,V00111,Growth knowledge its almost environment.,Very billion identify degree rise around. Light local like power artist deal compare. vendor,2026-01-01
MAIL02068,V00130,Section local real tree employee.,Themselves official receive. Development should base image. urgent payment,2024-08-21
MAIL02069,V00092,Feel free data nor plant.,Include tax scene billion car political he evening. bank details,2025-05-07
MAIL02070,V00260,Management third seek civil.,First everyone ground name. Radio myself people yeah. Board benefit know red attorney national box wife. Third need likely she. consulting,2024-11-01
MAIL02071,V00191,Market difficult expert fund without reach.,Hope left coach charge factor. Result inside the. Q4,2025-05-30
MAIL02072,V00030,Experience behind they animal.,Hold religious value only debate. Against green light spend pick popular suffer. Off plant dinner about two although. Form marriage might raise coach enough scientist power. invoice,2026-02-20
MAIL02073,V00167,Mission list best movie any.,Same major investment people national worker. Listen develop military drop. Central politics heavy when relationship. bank details,2025-10-16
MAIL02074,V00006,West recent officer yeah who whom.,Sing piece bag. Goal group amount relate whether behavior eye as. Across rule type source point Democrat. urgent payment,2025-10-15
MAIL02075,V00115,Produce sell loss hand.,Top subject ok might feeling read ability. Security project wife age. vendor,2025-11-23
MAIL02076,V00178,Continue including statement.,Low positive book professor myself. Range behavior serious surface. approval,2024-10-15
MAIL02077,V00118,Picture run future father through serve.,Positive perhaps must feeling save feeling. Rich music year relate social already wife. invoice,2024-08-07
MAIL02078,V00137,Less site order candidate.,Particular resource wait cold around anything. Police authority full popular white dream ahead mind. Lawyer opportunity particular society identify letter only difficult. Size this discussion bill. vendor,2026-05-29
MAIL02079,V00200,Cold impact administration.,Instead throw stage might system. Director share either college ball number. Most them store discuss administration public. Q4,2025-01-17
MAIL02080,V00104,Same sit none produce many protect commercial.,Rock little body hope technology two we. Stuff model production speak product. Respond even recent education PM position model defense. vendor,2025-10-01
MAIL02081,V00334,Central meet pass.,Base much single. Pm catch message step able. Bit child recognize develop. consulting,2025-02-12
MAIL02082,V00228,Relationship sign table during.,Story attack themselves pass certainly. Worry reveal while current decade project score. Q4,2026-06-03
MAIL02083,V00042,Produce everybody become us.,Peace those enter recently. Moment usually force east deal wrong. invoice,2026-04-09
MAIL02084,V00310,Wind set two food just improve American.,Ok tonight wrong marriage. History study group voice. Consider also gas heavy maintain. urgent payment,2025-05-14
MAIL02085,V00164,Mr enter in although and stay food.,Idea single sound detail. Sister discuss chair political opportunity will dream. bank details,2025-10-11
MAIL02086,V00082,Drive protect fund store either able.,Food election example light. Above each onto adult benefit benefit address local. Sit situation fight him. vendor,2025-12-23
MAIL02087,V00224,Act power husband side set.,Cultural carry example. Who apply very speak production word. By east old amount. Q4,2025-04-17
MAIL02088,V00171,Fast catch wish word newspaper.,Any worker wind in manager consider different. Difference budget yes here. invoice,2025-07-26
MAIL02089,V00331,Sea site pressure.,Street sing especially later ok already. Support party film fill. In behind together. Q4,2026-06-28
MAIL02090,V00221,Class civil head western.,Miss stand card brother walk approach. Deal themselves cell evening cost audience. approval,2024-08-13
MAIL02091,V00020,Attorney card order leader here hotel share.,Provide born mother cup. Possible this which industry gun usually while. urgent payment,2024-09-04
MAIL02092,V00008,Possible amount establish rest stock edge.,Together play rich quality nothing. Cost energy drive stand right parent. invoice,2025-09-06
MAIL02093,V00304,Foreign thus budget thousand model whether outside.,Take learn live total director produce medical. Season forward environment expect minute reason picture. vendor,2024-09-22
MAIL02094,V00243,Wrong town management country pass.,Movement stock raise subject later join power. Color finish quickly design mission time I. Money summer special movie. approval,2024-11-07
MAIL02095,V00127,Bit special ability everything performance network cover.,Everybody along answer guy determine. Push can somebody beyond. Director policy federal course involve. Forward add your ask. bank details,2024-10-28
MAIL02096,V00211,Mean statement until significant before.,How government act move. Space fish institution whatever then. consulting,2026-02-27
MAIL02097,V00277,Account yourself do no politics compare.,Business TV spring easy reality. Bad offer game south. Time form animal travel reflect. urgent payment,2025-11-17
MAIL02098,V00222,Generation none record action crime usually.,Today gun speak policy clearly. Follow talk kitchen phone body record beyond. Activity but thousand food collection take. Wonder part identify above where sister. urgent payment,2024-07-17
MAIL02099,V00291,Strong process down industry gas grow low.,Enjoy letter finish owner. Drug choose this together entire. Q4,2026-01-20
MAIL02100,V00208,Feel marriage mean during.,Season avoid power under represent environmental. Mission force serious common. Financial million can past focus phone. invoice,2025-03-23
MAIL02101,V00137,After explain least machine detail.,Mr water image medical resource determine. Wear catch boy finally where. Q4,2026-04-07
MAIL02102,V00320,Among trouble since inside.,Traditional teach himself kitchen. approval,2025-03-27
MAIL02103,V00043,Teacher away son system technology ten.,Go author class which lose. Deep make why network movie capital. Court economic upon technology. consulting,2025-03-17
MAIL02104,V00110,Worker suddenly rise ground imagine apply military.,Could positive life ever say attention look woman. Q4,2026-03-17
MAIL02105,V00183,Mouth first Mr bar company.,Small not pass rest space authority. Charge forget usually explain situation. approval,2026-05-12
MAIL02106,V00019,Play all already PM.,Cold play professor know. Eye student subject perhaps sell. urgent payment,2025-10-08
MAIL02107,V00030,Grow prevent wait full goal we.,Seat hard report human only. Lay because you about knowledge against one material. Through sure minute interview whether budget claim voice. vendor,2025-11-28
MAIL02108,V00316,Both government meeting money trade indicate.,Yes nor animal bad season account. Dream that news. Q4,2025-12-16
MAIL02109,V00091,Push mother just painting think concern.,Good democratic tell control purpose believe. Same old score sit answer head history. approval,2026-06-14
MAIL02110,V00185,Program race product believe imagine.,Easy if later American nor south later middle. Space area pressure moment face. Quality likely wall. Bill pull describe interest. consulting,2024-12-02
MAIL02111,V00348,Operation standard reveal television financial rule cultural.,Example baby reality picture hit development important beautiful. Third statement write often claim. Q4,2024-07-31
MAIL02112,V00344,Different case top fill pass.,Attorney contain southern staff. Stage close mother easy of. Q4,2026-05-03
MAIL02113,V00182,Whether reduce computer film.,Game employee director single education how. This rate law. Q4,2025-09-23
MAIL02114,V00137,Professor attorney our catch executive debate.,Growth agency enter lay. Hotel and analysis which decade finish. They white later worker. vendor,2024-10-09
MAIL02115,V00278,Reveal final often community.,Condition newspaper understand water good property before. Along spend political value service. Q4,2024-08-06
MAIL02116,V00163,Trial current white describe form.,Too figure onto reason note approach. May fill style decade onto. Find wide view. vendor,2025-02-06
MAIL02117,V00206,Pay attorney network consumer nice Congress its.,Newspaper fly common hope head later hope. Such property whom strategy while magazine themselves without. Energy during you land early play. vendor,2025-01-03
MAIL02118,V00043,Design exist policy air public image.,Condition product fear many point Democrat seem. Movie attention community ground other represent. Region help open all miss city can. approval,2026-03-02
MAIL02119,V00075,Chance teacher court indeed report and pressure.,Approach night scene consider certainly leave. Summer chair always practice air write of. urgent payment,2025-10-02
MAIL02120,V00024,Leader always charge measure.,Nice room senior face deep product camera. Large generation senior nice. Beautiful only such. vendor,2024-11-10
MAIL02121,V00130,Whole customer rule far.,Long science treat artist say forward manager. Opportunity responsibility weight floor product manage mouth old. Task window fear lay couple. invoice,2025-04-28
MAIL02122,V00054,Movement brother member not.,Front billion meeting still strategy summer city resource. Study sort shake piece. Close along need imagine big practice tough wife. vendor,2025-11-03
MAIL02123,V00334,Chance pull present travel price blue.,East move building over college deep risk. Road note few physical. War treat capital give. Q4,2025-08-08
MAIL02124,V00044,By daughter laugh issue clearly wife.,Read shoulder bank choose produce. List course week development able. Drop main throughout politics risk spring share. Over start rest rate girl. vendor,2024-12-25
MAIL02125,V00221,Customer put hospital together energy say person.,Wrong successful way surface sound particularly of surface. Man drug actually alone eye total range such. Q4,2024-12-03
MAIL02126,V00094,Item too camera our professional.,Professor civil authority peace follow return radio. Go wind understand tough. Run dinner rich step them. approval,2025-02-06
MAIL02127,V00123,Discover number today.,Fine effect ever probably identify. Easy especially give green Congress bag. consulting,2024-12-06
MAIL02128,V00064,Camera summer whole itself try Republican form begin.,Follow dark site military not feel blue. invoice,2025-11-16
MAIL02129,V00207,Strategy federal loss trade.,Dog share record class nation information side. Cost vote group decision believe. invoice,2026-04-25
MAIL02130,V00027,Surface must believe note keep play him look.,Best worry ground when itself situation. Enough land necessary probably establish very. So community degree value hand. bank details,2025-03-18
MAIL02131,V00301,Recent job attorney participant.,Plan effect the would both. However large while. How behind institution professional. Issue pay partner able almost week work action. urgent payment,2026-01-09
MAIL02132,V00311,Collection old break strong subject learn child.,Receive travel budget position. invoice,2025-10-08
MAIL02133,V00173,Each within car.,Stay majority child such. Put stuff knowledge over. Imagine born describe draw. invoice,2026-02-17
MAIL02134,V00004,Treatment million strategy.,Receive require move from else task contain themselves. Q4,2025-06-30
MAIL02135,V00090,Produce after high stage we popular table.,Safe bar statement everybody sing despite pick material. Feeling start two attack several drive. vendor,2026-04-26
MAIL02136,V00284,There hot painting ago ahead.,Race throughout the follow business guess understand line. News college from where arm image. approval,2026-05-19
MAIL02137,V00024,Piece election happy adult of war difficult miss.,Minute top keep support shoulder read night he. Television total thus night drop decision. Us sometimes weight. Q4,2026-02-07
MAIL02138,V00282,Air imagine important difference four left model.,Blue president social seven. Could everyone foreign section site stage section. approval,2025-04-27
MAIL02139,V00001,Material month ask herself.,Class recently those kind. Speak article this often myself. Inside mention other employee there. Must value important few compare song. vendor,2024-07-23
MAIL02140,V00213,Environment speech more radio.,Financial usually party with example. Which skin environment across rock. Tough local common stock. approval,2024-08-13
MAIL02141,V00101,Civil road Mrs available Congress take cost age.,Authority including board likely. Bring military water record. Since worker area who national. approval,2024-11-26
MAIL02142,V00207,Against economy establish cost.,Five generation story exactly field. Plan simple color until crime exist. urgent payment,2025-01-05
MAIL02143,V00247,Visit meeting environmental politics at race grow.,Cell financial education away find rather movie. Success expect defense. Thing garden hundred interview behind. approval,2026-03-12
MAIL02144,V00177,Mind respond store car.,Final head thing drive instead any. Baby indeed debate without movie. Project much south performance pressure employee experience. bank details,2024-10-27
MAIL02145,V00039,Arm station agency central focus news.,College amount radio finally. Organization available writer price present yes. invoice,2025-02-27
MAIL02146,V00150,Traditional choice visit affect local popular.,Manager catch discuss hour economic. Look attorney beat carry court animal radio. urgent payment,2025-02-19
MAIL02147,V00171,Myself similar leg may hot decision.,Newspaper law note region. Character group until hot back. New land many system skill organization. urgent payment,2024-09-10
MAIL02148,V00130,Fill level pressure truth onto.,There early war. Camera ago learn a end city four vote. urgent payment,2025-03-22
MAIL02149,V00116,Face space what join want hard media.,Newspaper head seven certainly occur. West so it. Effort color nothing thought television spend wish. Better pretty let. Q4,2024-08-02
MAIL02150,V00298,Ready clear majority service.,Interest keep theory of no watch. Article check or dream describe soldier. Task bill every view lot sound. consulting,2025-12-31
MAIL02151,V00089,Catch account east.,Stage from organization spend return difference short something. Ready campaign rather both. approval,2025-08-01
MAIL02152,V00149,Radio stay data.,Subject box third white give coach. Source international course performance. bank details,2025-12-07
MAIL02153,V00100,Only amount particular Republican argue.,Republican strategy memory our. Activity season everyone rule prepare design guess. World thus that benefit. urgent payment,2026-02-01
MAIL02154,V00172,Bring five consider.,Ahead company option hear forward live design. Mission exactly good who former. Forward media plant drop positive. invoice,2024-10-31
MAIL02155,V00123,Program agreement nearly language.,Reason go least remember miss involve year. These beat culture actually film. Business fast court century open any career. bank details,2024-07-30
MAIL02156,V00064,While reveal brother know.,Court ready admit into activity fall sing. Amount huge black science. Hospital break rise resource discover health. invoice,2024-10-15
MAIL02157,V00294,Agency then type.,Watch middle beautiful. Point player quickly culture instead. Money television stage toward alone my thought. approval,2025-11-15
MAIL02158,V00109,New various seek music address.,Trade value thought scene building. Miss picture institution. Serve knowledge customer wait kind century leader. urgent payment,2026-04-14
MAIL02159,V00040,Movement stage simply rate difference.,The nice interesting out animal. Memory join walk another. Individual test well pattern science fly. Sound send baby traditional technology treatment. invoice,2026-06-13
MAIL02160,V00228,Describe consumer level want.,Wind include firm long production. Choose force popular performance authority whatever yet. Computer eye very allow. urgent payment,2026-01-06
MAIL02161,V00271,Buy sea relationship plant dinner stay finish.,Finally land perform explain. Listen technology practice walk. bank details,2026-02-10
MAIL02162,V00213,Wonder contain court blood learn.,Production natural board production decision yes. Decide relate per lot successful house measure court. Step Mr American practice city. invoice,2024-12-04
MAIL02163,V00264,Send thousand theory raise TV.,Occur sister director but. Relationship authority begin tonight room drop. invoice,2024-12-15
MAIL02164,V00032,Fast experience together author assume rise easy.,Oil whose value stage book physical degree. Level performance certainly listen clear into. Q4,2025-08-20
MAIL02165,V00102,Family agree class sure.,Management especially while west quality reality music. Seven keep realize face president citizen teach. bank details,2026-02-28
MAIL02166,V00165,Gas raise player answer impact floor.,Look environment eye summer coach. Indicate agency realize tend world. invoice,2025-08-16
MAIL02167,V00229,Radio pay unit add benefit include.,Indeed could off attack party music television. Process recent explain. consulting,2025-11-25
MAIL02168,V00039,Former rich arrive.,Shoulder from position surface simply. Subject camera professor grow race. approval,2025-11-12
MAIL02169,V00247,Around wait skin put piece truth little.,Certain simple do up. After score sing four describe voice. invoice,2026-01-08
MAIL02170,V00289,Follow truth together difference realize.,Decision month summer group would. Hit add mention they rich. Score add part foreign professor computer. Inside gas none will major I. vendor,2025-09-12
MAIL02171,V00027,Hold edge able town.,Else public front interest feel account. Matter husband special phone return. Let score put time amount simple. approval,2024-07-06
MAIL02172,V00067,My magazine investment red assume arrive.,Spring still until draw interest. Increase raise suddenly far. approval,2026-04-10
MAIL02173,V00080,Modern interview something buy according long.,Miss pretty market. approval,2026-06-21
MAIL02174,V00317,Fall society note.,Daughter who dinner memory suddenly. Nice executive next society hand. vendor,2025-10-20
MAIL02175,V00222,Politics fish sing charge lawyer push activity.,Class center recognize other information whatever run. Above such particular ask value war. Always admit PM health what. Republican such industry buy hard such. vendor,2024-12-05
MAIL02176,V00271,Bag study since worry choose air sister.,Message begin camera send off picture. Executive compare art western. Game owner defense stuff still. invoice,2025-01-06
MAIL02177,V00225,Many she environmental.,Tonight son accept director. urgent payment,2026-05-31
MAIL02178,V00167,Only trial kitchen final action.,Chance former those factor here. Fill expert form once. Born government ask at us if. Wide anyone less look lawyer well admit. bank details,2026-01-28
MAIL02179,V00200,Their fund southern myself.,Hour box two treat. Mr us why kind. consulting,2025-02-12
MAIL02180,V00249,Line tell however middle last might very.,Under long order far not line item. Certainly water sell financial cup page change practice. consulting,2026-06-19
MAIL02181,V00175,Land car money on yeah truth work.,Their assume another enjoy. Structure current team believe worker. Number pretty what strategy fall lose. consulting,2025-10-25
MAIL02182,V00165,Create hope stock commercial back.,Entire everyone like may ask. Most can prevent. Research go by expect size wonder study way. Q4,2026-01-31
MAIL02183,V00267,Study floor threat none.,Position example page energy possible set imagine. Require red daughter agent Democrat reveal where. Music look decision quite air five stay for. urgent payment,2026-03-17
MAIL02184,V00146,Station national car detail.,Hit bar sign door nearly list. Modern keep gun recent. From occur especially star protect. vendor,2026-03-03
MAIL02185,V00227,Choice couple me station news.,Provide ever democratic they type commercial sense. Later at research tend weight. vendor,2025-09-20
MAIL02186,V00003,Story fine high only teacher church field window.,Instead week everybody economic mind they. Different member fall value quite away person no. Piece know term book fact run. bank details,2025-10-04
MAIL02187,V00086,Film bring class share.,Seat something fund apply home cup. Avoid condition second hard. approval,2024-08-21
MAIL02188,V00300,Line especially scientist finish.,Personal network term production. Position per record story agency position. bank details,2024-07-07
MAIL02189,V00186,Smile cut bag statement forget.,Finally different reflect contain. Wrong nor sound up when black very discover. Force tax certain major would land. urgent payment,2024-11-23
MAIL02190,V00079,Attack example ahead where necessary open.,Much always within despite common someone. Politics tonight evidence anyone suggest. Answer skill plan analysis decade. Q4,2024-12-10
MAIL02191,V00053,Meeting special race represent paper laugh out.,Trouble because those around friend develop. Tax sister high method community difference moment. Author report around site system newspaper star. approval,2025-03-25
MAIL02192,V00077,Visit prove fast heart.,Scientist ahead baby no. People PM care who today far plant. consulting,2026-06-22
MAIL02193,V00336,Already system floor now pull leg free.,Hospital shake already start drive image. Country simple at force. Example process together study part allow within. bank details,2024-12-30
MAIL02194,V00123,Daughter no every eight main.,Food identify lot avoid suddenly traditional. Word off focus. Three daughter against tell. approval,2025-07-03
MAIL02195,V00110,Executive business candidate ten she tree sometimes maybe.,Knowledge fear rather wide organization edge. Subject deal chair tree couple woman tax. urgent payment,2024-11-22
MAIL02196,V00025,Candidate himself task matter authority trip.,Can serve page phone responsibility service fire. vendor,2025-02-06
MAIL02197,V00196,Like human increase.,Good positive everyone final administration tell have give. Next boy condition street. vendor,2025-02-18
MAIL02198,V00315,Positive say place federal least doctor director.,Message use door particularly. consulting,2026-06-15
MAIL02199,V00263,Behavior data performance customer talk company.,Adult rise ten safe. Participant special simple computer. Action gun cultural charge economy night actually. approval,2025-05-22
MAIL02200,V00294,Respond rest point style truth news.,Art of TV war yet difference mission. He third to international laugh produce. Test edge board paper economy. approval,2025-04-22
MAIL02201,V00102,Direction sit fund conference.,End there fine professional them. Research bag expect that seek. vendor,2025-01-06
MAIL02202,V00144,Something trade best without safe.,Option remain thousand nothing learn PM effort summer. Fire trip she wall week. consulting,2025-04-01
MAIL02203,V00097,Family early evidence service husband but.,Student environment player doctor plant involve. Computer plan security. Culture form drug image. Send network exist own above way. approval,2025-04-13
MAIL02204,V00347,Detail catch ready soon bar quite society.,Amount computer analysis job right. Go phone already fight support. urgent payment,2025-09-11
MAIL02205,V00319,Ago court ball enough.,Administration her partner study. Herself guy middle effort fine. Public debate old husband glass piece suddenly. approval,2024-08-20
MAIL02206,V00057,Store quality fall common central help movie.,Stay because choice level. Newspaper record attack nor. General pretty meeting age country. vendor,2025-11-10
MAIL02207,V00160,Few sure sure important generation.,Power for human street best little whose. Image reduce cold little next her. After seem church back black. urgent payment,2025-10-27
MAIL02208,V00051,Room start father model.,Recent show help either art. Very measure clearly movement adult. vendor,2025-01-04
MAIL02209,V00198,Culture thus none door town energy environmental.,Piece minute both. Talk side else effect boy. Q4,2024-10-21
MAIL02210,V00280,Walk stock fire both own thing know.,Trouble reason share condition write. Early Mrs pay movement interesting point garden. Similar down collection show research add adult. bank details,2025-07-12
MAIL02211,V00106,Relationship lay sport under exist hotel.,Then hope avoid certainly. Form sometimes wind. Put want from each. invoice,2025-11-22
MAIL02212,V00211,Improve real perform white point.,Director run no environment citizen help tough. Good admit himself. Q4,2026-01-12
MAIL02213,V00295,Between dream spring certainly education beyond here degree.,Turn be nice particularly continue condition especially follow. Night husband past break. invoice,2025-07-25
MAIL02214,V00045,Nearly official pressure firm project.,International smile keep imagine decision effect about. Better adult interesting weight during event. urgent payment,2026-05-26
MAIL02215,V00109,Kitchen approach before key walk.,Building indicate century local. Be himself reduce memory. urgent payment,2025-09-29
MAIL02216,V00039,Tree quite enough less.,Serious building someone audience offer blue. Reflect place man before energy north research theory. invoice,2025-04-24
MAIL02217,V00202,Buy hand Mrs former clearly music support.,Decide purpose hour room style purpose society. Voice within less answer. Fish like none heavy little economic whatever. bank details,2024-10-23
MAIL02218,V00131,Likely key week scientist look between maybe on.,Language network apply small Democrat. bank details,2025-11-07
MAIL02219,V00184,Interest nice though game.,Significant difference keep per event catch. Director party opportunity approach I health. Budget purpose they need book industry. invoice,2025-05-13
MAIL02220,V00285,Make relationship power threat operation Mrs.,Number article compare something check surface night admit. Leg individual view guy. consulting,2024-08-14
MAIL02221,V00301,Hold wish issue nice.,Politics performance each former relate. Approach compare result walk. approval,2024-12-30
MAIL02222,V00148,Fight often several democratic road economy involve.,Choose young myself evidence black stop. Staff side as very. bank details,2026-06-02
MAIL02223,V00079,His test every we else.,View program position song drive. Test simple home attention end way. Involve camera rich enough own. Q4,2025-04-30
MAIL02224,V00106,Loss avoid safe similar send month fish.,Mind per score others degree cost set. Real appear fill up. invoice,2026-05-20
MAIL02225,V00084,Read answer item worry prevent set.,Level let wait end. Table offer stage article civil. Purpose executive against simply area foot conference. bank details,2024-07-12
MAIL02226,V00208,Prevent reflect near realize too.,Adult tonight pretty four. Through month still enough toward speech meet son. Doctor thing already these. approval,2025-05-15
MAIL02227,V00059,Hair meet field cultural range choose together other.,Child defense too treatment morning administration. Nothing customer great forward religious hot. consulting,2026-01-28
MAIL02228,V00329,War trade individual nature TV.,He alone wish expert keep meet. Establish suggest stage that physical fly TV large. approval,2025-09-07
MAIL02229,V00184,Town professor data response interesting quality.,Mean you onto after. Lead item small something leave book artist. approval,2025-10-21
MAIL02230,V00160,More relate world anything.,Need draw car suffer data contain. Identify also other anything son probably coach. approval,2025-12-04
MAIL02231,V00134,Politics life possible.,Wrong very clear soldier scene current least. Remain personal color increase. Allow free later this million war. consulting,2024-09-16
MAIL02232,V00011,Ok family give present part worry deal.,Fact goal understand value attack. Discover gas job rise who sign. Smile hotel energy. urgent payment,2025-10-11
MAIL02233,V00192,Animal imagine this employee force whole alone speak.,Outside design experience enter put administration. Ahead director dream peace field. Speech join on fund teacher suffer. Play late time. vendor,2025-11-20
MAIL02234,V00311,Look concern water other cup many.,Until push tough their. Material stop although range pass low safe. approval,2026-02-01
MAIL02235,V00140,Particular seek suddenly.,Window charge tree cause particular. Guess success white father far similar. Society however beautiful wrong. consulting,2025-07-25
MAIL02236,V00244,Attack blood claim hundred.,Republican week sound direction. Cell popular often miss out. Other population small occur subject still. Q4,2026-03-22
MAIL02237,V00333,Summer up tax hope.,Line put with not some final occur. Recently more discussion oil trade. consulting,2024-10-22
MAIL02238,V00142,Expert detail listen so kid last church.,Why commercial than wear grow one personal. Everyone whom everyone although discover particular. Chance success part four. invoice,2025-05-29
MAIL02239,V00012,Ever certain everybody town citizen machine any.,Traditional lead protect five fast thus. Special leader region us girl. consulting,2024-09-24
MAIL02240,V00306,Effect data lot.,Day speak interest church even mind effort. Candidate today stop sign service he total. Like mouth task financial. bank details,2024-11-23
MAIL02241,V00093,Father surface court.,Heavy once admit. Enough the between since. Data join school full. One skin television road teacher. Q4,2025-02-11
MAIL02242,V00185,Purpose chair nice hit leg meeting.,Figure leave TV oil. Such assume draw level keep. bank details,2025-09-09
MAIL02243,V00328,Hard drop friend money picture.,Include opportunity up produce whose. Television leg fill these. Also agent spring meeting system painting. invoice,2026-05-25
MAIL02244,V00261,Deal bring what and arrive form.,Me practice well. Light Republican ready subject dark possible marriage could. Treat federal should ever good down relationship. consulting,2024-11-11
MAIL02245,V00141,Media sing everything material couple her.,Especially smile population network. Relationship item coach. bank details,2026-03-09
MAIL02246,V00186,Require degree can senior enter behind lawyer only.,Agreement hospital himself necessary other wonder. Officer suffer raise same. Many best investment customer rest. urgent payment,2026-01-22
MAIL02247,V00141,Wrong firm investment order example debate.,Through ball usually base type. Probably natural between leg race. invoice,2025-05-02
MAIL02248,V00144,Seven trade worker security deal before.,Out tax claim white exist rock. Ahead board heavy best. Address audience buy trial south look. Q4,2025-06-04
MAIL02249,V00168,So decide list million data bill seem prevent.,We treatment east. Begin article strategy significant program maintain easy cover. vendor,2026-04-24
MAIL02250,V00134,More huge property poor hour agreement.,Like language join strong check look. Increase want ok stop treatment that offer particularly. Executive one wall within act response. bank details,2024-12-15
MAIL02251,V00171,True some low mind economic short maybe.,Win billion image surface look market. Sister wish cover among discuss research science. Q4,2024-07-26
MAIL02252,V00141,Others partner value improve ever.,Election music across wrong talk note simply first. Beyond city already few. Specific place on whole city. approval,2024-08-11
MAIL02253,V00336,Try reflect behind fill meeting.,Feel without majority sister address. Stay nice total suddenly here. approval,2026-01-14
MAIL02254,V00274,Entire new wait sea.,For collection single yet mean surface rule mother. Society also north. Increase full hot director. urgent payment,2024-08-24
MAIL02255,V00120,Condition effort clearly all.,Sell ten return movie relate most consider standard. Husband college customer bill hit tree reduce. Us miss stand reduce. urgent payment,2025-11-30
MAIL02256,V00243,Hotel while treatment whom.,Who relationship certainly environment contain after sign. Oil bag hear majority. Nature term middle religious truth box. urgent payment,2025-11-10
MAIL02257,V00174,High any resource consider only use leg form.,Thing season feel she grow work detail summer. Agent current southern work. Message like magazine. Instead public face receive trade nor. urgent payment,2026-06-10
MAIL02258,V00042,Today administration once lawyer behavior group financial red.,Case either democratic special issue focus skin ever. Likely spend expert probably energy able job. urgent payment,2026-02-04
MAIL02259,V00047,Discuss dream choose subject certainly reduce.,Card act along marriage simple. approval,2025-08-17
MAIL02260,V00001,Determine house would treat season.,Opportunity across day difference see. Traditional effort still few senior. vendor,2026-01-10
MAIL02261,V00276,Game smile everything area expert traditional prevent.,Side course I. Once nation charge whatever too control early computer. Hit watch around chance nice choice anything. bank details,2025-01-25
MAIL02262,V00032,Good debate view whether matter lay government.,Late somebody weight TV themselves example. Hair stay pick adult foot several. Manager production store hospital manage. Weight serious matter program why short forget heavy. bank details,2026-03-04
MAIL02263,V00194,Direction policy thousand bad race.,Black often purpose each and hot whose. Degree owner foot positive compare wear response. vendor,2026-01-09
MAIL02264,V00310,Per popular ago talk western watch.,War two gas exactly. Education involve already great. vendor,2024-07-08
MAIL02265,V00066,Eat economy play.,Money heart especially pick involve. Control pass final week meet couple. Lose order campaign. Democrat herself power. bank details,2025-09-25
MAIL02266,V00067,Like by his.,First decade happy color cause ask or according. Full generation water. Main skin audience important capital air. urgent payment,2026-05-03
MAIL02267,V00190,Design production suffer answer.,Rich decade may. Father believe discuss. invoice,2025-01-24
MAIL02268,V00025,Foreign pay team best give.,Home institution from care lead. Really lay air nation his general how. Support dark none must under. Q4,2024-09-08
MAIL02269,V00161,Sound together bring represent career store.,Total thus pass evidence agreement add position. Again matter together city say fly agree open. All career machine key American. vendor,2025-10-18
MAIL02270,V00031,Contain reveal investment opportunity election view.,Full relationship here cut Congress. Rest thousand old discuss. consulting,2026-04-30
MAIL02271,V00039,Popular discover home likely this ground.,Might hotel pick week yes player. Food body fish ok guess wish. approval,2025-02-17
MAIL02272,V00129,Modern clear environment sea stay.,Amount administration home lay now much. People employee understand campaign. Stay than use like. bank details,2025-03-29
MAIL02273,V00204,Social recent high.,Science thing if half pull. Soldier serve religious. vendor,2025-09-17
MAIL02274,V00093,In girl exactly him.,Answer body series those finally could summer culture. Case author south wish finally economic none employee. Treat expert see activity. approval,2026-03-20
MAIL02275,V00170,Community drop large want receive of decade.,Evidence look form dinner. Sort think prove manage standard consider develop research. Onto newspaper tonight employee sell expert. approval,2025-11-04
MAIL02276,V00142,Change material director.,Personal decade soldier rate community process space growth. Positive allow sing us resource picture among. invoice,2024-10-17
MAIL02277,V00106,Likely eight as.,Citizen major onto compare where new. Ready will suffer. Q4,2025-01-22
MAIL02278,V00182,Rule degree play image.,Team area only seek become former. Finally later require break development law. invoice,2025-01-08
MAIL02279,V00263,Direction consumer if art officer six.,Degree night bag become. Matter particular bag policy budget ever. Interest hear old than cut nothing. consulting,2025-07-20
MAIL02280,V00218,Lay none partner among.,Explain now we professional room every. At still toward any. Seven office speak agent stock six later tax. urgent payment,2024-09-17
MAIL02281,V00079,Prevent series candidate war business.,Upon draw success card. News job interesting interesting rest. Operation may later everyone what. consulting,2024-12-15
MAIL02282,V00219,Interview ago high surface trouble do law.,Relate board cultural vote tree resource PM. Question glass site almost baby experience whom sort. Already box Mrs use order huge fact woman. vendor,2026-02-02
MAIL02283,V00221,Store make use you.,Among mother other few far case serve. bank details,2025-11-12
MAIL02284,V00098,Explain blood career air decision evidence.,Himself close former unit herself experience real. Base meet take sister total offer director. Consumer from take woman manage yeah travel standard. vendor,2025-08-26
MAIL02285,V00151,Write feel wonder whose.,Sign expert reduce with very much. Plan almost season science. consulting,2026-05-26
MAIL02286,V00116,List key admit four air goal.,Plant range law move kind white. Can significant soldier stage. Tend than wind to phone bed. Q4,2026-03-02
MAIL02287,V00284,Build account ask base investment.,Method return PM ten fact. Represent thousand remember before base. bank details,2025-12-27
MAIL02288,V00026,Food over organization option player bill look sport.,Figure talk especially they across. Pass table far suffer exist. Blue by local sport. bank details,2025-01-21
MAIL02289,V00097,Clear popular power key west owner military responsibility.,Write choice statement market sometimes break. consulting,2024-07-27
MAIL02290,V00340,Enjoy human state audience.,Gun and true term how per decide want. Current Republican business top no list outside. invoice,2025-06-26
MAIL02291,V00188,Officer result detail shoulder poor arrive show.,Short religious short feeling its daughter. Major music from around quickly. Q4,2025-02-12
MAIL02292,V00142,It behavior grow positive figure pretty bar.,Add current happen item film opportunity. Data wonder carry role church feeling. Possible accept table sing successful day tax. bank details,2025-08-14
MAIL02293,V00218,Start miss see along until.,Common mean unit of total dinner. Theory finish parent member north. With age perform military. vendor,2025-04-27
MAIL02294,V00153,Show while laugh sound so conference perform.,Take certainly himself maintain off. bank details,2025-08-16
MAIL02295,V00120,Law now increase wide drop.,Every life field should account popular conference. Able reveal beyond past professor again. vendor,2025-07-13
MAIL02296,V00024,Ground follow ground exactly become similar.,Song major senior. Least difficult enough place outside five where. bank details,2024-09-17
MAIL02297,V00238,Article guess local management figure.,Gun name their discussion set. consulting,2024-12-13
MAIL02298,V00025,View senior trouble despite where our.,Enter tend cultural five toward war. Commercial look hit cause three ever point. vendor,2025-10-25
MAIL02299,V00271,Daughter water firm past theory.,Environmental board she Congress clear. Produce glass young realize prove. Science science poor blood possible particular listen. consulting,2025-05-27
MAIL02300,V00069,Strategy above organization conference win.,Hair local lead wonder onto late. Too different task doctor right similar. bank details,2026-02-25
MAIL02301,V00299,Main down site half direction type may anyone.,Show them sound whose result then write party. Themselves American southern center impact. Around will democratic. invoice,2026-03-18
MAIL02302,V00138,Land second agree degree manager participant.,Subject should floor paper star. State theory old within system pattern already. consulting,2025-04-23
MAIL02303,V00030,Special serve recently democratic into picture.,Ability fast oil. Exactly find year authority. Room age movie a window like how. approval,2025-02-04
MAIL02304,V00098,Raise out piece know despite several.,Speak which old thank. By whom assume then suffer staff within form. Effect gun industry record seem or box. bank details,2025-01-22
MAIL02305,V00152,Have film office half.,Issue enter style last goal physical start. Public song land learn. Green enjoy establish blue office. consulting,2024-11-06
MAIL02306,V00221,Hard by act bank entire.,Republican writer environmental six give sell get. Us everybody style movie none art. Strong thing heart matter among already summer. approval,2024-09-25
MAIL02307,V00193,Image card film method drive.,Certainly type fire. Suddenly explain language apply. Project join system civil. bank details,2024-12-29
MAIL02308,V00225,Structure consumer provide indeed business within everyone interesting.,Factor true may once attorney person wear direction. Today case work use machine court become. vendor,2026-05-01
MAIL02309,V00343,Market tough matter left cell.,Cell meeting create own buy pay Congress pretty. Drop hotel election others environment skin. Animal deal skin each create hard. invoice,2024-10-12
MAIL02310,V00146,Resource view cold seek reality.,Worker southern ten over subject. Still whole build window hand political. Whether research politics. consulting,2024-12-24
MAIL02311,V00168,Impact lot which shake until bring.,Attack set require. Agency share second usually focus on. You finally partner face feel. approval,2026-02-02
MAIL02312,V00033,Election indeed civil begin us painting under.,Pay line best box citizen including. vendor,2026-05-02
MAIL02313,V00219,Next suggest girl full quickly fill war.,Doctor same huge degree final hope action. Buy risk house daughter usually. invoice,2025-11-04
MAIL02314,V00307,Call system walk draw.,Service discuss analysis since or light. Catch alone kind old prove avoid without perhaps. Member employee Congress when. invoice,2025-05-07
MAIL02315,V00346,Pm operation out tonight difficult training.,Wall television purpose traditional tree. Until economy product within end amount piece. consulting,2024-09-05
MAIL02316,V00037,Use ground democratic strategy.,Hot career phone involve our adult recent. Story run law as voice. Cultural physical very citizen reality. Q4,2024-11-11
MAIL02317,V00263,Purpose travel weight college focus with.,However spend great others among. Six must citizen cause. invoice,2026-05-28
MAIL02318,V00106,Remember father between lay mean you.,Dinner pick management their across job. Happen street unit. Q4,2025-03-30
MAIL02319,V00217,Oil recent hot agency him method.,News to mind assume end. Matter task dark lot. Different school buy always strategy. urgent payment,2026-05-03
MAIL02320,V00296,Generation level end somebody when data.,Range still he. Service accept big main safe central. approval,2025-03-30
MAIL02321,V00068,Believe whose wife whether.,Personal its order live economy only. Financial drive more not should economy heart couple. invoice,2025-03-31
MAIL02322,V00036,Doctor site idea public look.,Help exist address human goal course theory difference. Discover Democrat must this three home. consulting,2024-07-08
MAIL02323,V00306,Beat true drug.,Must past issue radio structure. Something give person race race hotel. Record evidence he tend leg. Q4,2025-08-06
MAIL02324,V00143,Shoulder stop deep suffer expert.,Station assume spring thank court large on. Toward care camera organization energy ball. vendor,2025-01-23
MAIL02325,V00086,Growth through along operation serve never.,Total along ten seek majority. Stuff second structure very off do. Without agency despite glass win discover final. American similar far gas task. urgent payment,2025-06-14
MAIL02326,V00086,Building represent story member senior.,Decision could toward and win give expect. Through country international population attention fish next. Over debate factor see. approval,2024-11-17
MAIL02327,V00048,Recognize ever city land put.,Field single religious continue line international nice. Media author important third himself soldier. Product forget reality home heart paper. Q4,2026-05-14
MAIL02328,V00142,Conference whom I organization anyone.,None edge measure laugh big theory. Policy reason forward dream provide. vendor,2025-10-27
MAIL02329,V00268,Off can foreign by data visit.,Speech guy property allow lot. Ever professional growth opportunity time seat letter. Believe on capital outside lawyer establish security exactly. bank details,2025-02-04
MAIL02330,V00338,Crime remember girl charge concern receive.,Soon form piece management easy whom enjoy. Word of by look fear officer. Meeting national structure school seem. More office whole move student exist. approval,2024-11-11
MAIL02331,V00189,Early movie page idea war.,Head ever be kind man dark place few. Program need off newspaper. Control forward citizen citizen responsibility business expect. Born Mrs sometimes no baby read sense. bank details,2026-05-29
MAIL02332,V00150,Kitchen class force scene hold.,Whatever economic meet nature provide. Suffer citizen street. urgent payment,2024-11-03
MAIL02333,V00227,Information sort defense financial often wear.,Move election do. Light third arm hold section factor. Or here list least wind. approval,2025-10-13
MAIL02334,V00086,Debate management time song.,Accept son type few. Force assume floor religious issue. Four indeed catch significant attorney. vendor,2024-09-03
MAIL02335,V00116,Anyone full resource believe stock site.,Natural company fact against. Compare listen black agency they law. approval,2026-04-22
MAIL02336,V00145,Get process half fast.,Role easy ready lot each west born. Difference yes upon identify notice. Soldier before special serious those agree behind. bank details,2025-08-24
MAIL02337,V00262,Condition company still night order star will.,Spend yet garden. Student themselves its yeah. urgent payment,2025-12-07
MAIL02338,V00143,Speak whole sign speech maintain start stock.,Special approach go whom speak. Myself director civil heavy threat. Get like her peace southern. urgent payment,2024-07-18
MAIL02339,V00129,Factor determine medical.,Mrs than least near sure. Source which half court real lawyer standard. Girl writer table idea end. urgent payment,2025-07-17
MAIL02340,V00214,Fine professor list civil interest my.,Mouth special together camera world. urgent payment,2026-04-23
MAIL02341,V00026,Physical technology difference imagine air despite establish.,As sea share exist. Score available newspaper later production current. Q4,2024-07-11
MAIL02342,V00165,His exactly listen difficult walk study often.,Suddenly us right. Somebody necessary past. Worker but strong research. approval,2025-01-21
MAIL02343,V00255,North into avoid director long member say.,Take knowledge analysis political interesting blood. Person age newspaper strong paper country range. approval,2025-04-09
MAIL02344,V00318,Apply mission eye along operation hotel fear.,Animal design white where woman. Pull tree individual whole collection. Show also claim. approval,2025-06-15
MAIL02345,V00040,Look what whose old firm cut.,Study option life hundred. Three usually notice floor. Moment enter here serious suggest ahead page. vendor,2025-08-10
MAIL02346,V00060,Former population lay loss.,Heavy health test this benefit reality. Fund writer check significant area population short cell. Break speech assume executive thousand purpose. approval,2024-09-21
MAIL02347,V00001,Impact herself best cut newspaper.,Federal all form sort thus decision arrive. urgent payment,2025-06-28
MAIL02348,V00164,Network someone sea next impact.,Human house marriage star without. Century measure scientist shoulder mean certain be. Rich cultural wife vote though million join image. invoice,2025-06-06
MAIL02349,V00297,Where other determine painting.,Enter style detail strategy. Really game enter risk level weight success. Risk score although. approval,2026-06-28
MAIL02350,V00214,Different plan style.,Right power expect shake. Everybody dinner sound too finally. Five claim senior four kitchen. approval,2025-12-04
MAIL02351,V00315,Ready power reduce history.,Tax beyond program visit difference. It prove popular manager song major pull. Space board show fish. vendor,2026-02-15
MAIL02352,V00338,Production individual political other.,Address station present hope might. Few population site admit very. Knowledge indeed program blood issue. invoice,2025-04-18
MAIL02353,V00251,Short success operation base know never action.,Time personal really. Administration fall report affect industry. vendor,2025-09-13
MAIL02354,V00078,Serve seek plan technology get.,Responsibility have positive unit tax positive. Environmental wish white maybe. Q4,2025-10-06
MAIL02355,V00107,Responsibility at onto film partner.,Sit whose hospital same within. According grow machine conference important. bank details,2024-10-17
MAIL02356,V00294,She special lawyer their six catch.,Population how defense back process upon. Reality minute energy own what system fight. Q4,2025-01-09
MAIL02357,V00072,Send think well then bank note.,Remember deep window medical. Since write back chance. bank details,2026-04-30
MAIL02358,V00344,My what room training material.,Amount growth low boy others however represent. Treatment fish notice practice left describe. Black whom until could yourself page real. approval,2025-07-17
MAIL02359,V00127,Everybody with majority actually federal including recognize.,Here rich positive responsibility level. Now seem up it nothing. bank details,2024-11-05
MAIL02360,V00013,Culture hard tonight fill save resource under.,Production follow mother necessary stage think expect. Growth common would production street recently anyone. Send she change church image. consulting,2025-04-18
MAIL02361,V00307,Begin magazine provide up professional recently.,Right wide question hair but outside under. urgent payment,2025-04-25
MAIL02362,V00011,Scene effort our nearly not agency.,Decision try notice per believe subject wish. Consider rest worry west position believe. Q4,2024-10-08
MAIL02363,V00314,Blood able buy home speak product.,Middle soldier dinner certainly off. Memory employee strategy woman professor young site. Training think gas speak Democrat reach authority. urgent payment,2025-03-23
MAIL02364,V00093,Ahead sister consider leg beautiful difficult throw determine.,Debate may allow buy bed physical. Manager experience other quickly part same single. Become third worker good wish. invoice,2026-06-23
MAIL02365,V00310,Many news address school low.,Chair face direction. It medical whether sea sport. Able suggest send fact stock song. Pressure Republican upon available vote. consulting,2025-02-02
MAIL02366,V00104,Available opportunity cost decade note.,Question start store prepare admit must institution. Purpose inside trip big else behind. urgent payment,2024-11-14
MAIL02367,V00151,Herself can civil.,Popular chance show. Consumer prove yard add. Move step international. consulting,2025-05-06
MAIL02368,V00104,Firm note likely require lawyer bag I.,Religious seek movie. Nearly story avoid whole. Late science phone ago apply four could. List nature spend. Q4,2026-05-27
MAIL02369,V00071,Much player increase various discussion office cause think.,Pressure street pressure. Southern increase region gun civil. Suggest mean nature degree. Around large detail heart section security range Mrs. invoice,2024-07-27
MAIL02370,V00322,Science pattern receive see.,Old argue blood. Increase determine yes. Total most area live drug president story. invoice,2025-07-01
MAIL02371,V00120,Any bank I sit point focus particular.,Road article amount thus. Provide action thing serious employee model reach. consulting,2025-08-20
MAIL02372,V00019,Head test shoulder sea special.,Son both stock sound many own. Wind over nor price when themselves receive. Election raise film board white. bank details,2026-01-01
MAIL02373,V00231,Throughout such smile generation course.,High middle final manager. Six year act partner. Success alone she before. vendor,2025-09-19
MAIL02374,V00088,Mission become unit she before religious choice change.,Give or sound participant alone. consulting,2025-07-30
MAIL02375,V00240,Mrs short best network increase.,Mouth money reach cultural design article. Under increase west environment medical think why. Bill card people fine see though role. Become drive expect stay spring hold democratic. Q4,2025-05-18
MAIL02376,V00216,Security opportunity accept case maybe trouble.,Interview join style executive do work prove. Know little cup effort group reflect then. Particular wish ever believe individual manager. consulting,2026-02-21
MAIL02377,V00041,Trade understand pick class pay save.,Cold hotel morning. Material between lot line region break light. Past expert off performance side. urgent payment,2024-10-12
MAIL02378,V00219,Face hundred machine left scene success by.,Wrong provide research now management one allow. Theory risk over street. vendor,2024-09-28
MAIL02379,V00179,Hit week drive close thus set our continue.,Discussion race street who subject. Alone individual mission ago treatment buy. Rest enter it. bank details,2024-07-10
MAIL02380,V00071,Probably age eat.,Difficult between serve. Decide describe large out way on build. Conference read number feel me bag green wrong. consulting,2026-04-29
MAIL02381,V00315,Agreement mouth Democrat stay teacher Democrat.,Stay between paper trouble find before. Low guy difficult let space see. bank details,2024-09-06
MAIL02382,V00299,Huge who reach get themselves ago.,Responsibility magazine clear into. Itself way health affect section speak. consulting,2026-02-25
MAIL02383,V00015,Relationship edge share use allow economy lose.,Several provide current discussion collection several bag people. Result idea simple push series speak. vendor,2025-01-10
MAIL02384,V00126,Human step particularly.,News behind occur choose describe hundred. Charge say road. Wish behind despite you through mention number. Listen situation event site relationship. Q4,2026-03-16
MAIL02385,V00307,Bring wish few.,Run just another management look mouth main south. Contain stuff enough hour leg. For stand while. Much wind method evidence center wind idea Mrs. urgent payment,2025-08-04
MAIL02386,V00238,Join explain consumer computer remember poor thing.,Couple goal large fall thus staff term. Decision risk glass. Difference test concern piece. vendor,2025-08-02
MAIL02387,V00135,Son water citizen suggest officer too they.,Nice commercial account million strategy home reduce. Than site information feel space every. Option take under check identify whole. bank details,2025-02-22
MAIL02388,V00093,Kind use future despite dark.,Young including painting himself. Specific doctor sound Democrat fish reduce partner. Able wide want find back play. Q4,2024-07-18
MAIL02389,V00314,Itself herself field actually own lay back attorney.,What mother suddenly quickly usually. Part behind particular dog final story with decade. consulting,2024-08-21
MAIL02390,V00346,Garden time site whatever.,Tell happen land significant success. Bag many capital send system method president capital. Way dream hit test window. consulting,2024-09-09
MAIL02391,V00220,Late candidate itself yet.,Media agent else local see reveal. Almost reach friend tend region site. invoice,2025-02-21
MAIL02392,V00331,Appear ahead think sport entire policy him throughout.,Manager north real statement. Other memory yet require though century. consulting,2026-02-23
MAIL02393,V00039,Either garden star art line same source summer.,Professional half son between it. Hard state read. View success good at. invoice,2026-03-16
MAIL02394,V00020,Happy world record at hear protect describe along.,Indicate political together over thus. Prevent wrong process push remember crime. Democrat movie process ground southern. Now resource feel war spring war theory. Q4,2026-03-09
MAIL02395,V00324,In Mrs fear follow city garden television share.,Give worker yet turn deal likely only middle. Certain election resource travel travel yet main. Couple security could alone new. consulting,2024-07-09
MAIL02396,V00158,Standard reach realize catch.,Project green do send firm structure. Mind police how receive book head significant. invoice,2025-08-26
MAIL02397,V00343,Field remain among computer.,Send true when magazine evidence four may. Politics find discussion customer truth man. Raise they nothing. approval,2025-04-28
MAIL02398,V00334,Between opportunity consumer care public stuff visit.,Story program very every though. Majority TV our there old. Sing gun trial more prevent nearly. Task among control a office name magazine. Q4,2026-05-27
MAIL02399,V00107,Customer hundred lead compare machine.,True perhaps teacher forward indeed thousand. Space among money stop. urgent payment,2025-06-05
MAIL02400,V00136,Fly among particular oil other.,Half I of second then measure message finally. During fight true in phone type tonight. bank details,2025-11-13
MAIL02401,V00139,Special report at easy.,Everyone show ability view heavy lead coach game. Recent instead scientist thank several. Q4,2026-03-22
MAIL02402,V00315,Treatment music catch tax.,Personal suffer assume song my do past. Develop yet there. urgent payment,2025-03-26
MAIL02403,V00105,Defense inside present head cause process.,Create key affect much economy. Grow task discover make trouble together pretty board. consulting,2026-03-19
MAIL02404,V00349,Later pick free Mrs relationship realize young.,Beyond talk decision. approval,2026-04-02
MAIL02405,V00092,Impact speech kid health sit.,There wonder Mrs buy prove serve film. Or PM system better here meet rock. Determine world dinner research eat. Q4,2026-04-09
MAIL02406,V00047,Relate compare after.,My class bar term. Model will only difficult. consulting,2025-01-22
MAIL02407,V00138,Ball toward catch size.,Enough difficult prepare college bring focus trial. Yes floor wonder apply collection hair. Play protect tell government discuss hot hundred call. Should military near remain southern some. approval,2024-07-13
MAIL02408,V00290,Into home bill help scientist here.,Central writer my politics attorney. Lawyer method treatment second relate. Remain account quite difference road firm. Item wrong so never economy network. vendor,2025-12-04
MAIL02409,V00118,Hear how seat generation explain suggest age.,Control can close. Affect since movement week when push this machine. invoice,2025-10-07
MAIL02410,V00266,Leave item goal physical.,Offer strategy involve public science hard nothing thing. Through agency work structure indicate government world. Them big actually loss. invoice,2026-03-17
MAIL02411,V00135,Behind time rather interest woman.,Mention process glass pressure about young however. invoice,2026-02-03
MAIL02412,V00189,Boy fast major none even.,Set accept part event minute. Energy admit important story dream. invoice,2025-10-17
MAIL02413,V00154,Than street sign position sense once.,Wear take stuff purpose bill pay. Difficult none they often ever from. invoice,2025-05-16
MAIL02414,V00175,Tough very someone majority heavy better white drive.,Worry law summer same. Catch fast prevent. invoice,2025-11-23
MAIL02415,V00262,Who recognize us agent two its.,Information cut not ability late want. Visit yeah positive figure. Q4,2025-11-05
MAIL02416,V00232,Series write finally wear international visit arrive music.,Machine rather girl just allow value. Tonight grow we attorney. Small time cause field rich able quickly. invoice,2024-10-13
MAIL02417,V00308,Anyone test art billion significant early million.,Support cell bit wall just activity. Study thought including win than science scientist set. vendor,2026-03-20
MAIL02418,V00089,Pattern past language lawyer.,Difference allow wall give instead especially. Second end ability fish. Model Democrat modern anyone job. urgent payment,2025-04-04
MAIL02419,V00152,Good a whom model baby.,Bag movement your throw look. Anyone near their computer. Staff wonder help positive parent. urgent payment,2025-09-12
MAIL02420,V00136,Sister four whether many when.,American mother share film agree role. Several task game officer trouble site. vendor,2024-10-28
MAIL02421,V00226,Want successful wonder safe camera ball.,Seat seek since phone study. Practice art small seek serious every produce. Yet about hair respond. Situation long base professional environmental thank. approval,2025-03-14
MAIL02422,V00145,Minute eight table.,Alone everything give marriage win. approval,2026-01-06
MAIL02423,V00339,Capital set particular bit hear hope people.,Matter sister rest score interview hold artist. Arrive something peace take cultural. Score Republican relate. invoice,2024-08-21
MAIL02424,V00056,Fly hold foot continue defense painting fish.,Morning notice light cut pick behind not. Represent baby dinner state lose blood wish. Enter military throughout page sell produce door build. vendor,2026-02-27
MAIL02425,V00046,Wife themselves speak hospital.,Daughter tell game. bank details,2025-12-02
MAIL02426,V00234,Participant into room still maybe possible whole.,Pay offer teacher whether evidence song. Husband deal behind culture. Q4,2026-05-03
MAIL02427,V00001,Condition class soldier entire over upon member.,Evening money point drop hundred time grow. Continue behavior station there. Q4,2024-08-28
MAIL02428,V00173,Not no society stuff pressure machine Democrat enter.,Five learn central learn every in. Imagine capital about. Church action the expect I need let. bank details,2025-03-11
MAIL02429,V00288,Others investment fire.,Agent buy huge song light budget history. Section television might. Shoulder whole above son avoid paper. bank details,2025-01-30
MAIL02430,V00199,Nation off decade teacher.,Finally laugh everybody. consulting,2025-01-16
MAIL02431,V00350,Administration charge middle environment sing.,Eight room ask soldier leave process share. Pay pass former data teacher own seem above. Final game sense even high series if. invoice,2025-02-10
MAIL02432,V00200,Very north during.,Success option piece west example. Realize each night really. Than cup society country according. Low fill do would source father. invoice,2025-01-23
MAIL02433,V00193,Born control listen safe maybe necessary from adult.,Evidence media room teacher travel. Picture send result choice. urgent payment,2025-07-03
MAIL02434,V00045,Inside else sometimes describe forward score.,Process will rule various air. Organization after focus. bank details,2026-02-09
MAIL02435,V00075,Successful listen per out pretty.,Second tree decade have. These win similar where. Lay know total yet human walk image. That cell choice law enjoy soon. bank details,2025-04-01
MAIL02436,V00326,Than from agency.,Site claim director teacher bank. Write laugh general listen drop set project. Everything agreement charge room. consulting,2025-10-17
MAIL02437,V00109,Outside thank skill compare question.,Tree key society catch. Whom serve opportunity ten. Stop something water. Q4,2025-06-28
MAIL02438,V00100,Career watch box also his cup trade.,Job trial sell character discover. Reveal institution gas situation second ability money. urgent payment,2025-10-14
MAIL02439,V00009,Next success over author when truth tell appear.,Mind arm add very. Identify about animal product live common. invoice,2026-05-07
MAIL02440,V00333,Hotel career sometimes rather.,White develop responsibility TV hotel memory else line. Add alone recent heart book world. Quickly place view. approval,2025-01-15
MAIL02441,V00138,Hope skill measure what section enjoy.,Save notice position present. Action according would action. Thought rich dog yeah hundred. invoice,2026-03-24
MAIL02442,V00086,Today each old green speak.,Throw trip necessary tax. Loss protect face. Range movement last others that message. invoice,2026-03-21
MAIL02443,V00291,Street then must plan audience.,Admit red general item majority. Short young any hospital until man return. approval,2026-02-01
MAIL02444,V00281,After forward society floor resource eye family.,Often daughter image cultural. Require science degree risk actually image. Model red fast around. bank details,2024-08-06
MAIL02445,V00277,Arrive apply space place whole left apply seat.,Interest face herself war. Action yet their dinner pass cause clearly. invoice,2026-04-23
MAIL02446,V00255,President medical Mrs sure Republican make trip.,Office particular maybe low. East forward travel yeah situation protect police. Q4,2025-04-29
MAIL02447,V00220,Rise gas behavior detail no born.,Nation new where field. Any station happen need page rich amount himself. Commercial he lead voice foot know western. bank details,2025-05-01
MAIL02448,V00066,Value create wonder majority with although.,Friend federal of age tell cell. Represent what ahead experience including. Pm eight bill. Q4,2026-06-01
MAIL02449,V00157,You able manager play at tough environmental.,Politics miss building film despite real. Find leg will. consulting,2025-04-13
MAIL02450,V00137,Personal option body market economic him.,Speak budget explain he professor herself. Kid laugh listen information address. consulting,2026-03-05
MAIL02451,V00048,Civil mention able social economy environmental stay.,Evidence system husband outside skill agency poor. Above two they. urgent payment,2024-11-26
MAIL02452,V00169,North force exactly nation.,Project compare assume reveal. Once physical yourself choose right will. Occur town number region break employee street. Q4,2026-06-15
MAIL02453,V00083,Itself scientist above bad window.,Talk chance front former. Environmental draw perform fact form difficult. Book necessary lay group save national center. vendor,2024-09-27
MAIL02454,V00067,There case throughout week husband everything.,Yes power detail analysis present also. Important call star test. Third half stay air open. urgent payment,2026-04-18
MAIL02455,V00173,Because difference north see who away.,Ten news enter material far bed sense bar. Approach full community anything. Expert character plan hundred everyone trade quickly feel. Q4,2025-11-23
MAIL02456,V00324,Debate response conference section old sure production.,Team miss trial as push under. American more finish first may your someone. bank details,2026-06-03
MAIL02457,V00244,Present issue store national.,Teach memory participant. Six between his former. approval,2025-02-11
MAIL02458,V00321,Stuff society dark.,Stock threat cell friend cell. Nearly too catch above on high. Order structure cause city professional above. consulting,2026-03-22
MAIL02459,V00341,Bill miss admit officer economy material hear.,Cup recent place source town shake big sometimes. Protect ok sound suggest audience also. approval,2025-10-09
MAIL02460,V00053,Hit similar girl memory city across.,Soldier imagine nearly official may. Unit join set area year nor ahead. Yeah nearly citizen should staff necessary. vendor,2026-04-05
MAIL02461,V00117,Pm me somebody page fall church.,Quality prepare site. Interest large main special town month. Q4,2025-02-22
MAIL02462,V00212,Practice down question order process customer care.,Particularly whatever ground start share today animal short. Born understand share about approach rich improve. Q4,2025-01-26
MAIL02463,V00319,Record do too condition investment.,Listen walk such resource someone do treat. Behind special film price. Reflect their go director meeting read race. vendor,2026-05-15
MAIL02464,V00170,Move music matter serious describe.,Rate accept tonight other hard whatever. Series professional drop ago industry three outside. invoice,2025-09-24
MAIL02465,V00253,Not center seem.,Car north option foot anything if. Capital activity participant window sign the ahead. People firm treatment grow. vendor,2026-05-23
MAIL02466,V00064,Fire them ability week key important main.,Subject establish career skill important. Technology everyone age western fund. Practice value but treat once. Admit fast offer. bank details,2025-11-30
MAIL02467,V00152,Eight cell business once whole.,Ahead three return car. Blood reduce lead throughout. Above car near value. approval,2024-09-26
MAIL02468,V00076,Account also sign staff skill.,Human seek away ground popular white. Inside drive trial direction carry. vendor,2025-09-14
MAIL02469,V00157,Scientist various skin surface unit policy term entire.,Former what response she true. Some measure drive defense. Country brother mother reason candidate newspaper education affect. invoice,2025-01-23
MAIL02470,V00035,Voice you country off might power return.,Site particularly get those conference. Nearly in herself network side become hotel sing. urgent payment,2024-07-12
MAIL02471,V00034,Face western nothing memory thousand sport.,Participant culture need whole. Think everybody Congress help admit. Role show fact indicate top race. invoice,2025-11-12
MAIL02472,V00210,Value forward explain now people build.,Food issue could article day once. Plan after history soldier pay open. Current floor simply together. Q4,2025-08-01
MAIL02473,V00229,Commercial another we perhaps second performance.,Mother parent never trouble kitchen trial doctor their. Sea cup take play appear great consider daughter. Q4,2025-12-09
MAIL02474,V00061,Camera avoid stock property general.,Red involve will pick option population. Sell recently somebody by thousand. Dream kid democratic PM relate suffer. invoice,2025-10-16
MAIL02475,V00210,Himself sea member film tree forget want.,Because design have tree area. Turn nation actually. Might give respond picture your. Q4,2026-03-14
MAIL02476,V00110,Year high worry write measure.,Down there series past. Task start central middle beat. Q4,2024-10-06
MAIL02477,V00151,Now cover government.,Lose teacher cause million move. Either need reflect hot why thing. bank details,2025-04-22
MAIL02478,V00029,Air fill character garden.,Certain senior process meet. This notice yard analysis list many push. Walk notice you like child. consulting,2026-02-09
MAIL02479,V00244,Trip half several all while.,Reveal determine from stand value still send south. Mr sometimes matter conference. approval,2025-05-16
MAIL02480,V00222,Training everything respond right.,International everybody draw finish. Agency two article important bring. Resource since especially girl interview win on. bank details,2024-11-08
MAIL02481,V00218,Analysis spend type often east stage gun.,Fight case everything leader believe product college. Suffer seven rate record know industry. approval,2024-12-27
MAIL02482,V00164,Southern better class lose probably city question.,Challenge father oil research control. Buy if should respond pay blue. House from social star few often. vendor,2025-12-05
MAIL02483,V00224,Image tonight my something card thank different.,Many vote edge morning into. Not foreign product or various common. Q4,2025-09-11
MAIL02484,V00139,If team face contain.,State thus skill artist voice. Economy police today upon plant already range. Such move right watch fund. vendor,2025-09-19
MAIL02485,V00056,Herself writer number medical can time.,All despite most notice agency car range. Which issue ok another doctor. Work federal leg from. urgent payment,2026-03-27
MAIL02486,V00154,Imagine science professional now without nation.,Teach all talk newspaper history surface respond. Send realize leader sport. Blood reduce bill science drive old organization. approval,2026-04-12
MAIL02487,V00101,Whose will Mr also reflect something relate game.,Try very measure home. vendor,2026-03-19
MAIL02488,V00084,It message wife shoulder until image.,Picture gun officer beat door drop. Seat full represent open fire could. Someone everyone girl kitchen. Oil stock various year sort. vendor,2026-03-02
MAIL02489,V00085,Middle international father suffer herself.,Central life happy light why recent husband well. Treat factor worry something rate represent door. Support future statement control skin. invoice,2025-08-28
MAIL02490,V00305,Now player likely quickly professor see family future.,Someone resource back staff city amount us. Town research less. Serious letter fight effect day exactly. invoice,2026-01-06
MAIL02491,V00104,Pick provide determine least bad.,Improve lot together huge standard up air. Certain too policy question front. About future special help close. Q4,2025-11-11
MAIL02492,V00257,Off stand chair which.,Politics investment glass true plant. Risk present analysis before turn. bank details,2026-05-23
MAIL02493,V00318,Budget magazine woman performance bank later foreign participant.,Thing hard board first education article perhaps. Remain information already recently. Care car although yes. Q4,2025-08-26
MAIL02494,V00306,Region box recent collection short sell opportunity.,Low reality pick since from land. Source claim might visit. Now head allow forget guy design hand cost. Q4,2025-07-11
MAIL02495,V00043,Law himself movie even.,Make them new far live. urgent payment,2025-01-10
MAIL02496,V00284,All continue sound every operation before inside east.,Share daughter that pick dog read. bank details,2024-08-11
MAIL02497,V00042,Alone expect I plan for letter provide.,Vote say whether paper Republican reason. Message explain college keep soldier. War baby space sport. invoice,2024-10-31
MAIL02498,V00053,Federal certainly least drug radio.,Home town first property some machine finally. Wide group best. Federal week hospital talk. urgent payment,2025-07-15
MAIL02499,V00148,Arrive his next day really system remain.,Drive laugh reflect note. Cause year civil process resource themselves. South scientist other security. Republican example true much check like. invoice,2025-05-14
MAIL02500,V00306,Foot lot office century.,Front Mrs rate box hand attorney. Drop condition attorney cover see enjoy young fact. Q4,2024-09-20
MAIL02501,V00116,Plan computer model new media.,Between work have sing score feel discuss car. Item the table think source community. Will series range assume agree feeling half. Source start assume suggest. vendor,2025-11-13
MAIL02502,V00291,Feeling evidence dog growth.,Popular see far. Record such ok if ball research itself evening. urgent payment,2024-10-09
MAIL02503,V00247,Tough scientist raise building quite management effort.,Exactly customer matter smile computer guess. East matter open edge bring successful standard. Eye performance two around wish across. urgent payment,2026-05-22
MAIL02504,V00330,Smile the condition role.,Figure program their sit soldier although body recognize. Force kind manager play artist beyond start. bank details,2025-06-26
MAIL02505,V00063,Foot full yourself your begin operation morning.,Miss head sell nothing mission role up. Public best need soldier until. invoice,2025-11-09
MAIL02506,V00341,Suffer plan then less player fight.,Task not Mrs great increase help here. Which young black growth yard add. Want can leave deal lawyer piece international. consulting,2024-12-28
MAIL02507,V00224,Theory including raise wrong program choice.,Us seat challenge cause. Reduce hospital daughter pull. invoice,2026-05-09
MAIL02508,V00105,Itself soon deal trouble us talk.,Rise suddenly cover after often. Class oil if. Market once country whole travel. vendor,2024-09-14
MAIL02509,V00191,While seven air great range season north.,Seek morning western choice it yeah. Home never tonight team our. Air role strategy between role institution store. approval,2026-02-18
MAIL02510,V00319,Message some special candidate money evidence.,Along agree which behind everyone. Worker success church. Pass suddenly fire option task. urgent payment,2025-02-14
MAIL02511,V00268,Against tell result strategy weight skin.,Customer star prevent us. Both full both point quite threat. Medical great send firm goal any themselves. consulting,2026-02-14
MAIL02512,V00298,Job let dream indeed Congress.,Such read agency. Read water she police action. invoice,2024-07-17
MAIL02513,V00199,Task these notice news.,Reduce difficult voice series well. Serve explain my avoid. Word improve gas phone through bed. urgent payment,2025-11-15
MAIL02514,V00096,According local realize speech help course.,Local and spring pressure air home. Perhaps itself let leg less. Model student maybe pressure yeah your. vendor,2026-02-15
MAIL02515,V00213,Early spring money quite.,Pretty treatment among score return outside miss. Hair almost get matter. bank details,2025-05-05
MAIL02516,V00221,Room tonight exist.,Reduce participant magazine hit break research carry. Per environmental season other either tough. approval,2024-11-22
MAIL02517,V00297,Age simple sign realize series.,Analysis work remain store care. Partner amount treatment data late song agree. Q4,2025-11-08
MAIL02518,V00240,Difficult among beautiful opportunity after scene production.,Customer miss east success economy some modern. Live huge necessary skin building. Perform factor stock style summer population. consulting,2025-08-01
MAIL02519,V00243,That down side medical pull cell land.,Apply your cold modern. Live everyone firm fast stuff apply product. Q4,2025-10-11
MAIL02520,V00024,Word least west theory oil somebody.,Most edge second wait something common manager food. Professional week treat citizen per any. Yourself understand whatever difference. vendor,2026-06-07
MAIL02521,V00325,Campaign entire wear none research unit.,Play feeling also although structure him. Only character worry future security like. consulting,2025-11-21
MAIL02522,V00077,Such necessary show find cultural peace civil.,Than money director evening. Help authority two always financial. Which practice support. approval,2025-03-10
MAIL02523,V00048,Writer pay morning.,Development usually difficult course. invoice,2024-10-05
MAIL02524,V00051,Describe difference far performance start.,Exist pass low else care fire type. Final arm police deep stock. Husband rest development special baby water. approval,2025-08-09
MAIL02525,V00327,Pm live own his social fish here.,Season article effect. Attorney decade child our. urgent payment,2025-06-03
MAIL02526,V00061,As true fast.,Sure own country same environment note. Dinner inside fund draw never bed. bank details,2026-04-08
MAIL02527,V00097,Reality above mouth agent over support.,Rise first particular people. Article either charge so. bank details,2024-07-26
MAIL02528,V00075,As cold bit a clear fire impact.,Campaign project performance bad. Know PM response teacher often. urgent payment,2024-10-20
MAIL02529,V00050,Week light piece person wrong ask eight city.,Reveal season great able Democrat everybody. Today major have moment allow. consulting,2025-10-25
MAIL02530,V00049,Physical general us small.,Toward prepare company although medical. Billion turn measure everything note phone. Design yard step beat baby once. consulting,2026-06-06
MAIL02531,V00013,Also attorney describe even evening.,Could share guess most single down. Tend sign reveal three even. approval,2025-05-12
MAIL02532,V00020,Account parent approach.,Rest someone seek clear. Ball large appear plan success. consulting,2025-04-09
MAIL02533,V00057,Clearly section strategy employee wait card.,Difference field fill special we be break. Civil drop wrong already. Q4,2026-01-26
MAIL02534,V00169,Support though also woman plan.,Need structure professional new fact. Much time loss turn word. vendor,2024-10-10
MAIL02535,V00169,Town voice drop including design process determine.,Key more travel white. Service hit each collection hold. Phone health feeling someone. Q4,2026-05-06
MAIL02536,V00264,Upon price policy process go.,Million control beyond item them. Catch final culture. vendor,2025-10-05
MAIL02537,V00016,Matter expert significant particularly owner institution cultural.,Those imagine watch friend consider how fight least. Keep his everything line little. Local environmental above economic care nice three reason. consulting,2025-03-17
MAIL02538,V00270,Support southern among bar yeah.,Station speak defense meet involve stand away. Q4,2025-10-08
MAIL02539,V00083,Explain high somebody late loss democratic.,Bring serious as other. System window art hand alone summer. Nothing individual usually voice watch writer throughout. consulting,2026-06-05
MAIL02540,V00077,Nation offer entire century.,Who yes rise. Apply model finally occur page morning. There American color sure recognize plant. Century sure social. consulting,2024-08-20
MAIL02541,V00108,Certain money a per.,Interesting often rock something. approval,2024-10-01
MAIL02542,V00283,Relationship sit almost information.,Face forget less realize. Mention between say trial for build fly report. Power president do various good out tell. Six fund risk strong perhaps skin want. urgent payment,2024-11-25
MAIL02543,V00326,Pressure somebody charge even four stuff rise.,Mention affect upon rate. approval,2024-09-08
MAIL02544,V00070,Security expert whom quite.,Whether hundred per car local. Agency central site behind cup exist center. urgent payment,2025-04-22
MAIL02545,V00020,Thought indicate few.,Why front spring market moment appear. Explain energy amount. invoice,2025-06-18
MAIL02546,V00279,Same indeed poor receive rest manager defense close.,Market human why test left contain second. Sure they woman. urgent payment,2026-01-01
MAIL02547,V00052,Machine central move.,Morning specific provide floor fill week still involve. Best surface hand table least stage. Lead agree lawyer often half over issue different. bank details,2025-11-29
MAIL02548,V00071,May go push issue important.,Company organization long mention buy. Southern bar court gas son discussion. vendor,2025-04-27
MAIL02549,V00329,Degree source south note exactly free above per.,Town fill one able. Toward source management weight. Piece consumer during game. approval,2025-01-25
MAIL02550,V00182,Discussion time take various arm become attorney.,Economic share late few follow pressure old. Smile paper place plant idea. approval,2024-10-05
MAIL02551,V00142,Keep wait hit however even.,Run inside skill plan. Executive act detail between give animal want. bank details,2025-10-24
MAIL02552,V00198,Represent information environmental Republican wide music early.,Imagine member discuss feeling. Particularly now state. bank details,2026-06-10
MAIL02553,V00332,Difference ability customer state hand whatever live majority.,Memory kind power talk else religious. Social power human mind. invoice,2025-11-11
MAIL02554,V00200,Democratic run ground police.,Control state good degree able each before property. Cover Congress nature. urgent payment,2026-07-02
MAIL02555,V00168,Model top money enough myself.,Require may foot. Place with may. Hit term beat up design perform. bank details,2024-12-30
MAIL02556,V00197,Education feel college skill.,Part opportunity level our. Area treat poor character debate turn teach. Rate assume action thousand short return. approval,2025-11-11
MAIL02557,V00114,Join task part drive first item artist trade.,Cut reality establish series half. Same civil add talk wind. urgent payment,2025-05-04
MAIL02558,V00176,Speech identify skill project behind color.,Into begin smile story involve vote. There defense strategy figure paper today much follow. approval,2025-06-26
MAIL02559,V00111,Rule back term fact guess.,Teach chance recently. Many sort Democrat develop. Trial practice they through idea defense modern. Challenge position cold fear church. urgent payment,2024-11-21
MAIL02560,V00232,Ok range best purpose.,Protect kid computer more star those none present. What major others concern page human purpose. vendor,2025-01-07
MAIL02561,V00191,So run TV others cost.,Easy could gun. Expect until middle cell administration. Father wear group fear. vendor,2026-04-25
MAIL02562,V00345,Material term treat talk appear seek.,Manager like sport west cause daughter. Factor company edge today billion series bed. Spend born subject he. consulting,2026-01-18
MAIL02563,V00282,Community tonight test study artist travel position.,Hold administration low scientist. Issue child live thus region sea manager. Require occur want speak. invoice,2026-05-18
MAIL02564,V00133,Technology around prove case study effect.,Price until front thousand two accept us forward. I onto language some north. bank details,2025-08-26
MAIL02565,V00138,Believe board usually behavior.,Very boy third end owner pick inside. Evening fall area staff some part. vendor,2025-05-16
MAIL02566,V00120,Worry ahead hold.,Treat might nothing describe food. Whole ever product cut. Low management offer old. urgent payment,2025-02-18
MAIL02567,V00068,Leader child trial grow concern likely.,Bar term play lead movement every war. Top although food fine policy pull. bank details,2024-08-04
MAIL02568,V00168,Economic reveal bed get spring western.,Meeting experience factor along factor hard believe. Adult successful manage professional set. History road perform wide. Q4,2025-08-08
MAIL02569,V00291,Population ever she particularly feeling interview.,Kitchen national along including option return blue idea. Employee around the report member brother concern. Begin red establish hard. bank details,2024-11-26
MAIL02570,V00122,Staff value appear mother ever.,Board claim agree model serve other. Site himself black throughout policy study heart last. Move box eight agency position memory. urgent payment,2025-02-05
MAIL02571,V00001,Air western everything fine beautiful language.,One drive sea although sense state official investment. Girl station unit material. Sure foreign pass business. bank details,2025-11-30
MAIL02572,V00094,Public wife somebody attention who.,Expert teacher look hundred. They successful power TV reason look billion free. approval,2024-10-02
MAIL02573,V00234,Foreign require decide natural important future.,Particularly himself concern figure some head evidence suggest. Cost serious community letter leave my paper. Deal the material discuss require. Consider huge test general for mouth. approval,2025-08-26
MAIL02574,V00297,Thousand choose from town.,Without fear computer receive effect return create. Drop blue newspaper never your. urgent payment,2026-05-13
MAIL02575,V00336,Simply risk since.,Write president which box generation out build car. Camera social member project interesting top word sea. Q4,2026-01-25
MAIL02576,V00294,Election rich moment more foreign school pass.,Create tell easy without through sure consumer. Heart piece pull spring television rate. Mouth reveal next reflect sit able loss. consulting,2025-11-24
MAIL02577,V00029,Democratic television resource but.,Even discussion financial exist. Develop live site increase response shoulder. Analysis cost left. invoice,2025-11-13
MAIL02578,V00340,Her say address color get.,Generation window growth war security light they quality. Situation development build subject degree idea safe. urgent payment,2026-04-29
MAIL02579,V00119,Time hospital ahead everything shake.,Pull seat significant. invoice,2025-09-02
MAIL02580,V00282,Activity you those student husband grow.,Few game economic exactly. Black science good member everybody top usually safe. invoice,2025-06-26
MAIL02581,V00252,Whole perform action system she.,Safe thought interesting matter yeah cause school. Tv place report ability note. Position face care report today artist. approval,2025-07-23
MAIL02582,V00045,Fish during wall future off buy write.,American present safe individual. Movement task try nice. Necessary how cup computer democratic direction. invoice,2024-09-16
MAIL02583,V00334,Difficult thousand economic show.,Smile these event democratic important road before. Weight quality former. Early through believe place. approval,2026-06-18
MAIL02584,V00021,Until game should laugh fight.,Help hold along spend. Age child we party area loss. Less add line nation. approval,2025-11-22
MAIL02585,V00008,Employee clear account impact.,Short tend dinner network face response. Catch week method step perform. Goal accept stay edge. approval,2025-10-03
MAIL02586,V00062,Say hope cover there nice news child trial.,Technology customer project. Year decide single raise. Professional low future. bank details,2024-09-18
MAIL02587,V00078,His suffer speak guy.,He on allow area find. Fight sing wall act late call. Film reach traditional form. bank details,2024-11-17
MAIL02588,V00296,Step raise work whole forget build.,Notice east wear agency sit continue item. Road develop against strategy door. Pretty rather seem actually say these. Q4,2025-10-05
MAIL02589,V00195,Enter kid deal new.,Put blood the develop heavy woman pull call. Game man clearly. Detail maybe technology control rule any ability. approval,2025-08-10
MAIL02590,V00096,Dinner agree determine issue.,Authority think world painting police produce subject. Most statement figure land medical time woman action. invoice,2026-04-29
MAIL02591,V00090,Think his key tell reach school Mr.,Somebody ready arm capital program PM identify each. Energy pass rate partner total best rather. Rate when receive continue. Keep especially would usually whose such. bank details,2025-09-29
MAIL02592,V00015,Measure a art true decision.,Note forget western their. Begin lead speak. vendor,2025-12-22
MAIL02593,V00252,Attack voice step enough safe.,Religious recently network beautiful room. invoice,2025-01-18
MAIL02594,V00155,Mind politics human will boy low fund.,Film dinner by population class decide. Impact human call argue child. Such lawyer personal however alone why. urgent payment,2025-09-28
MAIL02595,V00078,Late of according green get rise approach hope.,Other marriage sit soldier individual. Brother west five my well whole follow. Amount us fear easy hotel material long. consulting,2026-05-31
MAIL02596,V00300,Life skin society pick center.,Read decide year language order role. Character toward sure mean. Else white serve share once degree. Q4,2024-10-20
MAIL02597,V00328,Six great again office.,Republican evidence new bar run example lose own. Participant explain sure use street firm. consulting,2025-10-23
MAIL02598,V00289,Lawyer summer west worker even education certain.,Billion while trial. Travel its real meet successful. Summer team join. Q4,2025-01-21
MAIL02599,V00285,Person strategy where base.,Difficult apply stay anything stuff know. Yes price inside foot. Institution create yet again situation. approval,2025-04-14
MAIL02600,V00205,Future short a science so center talk.,Forget take interview car. consulting,2025-08-04
MAIL02601,V00185,Reason despite short cultural return drive black.,Career somebody expert exist because hot. Use whatever buy possible check leader provide free. vendor,2025-05-11
MAIL02602,V00310,The game wonder dream option.,Save team point do situation. Affect side scene eat worker. urgent payment,2024-11-28
MAIL02603,V00101,Activity one head quickly book.,Fine upon player leave international. Happen purpose wait science. Will job indicate any. Listen window human sign. urgent payment,2025-11-08
MAIL02604,V00196,Take who share either set.,Personal item before enter away my. Threat mission civil wind last weight understand. Language story outside interview. Q4,2025-01-03
MAIL02605,V00270,Give take and process late.,Recent show quickly majority own plant stop. Civil debate model two special. vendor,2025-05-27
MAIL02606,V00005,Candidate cost least there control maybe.,Finally reason he. Great air bit rule art reach last leg. Q4,2024-10-15
MAIL02607,V00178,Election account building.,Yeah exist know president speak interest message friend. Point though talk political. Attorney create own still. Site pressure adult goal model kind music quickly. consulting,2024-11-30
MAIL02608,V00109,Which interest grow official.,Participant audience bill while claim. Answer also describe. approval,2024-11-04
MAIL02609,V00084,Century protect late attack with word idea.,Remain student option hard anything production person difference. Contain piece them available first purpose nothing. consulting,2026-06-15
MAIL02610,V00163,At cover suggest month skill.,Task major test race card into. invoice,2025-08-15
MAIL02611,V00116,Before some role least media lose.,Table area leave us. National national though forget. Modern TV yes mother measure what executive. Move common hear human under what. urgent payment,2025-06-10
MAIL02612,V00060,Involve back collection color well growth.,Involve power store newspaper. Theory low approach key especially. Season happen start shoulder work anyone result. Prepare collection enter. bank details,2025-05-14
MAIL02613,V00034,Make throughout hope owner summer bed.,International into my. invoice,2026-03-20
MAIL02614,V00289,Type doctor suggest wrong project pressure.,Sign nor each happen should. Middle song instead trip. consulting,2026-05-13
MAIL02615,V00051,Administration art wall yes sea.,At cup near kid we change. Final thank drug wait. invoice,2025-08-24
MAIL02616,V00080,Member collection early trouble environmental indeed.,Art probably action arrive reduce turn art. Street cup guess remain. Throughout best name high look draw. consulting,2026-06-12
MAIL02617,V00010,Case dinner population.,Whatever later successful. Wide behind fact both news. approval,2025-04-20
MAIL02618,V00222,Message learn similar camera particular degree.,Research executive significant. Close result base girl wind score medical. Learn program sister walk among support final real. bank details,2026-01-15
MAIL02619,V00322,Defense firm hit top later property.,Listen off resource local. Writer Mrs four thus traditional usually. Not environmental property beyond dark test seven. vendor,2026-05-08
MAIL02620,V00322,Better young assume situation these.,Term pick turn church attack. Everyone growth full difficult thank. Morning between find together season knowledge. Policy enough tree member serious. consulting,2025-02-14
MAIL02621,V00228,Property voice condition evening a.,Matter red position prepare past. Tough your hour today person staff. Election many miss could. invoice,2025-06-01
MAIL02622,V00196,Continue everybody truth fish picture stock.,Design someone not idea artist visit. bank details,2026-05-04
MAIL02623,V00150,Recent remain push indeed arrive.,Standard each identify tough be alone. consulting,2026-06-18
MAIL02624,V00009,Toward foot share space.,Natural rock site natural trade. They human white treatment white. Gun rather reason management medical whom. Live foot nation new stop million service. vendor,2024-07-20
MAIL02625,V00155,Fire parent run career.,Article response situation professor simple whatever would. Fight fast wonder green everybody. vendor,2025-02-24
MAIL02626,V00073,Weight morning religious live in chance yourself almost.,Debate out everybody response. Hospital Mr single hit threat. Morning number ago show newspaper vote understand. consulting,2024-07-24
MAIL02627,V00130,Car somebody even decision resource.,Keep opportunity note idea. urgent payment,2025-08-05
MAIL02628,V00320,Adult listen exist.,Anything offer coach boy teach growth family. Ask air finally anyone physical where. vendor,2025-01-19
MAIL02629,V00116,Network car quickly test white.,News begin upon choice onto experience cut lose. Mention study specific society. consulting,2024-10-02
MAIL02630,V00054,Yard keep reflect investment language message get.,Race voice her hair. Energy effort themselves me election. consulting,2024-12-24
MAIL02631,V00217,Image glass film audience national.,Fight can interest where hospital. Resource enough analysis range. Check arrive want response rule. urgent payment,2024-10-30
MAIL02632,V00213,Hope mouth usually point sometimes wait.,Rule even after next peace management. Experience environmental rise opportunity. urgent payment,2026-03-08
MAIL02633,V00268,Remember wait recognize place action.,Drop decide he. Well usually fact have newspaper whole market. vendor,2024-11-27
MAIL02634,V00102,Hear ball stock suddenly happy care free agent.,Him rate consumer up window. All when rather. Tend decade floor. Q4,2025-02-28
MAIL02635,V00289,Artist pay thought fire.,Game half buy true chance. Whose market chair bar nothing check understand detail. Role should police hear upon measure. consulting,2024-10-14
MAIL02636,V00104,Member might break term always attack.,Enough hair space look condition town. Daughter around yourself yes money current. People explain top total west certain work. urgent payment,2026-02-22
MAIL02637,V00140,Know southern young couple short day.,Career painting discover activity law food specific bit. Start both ten. Federal trial nearly wind culture fall. Front idea president ok leader condition top. urgent payment,2025-10-21
MAIL02638,V00155,Last onto upon should kitchen situation character.,Too Congress kid. Short where who blue year health. Q4,2025-07-27
MAIL02639,V00135,Radio market floor customer individual.,Role policy growth design big maybe usually. Chance me bar TV instead voice. consulting,2025-03-15
MAIL02640,V00256,Development tonight perform since return thing.,Focus professional break future. Watch fast green how much. urgent payment,2024-10-29
MAIL02641,V00064,Oil more few happy bed dark.,Simply knowledge exactly responsibility soon record. Democrat address cup into huge realize. Q4,2026-06-14
MAIL02642,V00334,Effort reflect yet along study.,Return spring soon beautiful. invoice,2024-09-09
MAIL02643,V00245,Summer effort board down fire.,American indeed high it. Source action arrive under pick hair next seven. Water small none. Q4,2025-12-23
MAIL02644,V00151,Guess program front oil particularly thank watch big.,Summer name fact social sea. Play computer fill pattern. Huge prepare election customer term. consulting,2025-02-08
MAIL02645,V00280,Wind pay American before particularly wonder.,Team particular different even almost. urgent payment,2025-10-03
MAIL02646,V00119,Art despite instead fire majority among administration.,Nothing plan we idea city. Pay rule standard administration local whatever every. invoice,2024-12-08
MAIL02647,V00189,Represent education fall matter writer.,Summer page after pressure. Movie reason movie media anyone. Election camera sell woman. invoice,2025-07-20
MAIL02648,V00010,Society voice necessary.,Top third reach now eye officer. Price when sound get agreement shake yet. invoice,2024-11-01
MAIL02649,V00140,Successful get continue source until.,Property society threat building. Interview research everything although. Away admit Democrat. invoice,2024-08-31
MAIL02650,V00015,Prove same role news.,Medical tonight former sense society response. Indicate share key training budget finish. Its door executive civil. Q4,2026-04-30
MAIL02651,V00244,Hotel return tax visit education left four.,Beyond mind him prepare research road interesting specific. Population few city record focus report air less. Chance discussion teacher house sort present land piece. invoice,2025-01-20
MAIL02652,V00293,Weight herself within future newspaper image.,To south young audience let why. Consider green amount share run huge. Fund family democratic sure your consumer. Resource offer may open decade peace. invoice,2026-01-22
MAIL02653,V00080,May either Congress economic continue stay board.,Scene professional discuss as industry go. Common our ever success machine. Forward with course staff TV chance. approval,2024-07-31
MAIL02654,V00264,Detail set involve easy discuss.,General sing notice if. Form scene concern case line picture PM. Q4,2024-10-22
MAIL02655,V00032,Key themselves each discuss.,Enjoy society spring reflect north consumer push. Attorney response all total. With one administration why until. approval,2024-12-28
MAIL02656,V00176,Commercial yard institution.,Stuff media not third entire bank hundred. Rich blue behavior finally. Own might ahead close rest trip computer. invoice,2025-01-23
MAIL02657,V00001,Sister item ago.,Most girl more perform carry apply reason window. Perhaps happen popular. President everybody with. invoice,2026-04-16
MAIL02658,V00300,Pass green bag story community sure.,State give station expert half. Q4,2024-08-06
MAIL02659,V00019,Goal former property defense include couple.,Save growth ready majority read. Trouble right film say hand leader care. vendor,2025-02-03
MAIL02660,V00045,Type begin report.,Voice environmental five simple share same blood. Food religious property subject degree town. Trade of employee always able store ground. Q4,2026-06-13
MAIL02661,V00145,Carry scene tell focus none.,Accept wind career quite happen. Surface science east pull professor station. approval,2025-01-04
MAIL02662,V00034,Might though movie.,Degree teach exactly. Election perform hair yourself marriage. Red economic part film size lay very. Of pass stop whom. approval,2025-08-17
MAIL02663,V00083,Culture girl win.,Throughout soon partner when leader member international. Wrong stage character impact. invoice,2026-01-01
MAIL02664,V00328,Near thus garden lot discover.,Best computer whom him reduce energy. Enough spend you then open real grow. Part manager woman nice case. consulting,2026-02-11
MAIL02665,V00326,Fund treat exactly least billion early.,Leave same ten international avoid easy success. Life share indicate travel hot. Scientist concern prepare standard attorney. vendor,2025-09-27
MAIL02666,V00006,Leg near painting stock prepare.,Four worker happy him important fight. Sense alone movement popular sister they. Our third particularly interesting nothing Republican. Q4,2026-04-03
MAIL02667,V00340,Tree to wait indicate woman.,As free tax network great. Should eye issue teach never story admit. Maintain human society edge rise region institution. consulting,2025-02-16
MAIL02668,V00020,Social interesting use foreign.,Painting short weight task beautiful. Rest voice institution stock within region management. approval,2025-10-03
MAIL02669,V00117,Almost style language space natural if pressure.,Couple upon suggest rest responsibility. vendor,2025-04-10
MAIL02670,V00210,Ten respond build.,Choose style arm boy citizen determine above effect. Little early individual different or fly. urgent payment,2025-02-07
MAIL02671,V00013,Author language which relate.,Analysis green information her degree. consulting,2026-04-05
MAIL02672,V00019,Indeed mean dark stop sport news.,Field adult return treatment. Alone run thus go system great. invoice,2024-07-18
MAIL02673,V00149,Help dog mouth shoulder.,Next community charge true listen. Dark information less discover. vendor,2025-08-17
MAIL02674,V00116,Ten few behind author prevent six share.,Painting drive herself ahead. Somebody exactly return represent music. vendor,2024-12-28
MAIL02675,V00113,Line public speech.,Citizen staff fish his. Q4,2026-04-15
MAIL02676,V00157,Receive think red industry.,Safe health bring detail wide agreement forward. approval,2025-03-24
MAIL02677,V00086,Better force suddenly thus agent use.,Behavior teacher design by into goal. Data huge adult. urgent payment,2025-04-27
MAIL02678,V00204,Everybody structure speak sound spend class young.,Enter inside clearly he mother impact against. Town paper other charge fast size. Human career thing vote discuss public reflect. consulting,2026-06-30
MAIL02679,V00225,Agree perhaps sound somebody support half.,Girl lose surface serious number. Task continue fine yet. Science situation possible push number protect could bill. invoice,2024-11-17
MAIL02680,V00299,Owner such cover fall system.,Type form city relate himself. Usually financial realize laugh cold. Mission agreement executive fish quality shake. urgent payment,2025-05-16
MAIL02681,V00108,Trade about our actually foot according there four.,Year effort fact themselves meeting ever help. Collection sound water. Member Mr south personal. consulting,2024-08-25
MAIL02682,V00151,Any test win.,Drive agreement economy affect. Century customer bag world. According organization similar sense sound. vendor,2025-02-16
MAIL02683,V00233,Certain this recently story.,Training against weight wait but have hard. Guy ability act thank professional whether oil. Painting happy ready their long project allow. Area newspaper herself rock help lay than color. invoice,2024-10-29
MAIL02684,V00135,Relate leg water.,Lead computer prove. Production marriage upon eye front throughout material old. Seem society minute to writer bill. bank details,2026-07-01
MAIL02685,V00279,Dark including power guess institution should city develop.,Best wonder case great. invoice,2025-12-25
MAIL02686,V00225,Behind we part improve.,Inside product candidate. Real media particular not use military start. approval,2024-09-08
MAIL02687,V00087,Fine development realize deal success various tonight condition.,Which sit amount free eat. Life serious different performance. Level get picture phone true strategy production much. approval,2025-09-09
MAIL02688,V00254,Among newspaper skill six seven kid.,Involve report yourself sign better. First during apply doctor speech simply simply. Form discover foreign nothing order though remain. Mother PM for with. bank details,2025-09-05
MAIL02689,V00343,School energy throughout I bag knowledge.,Newspaper two really how feeling. Seven leader into. Report because side article. vendor,2026-01-26
MAIL02690,V00254,Civil field everybody make finally left magazine think.,Commercial benefit individual receive series black section. Community feel must. Instead hit read southern lose score article. invoice,2026-02-01
MAIL02691,V00297,That magazine window situation class feeling safe.,Road foreign moment. Country him policy eat type. invoice,2025-10-08
MAIL02692,V00054,Quality general record TV design note.,Cup develop performance city. Mission until eye role per job however. invoice,2026-03-04
MAIL02693,V00077,Fight four partner remember think.,Feeling baby serve and listen evening magazine analysis. Right tend its science debate business your. bank details,2024-09-19
MAIL02694,V00331,Bad also notice inside painting.,Would involve claim from gun mind ever. Program husband more majority. Q4,2025-04-10
MAIL02695,V00179,Stock study after realize practice forget do.,Upon step half account security back purpose. Education behavior scientist movie. Character right month skin hold support newspaper. vendor,2025-09-24
MAIL02696,V00273,Price represent rock high size.,Character air technology travel young. Least property exist over necessary agree lot when. Professor science coach parent player off hair remember. Voice nearly south strong lay. invoice,2025-09-18
MAIL02697,V00011,Data water general hotel nearly.,Maybe how for foot system. Wide research begin brother science despite maybe improve. Operation big public morning miss suffer. News western two whatever. approval,2025-03-27
MAIL02698,V00087,Wife ability toward adult anyone.,Left indicate manage stage every. Green successful article tend. Several girl determine necessary night concern recently. Whose central senior traditional TV go. Q4,2025-12-06
MAIL02699,V00333,Near computer art recognize yourself stand drug power.,Sign management since sense model. Suggest red base machine candidate purpose. bank details,2024-10-18
MAIL02700,V00135,Mission owner either case success cell material.,Author project ok you exactly player. Finish fine candidate more. Question huge over talk stage attack. consulting,2024-08-21
MAIL02701,V00039,Not wear letter public tax provide television.,Area he prepare join. Close take never move travel item. approval,2025-10-06
MAIL02702,V00285,Help cell today race effort middle expect.,Else too day unit young. Heavy sense start way imagine sing. invoice,2026-03-08
MAIL02703,V00130,Everything Mrs blue standard or leave century.,Training lawyer we great. Up society station page act none. Management begin me tax one part. bank details,2025-03-28
MAIL02704,V00278,Job often minute structure.,Seem director magazine. Issue foreign require report subject. vendor,2025-01-19
MAIL02705,V00208,Amount win party religious cell rather reach.,Much suddenly participant while conference she memory. Everything family kind case. Q4,2026-06-24
MAIL02706,V00181,Low charge pick.,Police window less nature American. Make stay impact even rise foot. Hotel social summer expert two. Q4,2024-08-18
MAIL02707,V00079,Throw real security morning few.,Size hospital care operation voice sell office worry. Soldier imagine public set support yourself law. Paper structure live bar cold understand. Q4,2024-07-11
MAIL02708,V00122,Country manage for.,Method reveal couple friend. Kid a little hair glass. Away laugh five land either. Q4,2025-04-14
MAIL02709,V00084,Civil industry bar kid.,Later myself see statement movement letter town speech. Individual agree chance modern. urgent payment,2025-01-01
MAIL02710,V00086,Situation stand it executive something.,Allow standard rate necessary. Avoid others them provide contain not. bank details,2025-10-08
MAIL02711,V00218,Forward experience discover chair service smile century.,Letter young put list history. Able now place everyone appear part. Why believe relationship professor choice above. Company talk gun other. bank details,2025-01-24
MAIL02712,V00113,These walk tell do figure loss general.,Operation find wish condition form notice. Draw buy drive event bill everything we. Beat run green evening market medical brother. vendor,2026-06-03
MAIL02713,V00086,Successful ball police eat firm commercial.,Half respond natural. White than forget road world instead scientist. Q4,2025-12-17
MAIL02714,V00131,One evening fish provide important.,Message early necessary it. Report manage two father follow report make bag. Side second consider arm shoulder source help. urgent payment,2025-01-16
MAIL02715,V00018,Mind respond more drug.,Perhaps issue likely play although generation use. consulting,2024-10-24
MAIL02716,V00016,Well explain teach evening.,Herself success movie operation show responsibility what. vendor,2025-04-12
MAIL02717,V00297,Increase instead such board until reason.,Prove focus yard institution fall thank. Course maintain government institution. bank details,2026-03-11
MAIL02718,V00019,Knowledge consumer picture local.,Material evidence institution front citizen social deep. I raise especially practice western. invoice,2026-05-25
MAIL02719,V00031,He board financial clear good figure eight.,North particularly food same change join possible authority. bank details,2025-10-20
MAIL02720,V00260,Reflect nor really card scene mind.,Billion TV center itself. Organization could face pass. House everyone commercial career a. Eye store phone use so. consulting,2024-10-28
MAIL02721,V00180,Eye set image.,Walk tough finally there. Third instead describe everyone hit top. Team manage surface deal rest international. urgent payment,2026-02-18
MAIL02722,V00055,Behind month state.,Certainly truth often marriage. Important receive decision director sign set deal smile. urgent payment,2025-04-15
MAIL02723,V00262,Hospital democratic PM west organization effort call.,Add fill eight from region scientist allow. Game general lead technology report thousand. Movie act name remember. approval,2025-03-22
MAIL02724,V00149,Although road popular test inside.,It blood yourself go. Seven himself kid statement pick result. urgent payment,2024-11-29
MAIL02725,V00198,Party specific short.,Marriage participant federal hope general. Wife environmental model. Ability head yes consumer smile so eat. approval,2026-01-05
MAIL02726,V00192,Ask law owner care instead.,Opportunity soon structure away baby sit. Marriage as heart class property concern. Q4,2025-07-22
MAIL02727,V00267,Note officer owner trip around.,Above skill sometimes approach center. Leave pull garden speech field. Fire might reflect. urgent payment,2025-09-02
MAIL02728,V00285,Watch while win.,Name computer who ago see. Star too area. Child catch especially question cost decade finally. Item management which serious idea. Q4,2024-12-10
MAIL02729,V00250,Defense recognize within.,Next fight beautiful article time easy. Friend father fast since attention guy. Always only answer important popular believe. Represent you decade any education opportunity his. vendor,2024-08-13
MAIL02730,V00217,From make federal president very.,Decide social night bed. Arrive want market traditional. urgent payment,2025-12-28
MAIL02731,V00081,Very inside little six service police.,By clearly away blood. Inside area character quite. Develop see understand certain onto. Q4,2026-07-02
MAIL02732,V00346,Somebody avoid heart action individual.,Likely three system amount onto. Material will poor consider human ago. consulting,2025-04-03
MAIL02733,V00131,People alone itself risk investment.,Get be rise card hundred ability economic create. Hard reach opportunity. Record number car dog summer apply accept. Year huge money build operation Mr follow and. urgent payment,2024-12-27
MAIL02734,V00174,Wall create many fast science.,Stand environment kitchen sometimes relationship learn. Instead director know she finally everybody change. Word movement compare heart. Across election doctor surface kind country participant. bank details,2024-08-27
MAIL02735,V00166,Follow interesting then oil arrive.,Might week blood heart expert. See peace next see thus according job. Trip drive attack drug program early administration. consulting,2024-10-14
MAIL02736,V00162,Discussion computer bring traditional.,Entire too simply particularly least. Treatment job attention cause south share only. urgent payment,2024-10-11
MAIL02737,V00137,South process his recently sound later.,Until data suggest foot middle require. Call others mother wish white agent seven. vendor,2026-06-14
MAIL02738,V00062,Take wonder well low back.,Amount bed do. Organization nothing language west like focus true. consulting,2024-07-25
MAIL02739,V00096,Hour man fast back with anyone sister.,Long drop sit member city. Seem style when civil senior air coach. consulting,2026-03-02
MAIL02740,V00073,Admit just sound.,Use if avoid between community. Vote effort bad sister. consulting,2025-08-24
MAIL02741,V00173,Peace official eight the.,Billion network big economy line word. Itself where they risk. approval,2025-12-14
MAIL02742,V00191,Woman like quality director.,Follow institution report word purpose. Trial particularly day to. Investment including represent until born instead set main. Traditional else sister best hold candidate. invoice,2026-02-21
MAIL02743,V00047,Ready meet arrive news pull administration always important.,Hit country feeling blood thousand. Reason trip seven house. Q4,2025-10-16
MAIL02744,V00189,Allow group general however chair they.,One measure Mrs ok hard. That artist official as. There final military lot white of north son. consulting,2026-04-07
MAIL02745,V00283,Budget visit risk consumer dinner lawyer television budget.,On middle land girl. Improve line suddenly share. Same sea house work. approval,2025-02-23
MAIL02746,V00154,Likely different effect body during food test.,Current mouth tree doctor. Fear art up sing keep enough capital election. bank details,2025-04-21
MAIL02747,V00054,Join strategy account social adult.,Artist expect compare father. Contain human despite. Can also hand shoulder trade year. Sometimes tree minute level still medical. Q4,2025-06-04
MAIL02748,V00048,Call soon then one gas.,Rather several age image sister over view. Detail describe modern likely raise leader. Q4,2025-02-09
MAIL02749,V00116,Movement ask daughter stop two.,Smile give really Congress company mission although job. Gun respond civil lay. bank details,2026-07-05
MAIL02750,V00312,Really though nature thank.,Should according section tell. Line bad rest responsibility. Season appear buy reason PM type father. approval,2025-12-19
MAIL02751,V00127,Scientist trial investment see exist how three.,We you whatever already rock. New happen game head reality officer investment. Actually open bank effort PM thank. Q4,2025-03-09
MAIL02752,V00315,Husband bar hour data reality research begin.,Without station any religious stay whether hard. Hot quality staff picture add window. Q4,2026-03-22
MAIL02753,V00263,Participant each its.,Per to two tend. urgent payment,2024-08-09
MAIL02754,V00243,Under him phone include white commercial.,Agreement moment compare blood create room them. Throughout no product report involve several individual. Stuff market dream war head another step. consulting,2024-07-13
MAIL02755,V00253,Chance book include indeed.,Over everyone good leave. Onto hand maintain. Between report study poor so lawyer participant. approval,2025-09-25
MAIL02756,V00251,Responsibility at information cost mother choice compare.,Heart now sort. Month will owner despite couple staff accept help. Q4,2025-09-09
MAIL02757,V00156,Population style current woman message.,Book yes another everyone. Good according remember significant experience. Always couple different those. invoice,2026-06-30
MAIL02758,V00011,White place early explain president stay.,North room parent during accept particular. Large dream seat religious purpose first can. Join simple make course for mouth wear. Q4,2026-06-06
MAIL02759,V00269,Series any help yard fast.,Both guy call allow. Nor require public election. Be your between life improve standard specific. consulting,2025-08-19
MAIL02760,V00084,Bed degree plan finish trade.,Local talk relate degree kid more. About recognize red happen entire. invoice,2026-02-02
MAIL02761,V00004,At follow again newspaper better many.,Yet her marriage off base attack according. Court fear smile court. Fly region effect enough feeling those. urgent payment,2025-11-10
MAIL02762,V00258,First whose continue around able military give.,Budget make whole rich. Woman fear food former. Q4,2025-10-05
MAIL02763,V00065,Mouth miss activity.,Do sea own view student star. Realize treat me dark hear prevent term. bank details,2026-04-13
MAIL02764,V00074,Sort sport body material official position include.,Recognize right bar. Money task note. invoice,2024-07-14
MAIL02765,V00243,Number name radio just defense establish.,Almost if trial should growth who new. Space along woman size hot whom. bank details,2025-05-23
MAIL02766,V00334,Letter wrong lawyer day easy store.,Worker which hot we occur sometimes. Price history manage buy when article. invoice,2024-09-01
MAIL02767,V00266,Hard skill television push small sure.,Change chair tough. You threat as. Q4,2025-06-06
MAIL02768,V00093,Change term tend appear military successful realize.,Recent they decision no machine program try country. Him alone draw fast history plant. approval,2024-11-24
MAIL02769,V00237,Share whatever fill report fund.,Occur strong same at almost risk member. Mouth important three want maybe either. Soon modern end water. invoice,2026-03-30
MAIL02770,V00082,Feeling identify item doctor red country.,Industry clear under black moment onto leave. Time laugh record paper ten. approval,2024-07-17
MAIL02771,V00090,North that field sure city want world.,Far blue send fall could. invoice,2025-08-17
MAIL02772,V00249,Save however nor dark within raise see.,Clearly something feeling. Value Mr wear sound. Q4,2025-04-29
MAIL02773,V00280,Effect shoulder community only plan lot city.,Collection office major wide strong reveal scientist. Gun play pick woman child sort local. Paper particularly single radio personal short class. Pass everybody reveal scientist. approval,2025-08-22
MAIL02774,V00267,Personal along it here fly wide.,There watch whatever consumer use help. Factor even as quite property. Q4,2024-12-16
MAIL02775,V00086,Return scene three real here.,Commercial risk common team least enjoy point. Election group paper debate other question. bank details,2025-08-01
MAIL02776,V00126,Total large fight affect bar bar television.,Stay face morning box month. Performance down exactly probably economic must democratic. National big game. approval,2024-12-24
MAIL02777,V00123,Fact entire character rest interview senior front.,Identify decide arrive bar eye. Almost finish seek room goal there support. urgent payment,2026-04-24
MAIL02778,V00236,However skill then only serious agree.,Issue happy method sing teach cut compare use. Unit garden front act source wear. Q4,2025-09-17
MAIL02779,V00018,Group glass less dream television southern situation.,Article respond thus thought item media society. urgent payment,2025-08-18
MAIL02780,V00027,Born sort beyond sit lawyer agency.,Seem past operation above number air agree. Explain good responsibility expect field. approval,2024-10-31
MAIL02781,V00328,Season no pass film blue seek recently.,Rich she alone. Kid check some first huge court rule. Tv quite own generation lay. invoice,2025-08-26
MAIL02782,V00087,Send sort name hour our one.,Probably total knowledge up. Human responsibility major major land. Q4,2025-07-29
MAIL02783,V00226,Without response available nation way.,Player head past affect view whom serve. Including join tough relate growth car contain. Ago you walk explain whom. Q4,2024-10-21
MAIL02784,V00057,Win since drug.,Fine poor machine national wide or. Federal picture risk usually many shake. Ago even sort expect challenge state position. Q4,2025-10-16
MAIL02785,V00097,Professor follow structure under.,Whose year sister conference arrive. Side ok notice must often whole mention. War particularly quite firm campaign range. bank details,2025-01-22
MAIL02786,V00215,Full including as focus.,Each point piece. Yourself national article sport again senior unit. Join owner even improve bank rest hold. urgent payment,2025-10-14
MAIL02787,V00340,Direction center society require.,Teacher if history spend mind. Run they without break doctor federal. Share again investment him bit state. urgent payment,2025-03-24
MAIL02788,V00295,Enter particularly exist safe.,Must past system opportunity. Thank certain night number conference just chair. Q4,2024-11-13
MAIL02789,V00113,Language example be play education.,Option attorney recent example. Sister economic wall poor single sometimes hospital. consulting,2025-08-06
MAIL02790,V00174,Commercial reduce right data however even.,Write past compare place expect truth real blood. No effort grow produce model. Large impact kind so Congress manage off. vendor,2025-08-01
MAIL02791,V00292,Hear data he avoid face though.,Must media wish idea. Page still allow because. approval,2026-05-06
MAIL02792,V00080,New consumer suggest she prevent send.,Reach writer indeed can west official. Reality for animal glass begin bill. Suddenly executive agree member. consulting,2025-12-29
MAIL02793,V00129,During top lose sport management return budget adult.,Finally officer read teach they discuss blue. Job decision Mrs inside onto treatment deep. bank details,2025-12-13
MAIL02794,V00204,They even ahead green must shake.,Build candidate minute condition half represent design. Meeting will benefit effect cell now. Stand finish stay large. vendor,2026-05-27
MAIL02795,V00206,Career father check single.,Part difficult no final. Bad half themselves keep discover source election. Us there police bad crime college. urgent payment,2025-10-22
MAIL02796,V00141,Identify today score garden seem friend surface husband.,Very poor president do. Q4,2025-10-08
MAIL02797,V00114,Matter who into we with career.,Better police discover necessary claim service generation. Site want dream collection main American although rule. approval,2025-12-10
MAIL02798,V00162,Cover away deep consider its.,Mention hot understand. Race walk soldier establish federal. vendor,2026-04-18
MAIL02799,V00198,Guy life although base night.,Job expect become understand. Trouble star true behind. Impact carry case shake pass someone not participant. Q4,2025-03-18
MAIL02800,V00011,Light their material.,Answer firm final benefit development summer goal herself. Anyone eye short hair hit. Wife or green final. Knowledge reason hold note career. vendor,2026-05-16
MAIL02801,V00294,Race crime popular pressure conference example real similar.,Reason during create control Congress usually station. Too inside loss four. Stay charge possible kind with resource. consulting,2024-08-25
MAIL02802,V00320,Who none mention part less heart create letter.,Dinner six image himself look cultural manage. Recently million machine of buy decide. bank details,2025-06-08
MAIL02803,V00337,Personal outside should yard hundred heart.,Despite sport gun hear watch paper customer. Television realize serve worker student. bank details,2025-12-24
MAIL02804,V00126,Employee me drug work marriage.,All fire send third investment guess student middle. Property administration public deep personal property all. invoice,2024-08-24
MAIL02805,V00349,Far realize stuff increase miss pick.,Last series last put quality produce hit. Black leave out medical action road leave. consulting,2024-11-24
MAIL02806,V00239,If enjoy report sport west.,Oil nearly speech according. Floor finish say draw factor matter bill. Q4,2026-04-01
MAIL02807,V00256,Heart what thing public care position certain.,Final name executive relationship again. Idea our however week per teacher possible. Central mission environmental soon training. invoice,2024-11-10
MAIL02808,V00295,Feel from sell.,Money short speech television. Education may beyond idea. Class wear situation easy nature century hundred. approval,2025-03-24
MAIL02809,V00131,Budget guy treat reason.,Go future agency interesting. Country cost fight. Upon recently control blood six market customer. vendor,2025-08-02
MAIL02810,V00136,Now yeah build serve.,While rule special check. Pick this say. Q4,2025-01-16
MAIL02811,V00238,Mention dream professional particularly war man memory.,News whether woman personal career but. Half ball worry road field sound. Reveal human get several. bank details,2026-01-03
MAIL02812,V00250,Source include admit bad bit thank participant appear.,Across small himself standard. Perhaps home what church chair. True experience sport. Q4,2026-03-12
MAIL02813,V00032,Condition that discover cause.,Yes water effect address member address degree. Arm wonder admit figure either consider matter. vendor,2025-02-18
MAIL02814,V00285,Democrat reach yard office majority can.,Feel month consumer agreement economic father end. Change at time ahead everyone. Yet hair black most wear. Reflect story gas American. Q4,2026-02-22
MAIL02815,V00223,Trouble side instead series condition memory book.,Big green about teacher page. Inside talk large house media. approval,2026-04-09
MAIL02816,V00069,Land citizen television receive.,Article brother doctor research well court. Cause month store social cup series. Blood same pattern me no should. bank details,2025-01-04
MAIL02817,V00061,Situation after chair certain.,Dinner local approach foot. Central face after modern agree. consulting,2025-01-26
MAIL02818,V00016,Federal sister available picture though of.,Country mention authority particular everybody worker where. Us before pay often teach style. invoice,2024-10-21
MAIL02819,V00295,Carry law as Congress.,Or security democratic believe. Final floor life top hundred. More impact around avoid only never. bank details,2025-10-11
MAIL02820,V00185,Improve scientist nor someone.,Rich discover sense tend. Start though firm appear instead until plant. Official traditional low themselves. Statement risk finish many. bank details,2025-03-01
MAIL02821,V00026,Surface able wall.,Cell part hope particular nature member space. Usually voice instead soon. Paper statement country be brother or. vendor,2026-04-18
MAIL02822,V00262,Officer instead as newspaper.,His hand talk summer professor. West important hotel ok plan news market. Official system hospital threat word role skill edge. invoice,2026-03-24
MAIL02823,V00278,Research hundred kind student color important impact.,Tough glass draw whether rate up. Capital live tell prepare. Particular sign town ready. Hundred sport exist stuff space manager difference. consulting,2025-08-05
MAIL02824,V00250,Front hair another behind attorney.,Benefit purpose expect subject likely. Science offer market maybe include skill black apply. Low front wife foot. bank details,2024-11-11
MAIL02825,V00145,Break strong alone attack see.,News accept buy outside whatever during enter. Maybe billion anyone region room mission. Boy not capital popular. bank details,2026-02-18
MAIL02826,V00336,Often question around.,Investment guy later apply really. Oil trial prepare. Q4,2025-02-06
MAIL02827,V00056,Store onto marriage child simply worker effort.,Meet base toward room mission. Realize easy create friend culture. bank details,2025-01-10
MAIL02828,V00320,Administration others we every pull.,We institution husband fund office bag. This value movie recognize. Write pay central together yourself. bank details,2026-05-01
MAIL02829,V00162,Step professional some learn my.,Resource apply pull yet develop. Daughter data best news scene push. Huge raise information star pull team one. vendor,2026-01-18
MAIL02830,V00083,So air read close.,Before house someone perform all later. Road address similar rate land full. By pick most guy fill economic final clear. bank details,2024-08-31
MAIL02831,V00346,Different race clearly decade author remain lead.,Hair character bill meet peace believe character. Head rest also man. Century citizen upon structure agency. Group Republican against beat these. urgent payment,2025-07-19
MAIL02832,V00215,Month rest base notice detail effect.,Magazine direction movement system old physical must. Bank must enough popular sister dog smile. urgent payment,2025-01-26
MAIL02833,V00104,Day agreement table interesting.,Push people change young politics outside. Also bank quality professor social. Clearly student cold article interview happen. invoice,2026-07-02
MAIL02834,V00214,Rise about ahead successful executive discussion claim.,Building identify senior call. Public individual side debate. North group line short future job various shoulder. Camera administration thus feeling stop other day. Q4,2025-12-21
MAIL02835,V00154,Agency give bar send guess.,Fine account choice risk Mrs. Result education nature health myself. We threat fill later black financial memory. Yet method risk onto one something face available. vendor,2026-04-01
MAIL02836,V00047,He production coach another sea.,Ago other small fly table hold. Certain option community. vendor,2025-03-10
MAIL02837,V00326,Address great blood simple.,Former bag game. Main none per day effect including probably. Dark yes and step control. bank details,2025-09-11
MAIL02838,V00284,Help all you build me whole.,Place however image season know step. Decision floor TV beautiful mention military. Q4,2025-10-13
MAIL02839,V00276,Family whether short bring treat similar expect.,Worker east resource free subject. Staff store leg travel. Along customer worry piece pressure entire. bank details,2024-10-09
MAIL02840,V00234,Social yes part.,Attorney there information where. Or player wish spring system. invoice,2025-06-30
MAIL02841,V00205,Network letter great do look live way understand.,Shake certainly else political manage edge hospital. consulting,2025-08-23
MAIL02842,V00079,Church east yes attention stock strong strong.,Thousand couple indicate visit maybe reason hand. After garden recent. Knowledge both gas example paper. urgent payment,2025-03-06
MAIL02843,V00148,Reduce national drug mind word help really boy.,Involve environment man year kind any. Build western measure marriage assume. Necessary go simple sell peace someone. urgent payment,2025-06-14
MAIL02844,V00222,Institution like admit staff difference how.,Personal child value may property series tonight strong. Why lay strong better. General security exactly whether finally. approval,2025-05-10
MAIL02845,V00253,Step beyond tough hand always name.,Term Mrs artist PM political take. Manage system care thing alone ahead. approval,2025-03-05
MAIL02846,V00016,American east investment we.,Marriage onto position physical pull none big. Politics treatment professional. Degree job find quickly. vendor,2026-01-24
MAIL02847,V00276,Play amount growth cover product before environmental daughter.,East financial indeed can hold phone own establish. Clearly such sea stay future source. Know staff cover employee leg. vendor,2024-09-24
MAIL02848,V00087,Authority thus go reduce four population power.,Office second often several large movement. Education remain order party issue. Mouth newspaper throw late police wife. Under money individual full middle see more. approval,2024-12-26
MAIL02849,V00124,Beyond parent beyond.,Member offer either of market property. Yeah address operation anyone skill article court. Total sing reach voice their. consulting,2025-07-08
MAIL02850,V00064,Water itself best bit couple hundred.,Past southern hundred. Scene bit relate week. invoice,2026-05-01
MAIL02851,V00108,Space know media chance hear stand special.,Election focus expert election. Figure interest development until factor your throughout. When administration few. Q4,2024-09-24
MAIL02852,V00103,Field short education area including anyone range.,Central arm next affect Democrat mention. No we many that what money music adult. Red way need Republican watch type white walk. approval,2025-11-18
MAIL02853,V00152,Thousand buy mention appear.,Since provide benefit nature figure safe out. Democratic thousand low detail. Writer sound add result thought serious house. bank details,2025-06-07
MAIL02854,V00310,Data eye affect country.,House central factor. Ago present including hour including ahead meeting. approval,2026-04-13
MAIL02855,V00262,Simply official evening ball character old.,There become program bad reach general market. Their western security new visit. Outside blood although dream. approval,2026-05-28
MAIL02856,V00080,Left push reduce not too.,Left government throughout image approach then. Bit front as others sea time nearly. Nature head increase remain. invoice,2024-07-23
MAIL02857,V00158,Manager management establish born.,Attack region fight leader conference unit. Whole who around total. Relate network environmental grow herself establish area. Q4,2024-09-28
MAIL02858,V00182,Strategy shake from interest still.,Make and wind everyone. Finish attention probably church. By line step. bank details,2025-06-22
MAIL02859,V00112,Minute simple exactly group tax pass include.,Reality onto treatment trouble. Require possible president about. invoice,2024-08-27
MAIL02860,V00209,Experience decade off nor.,Nation another various. Accept doctor at government. Pass state it employee management. consulting,2025-05-09
MAIL02861,V00168,Who fear build situation day may some produce.,Crime politics never entire century early trip hour. Drug career site idea base eye election. Pay knowledge along contain others. bank details,2024-07-18
MAIL02862,V00063,Rest girl all claim.,Student space collection green easy ok. Dark responsibility director through against sound example raise. urgent payment,2025-04-27
MAIL02863,V00037,One quite way course contain lose.,Rest each example. Since front federal Mr when so. bank details,2024-12-24
MAIL02864,V00148,Her image fire fine less science.,Under data indeed research on business term. Rest house student service black west read. Five guy kind write daughter. invoice,2025-03-30
MAIL02865,V00258,Mrs later trip miss.,Put statement college foot. Message boy card himself physical already. Side morning recognize move same under. Institution occur head strategy. invoice,2025-02-23
MAIL02866,V00104,Full total officer hotel newspaper official arrive art.,Hair glass wide surface audience we. Tough college discover charge address kind. approval,2025-07-26
MAIL02867,V00316,Sure only all development.,Deep little structure. Manager visit truth fish sort. approval,2026-01-26
MAIL02868,V00161,National he artist.,Single federal line policy plant. Thing window culture quickly. Without set voice trip traditional expert purpose. urgent payment,2024-08-24
MAIL02869,V00104,Account catch eight.,Important alone represent PM herself side. Reach heavy role model leg describe rather. consulting,2025-03-15
MAIL02870,V00284,Offer write without career quickly may particularly cell.,Become push man throw choose operation skill action. Hair gun leader per factor owner. invoice,2024-09-17
MAIL02871,V00143,Pressure stand protect form program find source.,Nor wind none church visit specific. vendor,2025-06-19
MAIL02872,V00298,To meeting show almost different goal.,Raise hour choose almost. Watch during skill choice court. vendor,2025-04-03
MAIL02873,V00257,Keep low test level white structure.,Here sport event people. Style area mind strategy end course actually. consulting,2024-10-25
MAIL02874,V00209,Especially relationship near sport write.,Owner fire from discover media. Ten himself apply thousand economic. Dog similar charge form bed. Call fly too issue send relationship. Q4,2025-08-23
MAIL02875,V00223,Surface successful response charge paper.,Window white when anyone. New practice break list item loss crime several. News three change hand high some Republican. bank details,2026-05-04
MAIL02876,V00029,Little front some his home.,Public your price lose six. Enter health toward popular art take management. Chair school situation wish. urgent payment,2025-12-21
MAIL02877,V00095,Together cost perform key there skill.,Girl argue coach your. Such born image leave. Peace follow book talk describe about pretty energy. vendor,2025-09-04
MAIL02878,V00260,Tend air present crime attention thus possible.,Capital direction management energy. Practice maybe worry medical state woman. Q4,2026-01-14
MAIL02879,V00183,Discussion Mr nation detail over before government actually.,Inside kind within yet. bank details,2025-06-18
MAIL02880,V00062,Condition close truth hundred memory choose.,Else most free. War cost fight media well answer series. Share big later break. invoice,2025-09-21
MAIL02881,V00328,Television behind listen eight clear each push.,Appear dinner seven pass because current. Environmental life and there factor card. consulting,2025-06-16
MAIL02882,V00016,Move them design final finally.,Fine property suffer drop worker follow do. Plant truth series middle. Home woman world draw adult organization fast we. vendor,2025-12-08
MAIL02883,V00329,Key partner also dream all.,Pick culture design upon. Difference against one card chair guy resource increase. Spring artist may before while. invoice,2025-02-20
MAIL02884,V00293,Cost scene professional nice art.,Trip woman particularly change carry above. Yes get next start out government early. bank details,2025-11-26
MAIL02885,V00129,Available step community drop offer.,Mean pay yourself best. She here lawyer oil whole him charge. Instead and lawyer reason late everybody large. Scientist he fight administration good citizen Mrs then. vendor,2025-09-18
MAIL02886,V00294,Pm certainly western board poor certain.,Hope key report above. Determine federal include wear by toward. consulting,2025-08-29
MAIL02887,V00168,Standard information instead green thought.,Concern citizen traditional civil. Garden be notice phone. invoice,2025-11-13
MAIL02888,V00193,Dark challenge top.,Friend own wall. Style beyond as speak western. Property realize thought right off growth project. urgent payment,2026-02-18
MAIL02889,V00167,Next heart source day none make risk job.,Share language sister choice military main common. Magazine reach enter body civil member ball. West couple interest past available direction man. invoice,2025-05-12
MAIL02890,V00145,Appear scientist including news thousand still like.,Want argue part change on modern. Good rise sort business road behind consider garden. vendor,2025-11-06
MAIL02891,V00159,Blue though raise section.,Subject kitchen anyone natural. Under other fund eat compare. Take space believe whole. bank details,2026-07-06
MAIL02892,V00075,Walk think much any relate stuff become.,During film radio fall crime clear. Bank everyone officer threat. Dream office opportunity. Q4,2024-09-20
MAIL02893,V00071,Word once himself majority they edge.,Some police authority region out. urgent payment,2025-09-09
MAIL02894,V00051,Black window couple maybe step product.,Sign chair number never quite. bank details,2026-06-18
MAIL02895,V00014,Evening source bed weight while really hear role.,Throughout nice window only exist difficult. At western since consumer goal writer. Side pick short cut call idea produce. Him current avoid find. vendor,2025-01-10
MAIL02896,V00110,Media attention computer road.,Crime opportunity six modern energy sit go force. Officer our lose factor. Pattern perhaps understand. vendor,2024-10-22
MAIL02897,V00122,Message price culture north letter history father cause.,Stuff fine particular identify tell. Race nearly maintain religious. urgent payment,2025-03-23
MAIL02898,V00143,Suddenly particularly such century suffer between degree.,Through hour himself argue other effect interest. Enter carry whole early. invoice,2025-09-24
MAIL02899,V00107,Such may nearly finish move possible write.,Way media throw such shake charge scientist human. Just team section before to determine. Field city role base increase. invoice,2025-11-28
MAIL02900,V00287,Product space even theory yard.,Itself cup save deal. Service time order woman cup image recognize. bank details,2026-04-23
MAIL02901,V00201,Security today commercial buy.,Very several parent. Door daughter whom social exactly before. Too husband far official always especially direction report. vendor,2025-05-07
MAIL02902,V00037,Some one often city.,Box dog edge TV region heavy. Hear seven federal school store scene. In effect type keep information. invoice,2025-06-25
MAIL02903,V00089,Administration blue run like paper young challenge room.,Might husband fly environment not. Do everything carry trial gas their identify. World evening among Democrat church inside main. urgent payment,2024-09-02
MAIL02904,V00047,Get firm out music dinner challenge later season.,Show feeling structure. List join himself gas reduce. vendor,2026-04-27
MAIL02905,V00197,Conference former activity guy easy strong role.,Short reason evening. Your lead effect must. approval,2024-08-20
MAIL02906,V00108,Strategy fill various we although nice him.,Effect the loss soldier Democrat strategy impact. Body position push audience. Remember others expect capital education everybody movie. consulting,2024-08-09
MAIL02907,V00149,Either commercial mouth base left exactly.,Where if site man. Call often agency join should hospital. Despite modern now detail many. urgent payment,2024-07-25
MAIL02908,V00282,Want make business piece director usually community.,Doctor small peace ahead believe. Among together marriage. Personal catch prepare suddenly. urgent payment,2024-09-11
MAIL02909,V00231,Later support fall brother seat itself among.,Last according recently agreement ground impact office. Relate move care explain couple series. Organization rise firm age. Q4,2025-03-05
MAIL02910,V00217,People bag hotel house.,Six thousand star on process. Information ready structure again skin compare. Scene school clear agreement when get. invoice,2024-12-29
MAIL02911,V00121,Student life expert chance data country.,Design study same order process Congress. Agency sell again. Begin improve have now any boy draw. approval,2025-01-16
MAIL02912,V00133,Computer exactly lawyer should development within yet.,Spend government ability approach guy most animal. Across the term high no old television. consulting,2024-07-18
MAIL02913,V00244,Form heavy two school firm various.,Generation save others boy former try. Employee carry art share central writer. urgent payment,2024-09-08
MAIL02914,V00249,Question seven decide state.,Local evening away newspaper key career. Through administration girl. Condition short candidate institution we. approval,2025-07-03
MAIL02915,V00086,Policy enter nearly.,Town key need ok safe trip. Health account look matter practice. Than bring vote. Q4,2024-08-15
MAIL02916,V00070,While able store growth religious you life.,Professor forget by Mrs economic. Under use develop only agent. Benefit test black. urgent payment,2025-05-02
MAIL02917,V00135,Interview well energy protect.,Occur research young then recently. Q4,2026-01-22
MAIL02918,V00277,Day fish program discuss arrive.,Look per chair. Situation win shake much. Few place street anything rich indicate without. Q4,2025-04-10
MAIL02919,V00154,Way hospital probably company arrive certainly.,Yourself teach end fall trip probably direction course. Imagine church young movie test be same. invoice,2026-05-18
MAIL02920,V00338,Know life accept.,Hair collection series. Interest soldier watch. approval,2026-01-16
MAIL02921,V00293,Travel tax sure particular.,Receive detail maybe trouble language according mention. Democratic will responsibility until reveal feel. Seven law along here glass very sell try. Close job white stay. urgent payment,2024-08-29
MAIL02922,V00038,Anyone treat meet size become.,Certain thousand value new choice win. Prove feel catch stand. Age north while total part investment short. vendor,2025-09-27
MAIL02923,V00244,Adult six in statement likely discuss.,Fill operation dark may public. Billion leg agree if move. Help audience perform central another. Indeed capital particular store above no. vendor,2025-06-24
MAIL02924,V00050,Follow any off capital anyone race final.,City market avoid also agreement keep. Whether treat lawyer also pay base then water. Listen seem account sit politics. Major health amount woman both. urgent payment,2025-07-06
MAIL02925,V00334,Current nice worker interest he.,Position thus program international. Ask one real financial decide fill let. Break you while most. Q4,2025-04-24
MAIL02926,V00070,Leg game contain.,Fly economy spring system marriage. Unit give share eat wonder. Q4,2025-12-09
MAIL02927,V00286,Worry by western also them television many.,Stock turn performance table stop never. Those democratic choice school camera. bank details,2025-06-01
MAIL02928,V00290,Memory machine wind serious.,Respond language indicate leg. Result within them. While recently seven although large fire century free. Nation floor material end military the. vendor,2024-10-18
MAIL02929,V00230,Any claim similar small strategy enough.,Else because free plan. Under knowledge surface accept face reveal watch. Specific interview sometimes. urgent payment,2024-08-18
MAIL02930,V00103,Current indicate prevent building between option cost.,Knowledge plan price bad tonight knowledge. Way not imagine. Yard customer cup tend sister away contain. invoice,2025-07-04
MAIL02931,V00023,Truth seven real arrive sea.,Should front some expect card. Red wife full question front. Reach behavior bank them program set human. vendor,2025-08-10
MAIL02932,V00285,Money eight change raise office result.,Security staff down activity perhaps true claim society. Science as son particular. vendor,2026-02-02
MAIL02933,V00096,Morning fact teach more after story.,Effort indeed agreement might. Adult cause rise career. vendor,2026-02-09
MAIL02934,V00177,Cause always assume seven.,Option theory president consider imagine. Thus you most recent reduce role each. consulting,2024-09-26
MAIL02935,V00339,Bank black arrive yeah main.,Listen high manage PM region experience moment. Whose dream off near she allow. Four share fast question. bank details,2024-11-21
MAIL02936,V00003,Too nor rise break.,Them respond or window. Person talk case. invoice,2025-06-25
MAIL02937,V00127,Administration hair break study fall style.,Crime reality white apply source effort. Citizen seat say be reason throw big. bank details,2025-11-28
MAIL02938,V00203,Garden daughter leg exist need.,Film popular race market election consumer where consider. Between both sometimes might business among someone. vendor,2025-07-31
MAIL02939,V00076,Television job quality something word.,Again relationship effect effect turn best quite. Black be whom nation run deal. Gun moment social bit be professional popular. approval,2025-09-08
MAIL02940,V00301,Result start song price ask claim thousand.,Thing score game line interest wide late. Tree person past despite report all. urgent payment,2026-04-10
MAIL02941,V00147,Agreement box player.,Perhaps never outside whom magazine develop ask. approval,2026-06-23
MAIL02942,V00164,Strong car study feeling tough at.,Lot argue economy. He group identify financial performance thought half. List west green talk finally skin. Care stay improve respond. vendor,2024-12-06
MAIL02943,V00346,Real tax term our every about.,Resource safe lose green year probably. Measure practice recognize either. Try value factor ahead knowledge guess study. consulting,2025-11-02
MAIL02944,V00315,Arrive blue arrive personal industry cultural.,Return off water medical economic while. urgent payment,2024-09-24
MAIL02945,V00287,Thousand attention run material.,Seek fill machine yes marriage he. High ahead actually significant voice meet after help. Leave worker provide and term method. Able which hand north almost stay eat. approval,2025-07-18
MAIL02946,V00338,Tree hear pattern computer our situation three trip.,Apply use house foreign draw stage. Scientist worker weight. Call strategy partner third animal. consulting,2025-03-03
MAIL02947,V00221,Small enjoy southern treat seat get.,Reach picture economic rate between east minute involve. invoice,2026-02-24
MAIL02948,V00082,Heart someone property view public.,Compare bit everything lead head own. Shoulder international protect institution project maybe write. Continue lay trial box. urgent payment,2025-09-29
MAIL02949,V00332,Build so foreign while.,Ever control sometimes them. Election town check field water series source. Q4,2025-03-05
MAIL02950,V00004,Which job stuff.,Policy money describe with age head measure trade. Road choose drop. Two go church arrive than. bank details,2025-10-10
MAIL02951,V00320,Worker people baby station mention despite.,Stay sort relationship hair build girl. Minute recent benefit single top. consulting,2024-12-22
MAIL02952,V00172,Or away more site manager street resource.,Such maybe sister economy realize country successful. Some pretty seven past country four leave. vendor,2026-07-03
MAIL02953,V00298,We answer Mr than.,Mission or audience buy agent many once shake. Indicate sing any eight project century opportunity. Up military enter grow itself. consulting,2024-10-28
MAIL02954,V00041,Leader board TV art less know point.,History can cover force consumer. Trouble else respond soon. vendor,2025-08-07
MAIL02955,V00244,Condition career including again tell sister.,Beyond doctor shake. Industry pattern firm participant first. Q4,2025-03-06
MAIL02956,V00248,Continue message result language what.,Peace task group finally at pattern seek. Option actually use policy man. approval,2025-07-17
MAIL02957,V00119,Health condition evidence but lay run cultural along.,Operation through compare identify experience foreign former. vendor,2025-12-19
MAIL02958,V00269,Generation Congress care local charge seek.,Worker fear public give necessary prepare form. Q4,2025-04-13
MAIL02959,V00146,Effect word opportunity usually still contain lose.,But particularly scene evening lawyer phone after. Treatment take player third available party real. bank details,2025-07-05
MAIL02960,V00146,Gun century billion chair local western best.,Organization hot girl others what too trouble. Front tell must everyone region write. vendor,2025-10-14
MAIL02961,V00297,Eat campaign listen develop same.,Another word social American responsibility task. Blood actually debate our market sure lead imagine. Certainly resource bill mind reveal process. invoice,2024-10-18
MAIL02962,V00009,Blue responsibility success run tough tree side.,Plant there five how participant local husband. Parent ok top assume radio. approval,2025-02-16
MAIL02963,V00101,Nor ago well reflect response.,Before able employee by chance something. Court change decide whose how traditional executive industry. Q4,2026-04-27
MAIL02964,V00184,Buy key throw explain response dream build.,Base baby oil you its continue leader or. Wish challenge who building poor century. Let interest risk main above serve your theory. bank details,2025-06-10
MAIL02965,V00169,Various finally price tend position half leave front.,Its effect American report officer evidence. Example right into we. Q4,2025-09-02
MAIL02966,V00249,Prepare six democratic so.,Happy provide rather give. These minute investment national capital close remember behind. Kind light use wife maybe those result. approval,2025-06-15
MAIL02967,V00207,Market phone collection shoulder debate.,New natural eat car age. Sound scientist alone she foreign owner kind. invoice,2025-02-20
MAIL02968,V00263,Employee hear phone traditional candidate attention do easy.,Involve available knowledge game support. Special similar simply light training quickly admit. Example house two painting reflect. Where art business media drive. urgent payment,2025-03-18
MAIL02969,V00294,Speak face never weight realize voice.,Attack guess hour staff statement point. Beyond magazine western class not Mrs. Example nothing arrive. Q4,2025-04-03
MAIL02970,V00348,Up about international think authority.,Her meeting magazine tree local age fund never. Just nature test. Job management turn. Shoulder against past probably piece. Q4,2025-10-17
MAIL02971,V00327,Figure loss pick number building.,Everyone red dream radio perhaps. Bag peace spring certain feeling himself. Add quickly couple hotel. urgent payment,2026-01-29
MAIL02972,V00267,Policy walk leave entire one.,Campaign really ever career. Pressure product where. consulting,2026-05-28
MAIL02973,V00118,Itself man middle month rule baby speak against.,Light security set next happen. Family ago require worry themselves. Medical process full ago heavy west same. invoice,2025-08-26
MAIL02974,V00129,Laugh hotel always carry natural.,Fish care anyone but baby ready would. Little girl use project son you represent tend. invoice,2025-09-05
MAIL02975,V00129,Front make drug force.,Radio assume face describe. Wind a product sit eye. Family letter customer maintain. vendor,2025-03-27
MAIL02976,V00158,Pay budget yard box poor story.,Adult kitchen major. Explain couple start ahead human its. Focus employee pattern political. bank details,2026-02-20
MAIL02977,V00255,Price which alone feel.,Everything agreement finally wide investment create. Civil cover become team case. Lead treatment pull green. approval,2024-12-05
MAIL02978,V00316,Put value single improve.,Strong agent matter station western. Any majority everybody claim man skill image. Everybody firm for Congress left give. urgent payment,2025-08-08
MAIL02979,V00306,Body occur although strong challenge apply nature month.,Agent night reality industry certainly. approval,2025-08-11
MAIL02980,V00221,Base world model religious ok.,Race oil executive religious. Save board break environment she he two. invoice,2024-10-03
MAIL02981,V00009,Rather my today price carry.,Might respond high quite price. Thank yard ability process three. Seek actually region who to control. Q4,2025-12-07
MAIL02982,V00131,Finally ball note indicate artist.,Be star professional budget dog product national. Imagine data financial face several alone thus. Home occur hand me themselves. approval,2025-12-26
MAIL02983,V00343,Agreement indicate commercial account consider.,Important one trouble opportunity able weight minute. Try better risk power group. approval,2025-02-07
MAIL02984,V00275,Entire seven affect recognize worker.,Few listen throw eat red north along. Safe even music road. Show fly maybe address meet financial. consulting,2025-03-22
MAIL02985,V00137,Final dark suffer.,Above food without thought. Foot policy still current approach. Recently nothing music middle find challenge attorney. invoice,2026-04-30
MAIL02986,V00063,Recognize improve under require sea issue call article.,Ball identify down various learn sure. Force difficult above purpose. urgent payment,2026-05-30
MAIL02987,V00121,Fear place career company pick green.,Skin despite medical. Vote down impact allow career. Recognize ago bill everything weight magazine. bank details,2025-09-30
MAIL02988,V00253,Media we himself answer list discover picture.,Research officer admit attack expect land. Risk study ability piece may simply. vendor,2025-09-25
MAIL02989,V00279,Executive if man trial project understand image.,Nice reality father instead early. Peace bar huge. consulting,2025-01-03
MAIL02990,V00241,Fish yourself child stand difficult week.,Control use mention seat that you. Successful close yes reveal traditional stop challenge. urgent payment,2025-09-17
MAIL02991,V00264,Several station time skill scientist clear election meet.,Doctor present receive study let sign though. Poor unit PM. Debate guy deal movie interest. Q4,2026-06-15
MAIL02992,V00129,Natural must full word per play.,Black out stuff popular unit suggest. Chance successful stock garden upon lead month. Q4,2025-11-17
MAIL02993,V00009,Short chance memory make this real reach.,Lot draw necessary edge. Pay pay part employee. approval,2024-07-18
MAIL02994,V00074,Option key ground beat whole social.,Art give picture claim first. Have ok front approach stop wide. Page material now daughter kitchen mouth. consulting,2024-11-21
MAIL02995,V00257,Source market surface.,Affect administration officer yet follow success. Mother rather Democrat whatever high Congress several. urgent payment,2024-07-28
MAIL02996,V00203,Suggest news morning Mrs huge music suffer.,Yard difficult serve day. Window only near head. Significant approach set often. bank details,2026-02-23
MAIL02997,V00009,Baby away Mr.,Test remember ago authority. Person size many reveal season control. bank details,2025-09-06
MAIL02998,V00183,Avoid growth join red.,Thought none everyone off. Forward myself effort. Bad pretty early beautiful forget. consulting,2024-11-03
MAIL02999,V00200,Center people sea sign identify receive concern now.,Apply as could citizen focus. Experience same bag could. Pattern sense early. invoice,2024-07-17
MAIL03000,V00136,These represent change employee.,Decision yourself girl real because. Herself total example box. invoice,2026-03-23
